ply
format ascii 1.0
comment Created by Blender 2.80 (sub 75) - www.blender.org, source file: 'V1.3.blend'
element vertex 1683
property float x
property float y
property float z
property float nx
property float ny
property float nz
property float s
property float t
property uchar red
property uchar green
property uchar blue
property uchar alpha
element face 574
property list uchar uint vertex_indices
end_header
0.278319 0.018717 1.824207 0.963134 0.026215 0.267678 0.473839 0.248903 185 36 0 255
0.202052 0.000000 1.912919 0.487716 0.258248 0.833888 0.440850 0.244270 185 36 0 255
0.278319 -0.018717 1.824207 0.963134 -0.026215 0.267678 0.473839 0.239636 185 51 0 255
0.047243 0.095247 1.300338 0.517808 0.474990 -0.711478 0.108218 0.491739 145 51 0 255
0.047243 -0.095247 1.300338 0.517808 -0.474990 -0.711478 0.061378 0.468655 145 51 0 255
0.002684 0.000000 1.136635 0.986511 0.000000 -0.163671 0.108218 0.443576 185 86 0 255
0.171637 0.000000 1.287098 0.596515 0.000000 -0.802576 0.363416 0.564528 162 92 92 255
0.047243 -0.095247 1.300338 0.517808 -0.474990 -0.711478 0.398691 0.540951 47 15 15 255
0.047243 0.095247 1.300338 0.517808 0.474990 -0.711478 0.398691 0.588106 47 15 15 255
0.034481 -0.177013 1.341253 -0.610279 -0.739097 -0.285043 0.068238 0.430170 162 92 92 255
0.047243 -0.095247 1.300338 0.517808 -0.474990 -0.711478 0.055265 0.410357 47 15 15 255
0.171637 0.000000 1.287098 0.596515 0.000000 -0.802576 0.068238 0.373140 162 92 92 255
0.278319 -0.018717 1.824207 0.963134 -0.026215 0.267678 0.988122 0.410916 185 51 0 255
0.269486 0.000000 1.725724 0.885861 0.000000 0.463912 0.988122 0.435827 23 0 0 255
0.278319 0.018717 1.824207 0.963134 0.026215 0.267678 0.977750 0.412640 185 36 0 255
0.437312 0.000000 1.512569 0.191290 0.000000 -0.981506 0.561947 0.829547 97 47 47 255
0.530241 0.045487 1.560765 0.124241 0.863124 -0.489395 0.538419 0.810268 162 92 92 255
0.530241 -0.045487 1.560765 0.124241 -0.863124 -0.489395 0.561947 0.801293 162 92 92 255
0.597380 0.000000 1.533257 0.196753 0.000000 -0.980438 0.211984 0.347683 0 0 0 255
0.530241 -0.045487 1.560765 0.124241 -0.863124 -0.489395 0.211984 0.368881 0 0 12 255
0.530241 0.045487 1.560765 0.124241 0.863124 -0.489395 0.190249 0.356919 0 0 12 255
0.171637 0.000000 1.287098 0.596515 0.000000 -0.802576 0.919461 0.590575 162 92 92 255
0.047243 0.095247 1.300338 0.517808 0.474990 -0.711478 0.906488 0.553357 47 15 15 255
0.034481 0.177013 1.341253 -0.610279 0.739097 -0.285043 0.919461 0.533544 162 92 92 255
0.111787 0.160549 1.267177 0.120609 0.572893 -0.810663 0.783404 0.101618 185 124 124 255
0.171637 0.000000 1.287098 0.596515 0.000000 -0.802576 0.805148 0.063422 162 92 92 255
0.034481 0.177013 1.341253 -0.610279 0.739097 -0.285043 0.805148 0.120453 162 92 92 255
0.062892 0.153618 1.404562 0.702200 0.711875 0.010498 0.965578 0.817250 162 92 92 255
0.111787 0.160549 1.267177 0.120609 0.572893 -0.810663 0.965578 0.853389 185 124 124 255
0.034481 0.177013 1.341253 -0.610279 0.739097 -0.285043 0.950807 0.829917 162 92 92 255
0.129599 0.117306 1.371331 0.780999 0.556627 0.283181 0.929540 0.506057 162 92 92 255
0.111787 0.160549 1.267177 0.120609 0.572893 -0.810663 0.947772 0.482763 185 124 124 255
0.062892 0.153618 1.404562 0.702200 0.711875 0.010498 0.947772 0.518902 162 92 92 255
0.111787 0.160549 1.267177 0.120609 0.572893 -0.810663 0.860741 0.190644 185 124 124 255
0.129599 0.117306 1.371331 0.780999 0.556627 0.283181 0.838823 0.169943 162 92 92 255
0.191267 0.000000 1.343179 0.960753 0.000000 0.277291 0.860741 0.142472 185 138 138 255
0.171637 0.000000 1.287098 0.596515 0.000000 -0.802576 0.916628 0.766067 162 92 92 255
0.111787 0.160549 1.267177 0.120609 0.572893 -0.810663 0.931103 0.725302 185 124 124 255
0.191267 0.000000 1.343179 0.960753 0.000000 0.277291 0.931103 0.773474 185 160 160 255
0.111787 -0.160549 1.267177 0.120609 -0.572893 -0.810663 0.930062 0.111594 185 124 124 255
0.171637 0.000000 1.287098 0.596515 0.000000 -0.802576 0.915586 0.070828 162 92 92 255
0.191267 0.000000 1.343179 0.960753 0.000000 0.277291 0.930062 0.063422 185 138 138 255
0.034481 -0.177013 1.341253 -0.610279 -0.739097 -0.285043 0.808737 0.435468 162 92 92 255
0.171637 0.000000 1.287098 0.596515 0.000000 -0.802576 0.808737 0.492499 162 92 92 255
0.111787 -0.160549 1.267177 0.120609 -0.572893 -0.810663 0.786993 0.454303 185 124 124 255
0.062892 -0.153618 1.404562 0.702200 -0.711875 0.010498 0.966417 0.761441 162 92 92 255
0.034481 -0.177013 1.341253 -0.610279 -0.739097 -0.285043 0.951646 0.748773 162 92 92 255
0.111787 -0.160549 1.267177 0.120609 -0.572893 -0.810663 0.966417 0.725302 185 124 124 255
0.129599 -0.117306 1.371331 0.780999 -0.556627 0.283181 0.401373 0.807900 162 92 92 255
0.062892 -0.153618 1.404562 0.702200 -0.711875 0.010498 0.419604 0.795055 162 92 92 255
0.111787 -0.160549 1.267177 0.120609 -0.572893 -0.810663 0.419604 0.831194 185 124 124 255
0.191267 0.000000 1.343179 0.960753 0.000000 0.277291 0.861672 0.581716 185 138 138 255
0.129599 -0.117306 1.371331 0.780999 -0.556627 0.283181 0.839754 0.554246 162 92 92 255
0.111787 -0.160549 1.267177 0.120609 -0.572893 -0.810663 0.861672 0.533544 185 124 124 255
-0.108139 0.092015 0.685655 -0.941038 0.073458 -0.330149 0.619319 0.143963 5 5 32 255
-0.155172 -0.064480 0.886106 -0.872555 -0.437513 -0.217170 0.619319 0.207982 29 29 145 255
-0.155172 0.064480 0.886106 -0.872555 0.437513 -0.217170 0.590368 0.188664 29 29 145 255
-0.108139 -0.092015 0.685655 -0.941038 -0.073458 -0.330149 0.007167 0.345038 5 5 32 255
-0.155172 -0.064480 0.886106 -0.872555 -0.437513 -0.217170 0.047505 0.308341 29 29 145 255
-0.108139 0.092015 0.685655 -0.941038 0.073458 -0.330149 0.047505 0.372360 5 5 32 255
0.060238 0.000000 0.686964 0.991516 0.000000 -0.129826 0.157479 0.494988 3 3 17 255
-0.108139 -0.092015 0.685655 -0.941038 -0.073458 -0.330149 0.111941 0.469334 5 5 28 255
-0.108139 0.092015 0.685655 -0.941038 0.073458 -0.330149 0.157479 0.447489 5 5 28 255
0.036063 -0.047913 0.854814 0.912168 -0.261055 0.315867 0.427376 0.698448 29 29 145 255
0.060238 0.000000 0.686964 0.991516 0.000000 -0.129826 0.427376 0.742070 6 6 38 255
0.036063 0.047913 0.854814 0.912168 0.261055 0.315867 0.401373 0.704898 29 29 145 255
-0.002606 0.071879 0.967520 0.852229 0.510697 0.113407 0.406505 0.564355 145 116 0 255
0.002684 0.000000 1.136635 0.986511 0.000000 -0.163671 0.443815 0.532762 185 86 0 255
-0.002606 -0.071879 0.967520 0.852229 -0.510697 0.113407 0.443815 0.578269 145 116 0 255
-0.261332 0.011775 1.842267 0.217841 0.973113 -0.074557 0.854261 0.087470 185 0 0 255
-0.151258 -0.009211 1.889986 0.284799 0.956114 -0.068697 0.874974 0.063422 185 23 0 255
-0.252629 -0.000000 1.714028 -0.885617 0.126316 0.446852 0.874974 0.113742 23 0 0 255
-0.089387 -0.026534 1.917897 -0.338939 0.545244 0.766686 0.629257 0.618895 114 0 0 255
-0.252629 -0.000000 1.714028 -0.885617 0.126316 0.446852 0.629257 0.683879 23 0 0 255
-0.151258 -0.009211 1.889986 0.284799 0.956114 -0.068697 0.620010 0.634218 185 23 0 255
-0.133807 -0.028534 2.027099 -0.139836 0.989410 -0.038759 0.262692 0.849069 185 0 0 255
-0.089387 -0.026534 1.917897 -0.338939 0.545244 0.766686 0.246017 0.823818 114 0 0 255
-0.151258 -0.009211 1.889986 0.284799 0.956114 -0.068697 0.262692 0.814521 23 0 0 255
-0.044585 -0.000000 2.003465 -0.330088 0.932401 -0.146977 0.797926 0.827969 185 23 0 255
-0.089387 -0.026534 1.917897 -0.338939 0.545244 0.766686 0.770830 0.820968 114 0 0 255
-0.133807 -0.028534 2.027099 -0.139836 0.989410 -0.038759 0.797926 0.804054 185 0 0 255
0.067329 0.029248 1.941950 -0.072848 0.665761 0.742546 0.907128 0.194836 114 0 0 255
-0.089387 -0.026534 1.917897 -0.338939 0.545244 0.766686 0.907128 0.236442 23 0 0 255
-0.044585 -0.000000 2.003465 -0.330088 0.932401 -0.146977 0.885129 0.220890 114 0 0 255
-0.042003 0.030050 2.150342 -0.118564 0.990722 -0.066012 0.327136 0.634565 185 0 0 255
0.067329 0.029248 1.941950 -0.072848 0.665761 0.742546 0.327136 0.692820 114 0 0 255
-0.044585 -0.000000 2.003465 -0.330088 0.932401 -0.146977 0.305568 0.666489 114 0 0 255
0.107685 0.010875 2.012743 0.806879 -0.263863 -0.528459 0.815055 0.153334 185 23 0 255
0.067329 0.029248 1.941950 -0.072848 0.665761 0.742546 0.835099 0.142472 114 0 0 255
-0.042003 0.030050 2.150342 -0.118564 0.990722 -0.066012 0.835099 0.200727 185 0 0 255
0.164474 0.013687 2.005675 -0.507004 0.233070 0.829798 0.551133 0.029035 185 23 0 255
0.067329 0.029248 1.941950 -0.072848 0.665761 0.742546 0.574924 0.008891 114 0 0 255
0.131050 -0.106821 2.254963 0.007569 0.917631 0.397351 0.574924 0.094839 185 0 0 255
0.356791 0.084159 2.182858 0.140660 0.915189 -0.377636 0.158455 0.188716 185 0 0 255
0.067329 0.029248 1.941950 -0.072848 0.665761 0.742546 0.158455 0.282926 114 0 0 255
0.164474 0.013687 2.005675 -0.507004 0.233070 0.829798 0.148684 0.255206 23 0 0 255
0.218435 -0.000000 1.987614 0.290811 0.865413 -0.408002 0.525060 0.043451 185 23 0 255
0.067329 0.029248 1.941950 -0.072848 0.665761 0.742546 0.547409 0.008891 114 0 0 255
0.356791 0.084159 2.182858 0.140660 0.915189 -0.377636 0.547409 0.103100 185 0 0 255
0.202052 0.000000 1.912919 0.487716 0.258248 0.833888 0.465904 0.809721 185 0 0 255
0.067329 0.029248 1.941950 -0.072848 0.665761 0.742546 0.484827 0.779056 114 0 0 255
0.218435 -0.000000 1.987614 0.290811 0.865413 -0.408002 0.484827 0.818797 114 0 0 255
0.114048 0.084994 1.913438 0.184301 0.332469 0.924894 0.578716 0.797980 185 36 0 255
0.067329 0.029248 1.941950 -0.072848 0.665761 0.742546 0.597808 0.788331 185 65 0 255
0.202052 0.000000 1.912919 0.487716 0.258248 0.833888 0.597808 0.823206 185 36 0 255
-0.089387 -0.026534 1.917897 -0.338939 0.545244 0.766686 0.944480 0.120862 185 36 0 255
0.067329 0.029248 1.941950 -0.072848 0.665761 0.742546 0.933786 0.080329 185 65 0 255
0.114048 0.084994 1.913438 0.184301 0.332469 0.924894 0.944480 0.063422 185 36 0 255
-0.136535 0.192624 1.902695 -0.751244 0.017487 0.659749 0.134658 0.188716 116 6 0 255
-0.089387 -0.026534 1.917897 -0.338939 0.545244 0.766686 0.134658 0.244336 185 36 0 255
0.114048 0.084994 1.913438 0.184301 0.332469 0.924894 0.071962 0.227900 185 36 0 255
-0.252629 -0.000000 1.714028 -0.885617 0.126316 0.446852 0.067961 0.093547 185 36 0 255
-0.089387 -0.026534 1.917897 -0.338939 0.545244 0.766686 0.067961 0.158530 185 36 0 255
-0.136535 0.192624 1.902695 -0.751244 0.017487 0.659749 0.007167 0.142867 116 6 0 255
-0.126288 0.235120 1.762809 -0.741234 0.670980 0.017029 0.294847 0.292020 185 36 0 255
-0.252629 -0.000000 1.714028 -0.885617 0.126316 0.446852 0.218818 0.284483 185 36 0 255
-0.136535 0.192624 1.902695 -0.751244 0.017487 0.659749 0.294847 0.255741 116 6 0 255
-0.221969 0.208564 1.641773 -0.728904 0.536882 0.424757 0.071962 0.418195 185 36 0 255
-0.252629 -0.000000 1.714028 -0.885617 0.126316 0.446852 0.108218 0.373140 185 36 0 255
-0.126288 0.235120 1.762809 -0.741234 0.670980 0.017029 0.108218 0.440307 185 36 0 255
0.265382 0.090608 1.847285 0.892850 0.176427 0.414319 0.447940 0.804098 157 20 0 255
0.202052 0.000000 1.912919 0.487716 0.258248 0.833888 0.447940 0.835922 185 36 0 255
0.278319 0.018717 1.824207 0.963134 0.026215 0.267678 0.428381 0.812146 185 36 0 255
0.114048 0.084994 1.913438 0.184301 0.332469 0.924894 0.817731 0.499800 185 36 0 255
0.202052 0.000000 1.912919 0.487716 0.258248 0.833888 0.851924 0.495768 185 36 0 255
0.265382 0.090608 1.847285 0.892850 0.176427 0.414319 0.851924 0.527593 157 20 0 255
0.264200 0.177259 1.821566 0.718986 0.582202 0.379559 0.877395 0.672835 185 36 0 255
0.114048 0.084994 1.913438 0.184301 0.332469 0.924894 0.877395 0.722033 185 36 0 255
0.265382 0.090608 1.847285 0.892850 0.176427 0.414319 0.856392 0.685515 157 20 0 255
0.097722 0.223764 1.856037 0.522477 0.561785 0.641377 0.354233 0.517911 116 6 0 255
0.114048 0.084994 1.913438 0.184301 0.332469 0.924894 0.354233 0.555304 185 36 0 255
0.264200 0.177259 1.821566 0.718986 0.582202 0.379559 0.306380 0.529698 185 36 0 255
-0.136535 0.192624 1.902695 -0.751244 0.017487 0.659749 0.478300 0.168805 116 6 0 255
0.114048 0.084994 1.913438 0.184301 0.332469 0.924894 0.478300 0.236367 185 36 0 255
0.097722 0.223764 1.856037 0.522477 0.561785 0.641377 0.440850 0.218551 116 6 0 255
-0.060747 0.255446 1.976645 0.117801 -0.500351 0.857753 0.545957 0.527713 185 36 0 255
-0.136535 0.192624 1.902695 -0.751244 0.017487 0.659749 0.574992 0.511004 116 6 0 255
0.097722 0.223764 1.856037 0.522477 0.561785 0.641377 0.574992 0.570631 116 6 0 255
-0.069700 0.478987 2.063259 -0.079104 0.732963 0.675619 0.671692 0.332929 185 65 0 255
-0.136535 0.192624 1.902695 -0.751244 0.017487 0.659749 0.671692 0.415865 116 6 0 255
-0.060747 0.255446 1.976645 0.117801 -0.500351 0.857753 0.653222 0.390058 185 36 0 255
-0.126288 0.235120 1.762809 -0.741234 0.670980 0.017029 0.294847 0.252472 116 15 0 255
-0.136535 0.192624 1.902695 -0.751244 0.017487 0.659749 0.260127 0.232796 116 6 0 255
-0.069700 0.478987 2.063259 -0.079104 0.732963 0.675619 0.294847 0.155663 185 65 0 255
-0.031182 0.356815 1.808896 0.028047 0.856716 -0.515000 0.343312 0.086542 185 36 0 255
-0.126288 0.235120 1.762809 -0.741234 0.670980 0.017029 0.371986 0.055585 116 15 0 255
-0.069700 0.478987 2.063259 -0.079104 0.732963 0.675619 0.371986 0.152394 185 65 0 255
0.006692 0.265837 1.711588 0.139470 0.984832 -0.102878 0.715822 0.642417 116 5 0 255
-0.126288 0.235120 1.762809 -0.741234 0.670980 0.017029 0.715822 0.678503 116 15 0 255
-0.031182 0.356815 1.808896 0.028047 0.856716 -0.515000 0.679357 0.654688 185 36 0 255
-0.097777 0.274256 1.627785 -0.231086 0.839320 0.492050 0.043284 0.731371 185 36 0 255
-0.126288 0.235120 1.762809 -0.741234 0.670980 0.017029 0.007167 0.715384 185 36 0 255
0.006692 0.265837 1.711588 0.139470 0.984832 -0.102878 0.043284 0.698153 157 20 0 255
-0.221969 0.208564 1.641773 -0.728904 0.536882 0.424757 0.615875 0.695300 185 36 0 255
-0.126288 0.235120 1.762809 -0.741234 0.670980 0.017029 0.578716 0.674376 185 36 0 255
-0.097777 0.274256 1.627785 -0.231086 0.839320 0.492050 0.615875 0.660349 185 36 0 255
-0.186136 0.301329 1.539976 -0.628742 0.445570 0.637257 0.434891 0.729679 185 36 0 255
-0.221969 0.208564 1.641773 -0.728904 0.536882 0.424757 0.467124 0.708695 185 36 0 255
-0.097777 0.274256 1.627785 -0.231086 0.839320 0.492050 0.467124 0.743646 185 36 0 255
-0.229189 0.257516 1.499511 -0.857784 0.512314 0.041353 0.873923 0.784455 185 36 0 255
-0.221969 0.208564 1.641773 -0.728904 0.536882 0.424757 0.873923 0.821740 185 36 0 255
-0.186136 0.301329 1.539976 -0.628742 0.445570 0.637257 0.854525 0.790902 185 36 0 255
-0.287631 0.213210 1.486574 -0.818751 0.573504 0.025880 0.924767 0.435468 185 36 0 255
-0.221969 0.208564 1.641773 -0.728904 0.536882 0.424757 0.924767 0.477199 185 36 0 255
-0.229189 0.257516 1.499511 -0.857784 0.512314 0.041353 0.906006 0.443749 185 36 0 255
-0.143093 0.258459 1.373245 -0.316294 0.607868 -0.728294 0.923673 0.142472 36 0 0 255
-0.287631 0.213210 1.486574 -0.818751 0.573504 0.025880 0.923673 0.189298 185 36 0 255
-0.229189 0.257516 1.499511 -0.857784 0.512314 0.041353 0.907500 0.177539 185 36 0 255
-0.265320 0.125865 1.181378 -0.793146 0.507462 -0.336680 0.165047 0.053201 185 36 0 255
-0.287631 0.213210 1.486574 -0.818751 0.573504 0.025880 0.239241 0.008891 185 36 0 255
-0.143093 0.258459 1.373245 -0.316294 0.607868 -0.728294 0.239241 0.055716 36 0 0 255
0.264659 0.100666 1.707117 0.850795 0.311106 0.423475 0.468086 0.444379 185 36 0 255
0.269486 0.000000 1.725724 0.885861 0.000000 0.463912 0.496973 0.443655 131 15 0 255
0.525437 0.000000 1.615576 0.084567 0.000000 0.996399 0.496973 0.512632 185 36 0 255
0.266611 0.059776 1.726276 0.997253 0.047853 -0.056459 0.314423 0.955627 255 255 255 255
0.269486 0.000000 1.725724 0.885861 0.000000 0.463912 0.314125 0.990481 46 46 46 255
0.264659 0.100666 1.707117 0.850795 0.311106 0.423475 0.246316 0.931875 140 140 140 255
0.263301 0.131346 1.726833 0.963347 0.194037 -0.185125 0.314423 0.913901 255 255 255 255
0.269486 0.000000 1.725724 0.885861 0.000000 0.463912 0.986412 0.155742 46 46 46 255
0.266611 0.059776 1.726276 0.997253 0.047853 -0.056459 0.973457 0.146248 255 255 255 255
0.274750 0.059744 1.797790 0.997467 0.069521 -0.013276 0.986412 0.132533 255 255 255 255
0.278319 0.018717 1.824207 0.963134 0.026215 0.267678 0.138204 0.566847 78 78 78 255
0.269486 0.000000 1.725724 0.885861 0.000000 0.463912 0.111941 0.557410 46 46 46 255
0.274750 0.059744 1.797790 0.997467 0.069521 -0.013276 0.138204 0.554735 255 255 255 255
0.278319 0.018717 1.824207 0.963134 0.026215 0.267678 0.964269 0.046131 0 0 0 255
0.265382 0.090608 1.847285 0.892850 0.176427 0.414319 0.948890 0.032815 29 11 0 255
0.252010 0.083844 1.957244 0.974578 0.182562 0.129734 0.964269 0.008891 12 7 0 255
0.274750 0.059744 1.797790 0.997467 0.069521 -0.013276 0.669881 0.431245 255 255 255 255
0.265382 0.090608 1.847285 0.892850 0.176427 0.414319 0.653222 0.431206 140 140 140 255
0.278319 0.018717 1.824207 0.963134 0.026215 0.267678 0.669881 0.419134 78 78 78 255
0.265382 0.090608 1.847285 0.892850 0.176427 0.414319 0.912283 0.138622 140 140 140 255
0.274750 0.059744 1.797790 0.997467 0.069521 -0.013276 0.896493 0.133958 255 255 255 255
0.270835 0.131584 1.798400 0.993072 0.117405 -0.002533 0.912283 0.122774 255 255 255 255
0.264200 0.177259 1.821566 0.718986 0.582202 0.379559 0.402399 0.450250 140 140 140 255
0.265382 0.090608 1.847285 0.892850 0.176427 0.414319 0.402399 0.472627 140 140 140 255
0.270835 0.131584 1.798400 0.993072 0.117405 -0.002533 0.392321 0.459478 255 255 255 255
0.246286 0.186405 1.721757 0.661153 0.679403 -0.318155 0.978429 0.603123 94 94 94 255
0.264200 0.177259 1.821566 0.718986 0.582202 0.379559 0.964097 0.581285 140 140 140 255
0.270835 0.131584 1.798400 0.993072 0.117405 -0.002533 0.978429 0.579019 255 255 255 255
0.097722 0.223764 1.856037 0.522477 0.561785 0.641377 0.751015 0.714550 116 6 0 255
0.264200 0.177259 1.821566 0.718986 0.582202 0.379559 0.726174 0.676760 185 36 0 255
0.246286 0.186405 1.721757 0.661153 0.679403 -0.318155 0.751015 0.664123 185 36 0 255
0.090781 0.239599 1.805069 0.547319 0.836787 0.013001 0.923185 0.539889 185 36 0 255
0.097722 0.223764 1.856037 0.522477 0.561785 0.641377 0.936530 0.533544 116 6 0 255
0.246286 0.186405 1.721757 0.661153 0.679403 -0.318155 0.936530 0.583971 185 36 0 255
0.015981 0.318076 1.912346 0.707480 -0.120518 0.696341 0.648218 0.852113 185 36 0 255
0.097722 0.223764 1.856037 0.522477 0.561785 0.641377 0.634676 0.820373 116 6 0 255
0.090781 0.239599 1.805069 0.547319 0.836787 0.013001 0.648218 0.814359 185 36 0 255
-0.060747 0.255446 1.976645 0.117801 -0.500351 0.857753 0.852668 0.672835 185 36 0 255
0.097722 0.223764 1.856037 0.522477 0.561785 0.641377 0.852668 0.722752 116 6 0 255
0.015981 0.318076 1.912346 0.707480 -0.120518 0.696341 0.830757 0.694845 185 36 0 255
-0.069700 0.478987 2.063259 -0.079104 0.732963 0.675619 0.265233 0.538709 185 65 0 255
-0.060747 0.255446 1.976645 0.117801 -0.500351 0.857753 0.232764 0.486611 185 36 0 255
0.015981 0.318076 1.912346 0.707480 -0.120518 0.696341 0.265233 0.480126 185 36 0 255
0.090781 0.239599 1.805069 0.547319 0.836787 0.013001 0.675619 0.669409 0 0 0 255
-0.069700 0.478987 2.063259 -0.079104 0.732963 0.675619 0.675619 0.765193 37 7 0 255
0.015981 0.318076 1.912346 0.707480 -0.120518 0.696341 0.669882 0.706826 0 0 0 255
-0.031182 0.356815 1.808896 0.028047 0.856716 -0.515000 0.298571 0.220342 70 7 0 255
-0.069700 0.478987 2.063259 -0.079104 0.732963 0.675619 0.330524 0.155663 37 7 0 255
0.090781 0.239599 1.805069 0.547319 0.836787 0.013001 0.330524 0.251447 0 0 0 255
0.006692 0.265837 1.711588 0.139470 0.984832 -0.102878 0.828285 0.235792 116 5 0 255
-0.031182 0.356815 1.808896 0.028047 0.856716 -0.515000 0.790007 0.228999 185 36 0 255
0.090781 0.239599 1.805069 0.547319 0.836787 0.013001 0.828285 0.203996 185 36 0 255
0.065852 0.249424 1.712196 0.294595 0.946165 0.134037 0.969013 0.787270 185 36 0 255
0.006692 0.265837 1.711588 0.139470 0.984832 -0.102878 0.981501 0.776743 157 20 0 255
0.090781 0.239599 1.805069 0.547319 0.836787 0.013001 0.981501 0.808538 185 36 0 255
0.246286 0.186405 1.721757 0.661153 0.679403 -0.318155 0.434891 0.696877 185 36 0 255
0.065852 0.249424 1.712196 0.294595 0.946165 0.134037 0.485929 0.681499 185 36 0 255
0.090781 0.239599 1.805069 0.547319 0.836787 0.013001 0.485929 0.705426 185 36 0 255
0.227164 0.164307 1.687315 0.581622 0.799799 -0.148228 0.942790 0.714427 185 65 0 255
0.065852 0.249424 1.712196 0.294595 0.946165 0.134037 0.955031 0.670145 185 36 0 255
0.246286 0.186405 1.721757 0.661153 0.679403 -0.318155 0.955031 0.717515 185 36 0 255
0.184753 0.200946 1.597948 0.104740 0.792596 -0.600665 0.338809 0.149951 97 47 47 255
0.065852 0.249424 1.712196 0.294595 0.946165 0.134037 0.291199 0.141993 162 92 92 255
0.227164 0.164307 1.687315 0.581622 0.799799 -0.148228 0.338809 0.123838 185 124 124 255
0.530241 0.045487 1.560765 0.124241 0.863124 -0.489395 0.464362 0.254716 162 92 92 255
0.184753 0.200946 1.597948 0.104740 0.792596 -0.600665 0.464362 0.348949 97 47 47 255
0.227164 0.164307 1.687315 0.581622 0.799799 -0.148228 0.437422 0.337878 185 124 124 255
0.437312 0.000000 1.512569 0.191290 0.000000 -0.981506 0.298571 0.391878 97 47 47 255
0.184753 0.200946 1.597948 0.104740 0.792596 -0.600665 0.325765 0.312759 97 47 47 255
0.530241 0.045487 1.560765 0.124241 0.863124 -0.489395 0.325765 0.406992 162 92 92 255
0.266944 0.000000 1.508895 -0.212683 0.000000 -0.977111 0.369924 0.219776 47 15 15 255
0.184753 0.200946 1.597948 0.104740 0.792596 -0.600665 0.401663 0.168805 97 47 47 255
0.437312 0.000000 1.512569 0.191290 0.000000 -0.981506 0.401663 0.251447 97 47 47 255
0.209255 0.000000 1.550197 -0.779809 0.000000 -0.625965 0.862651 0.484675 47 15 15 255
0.184753 0.200946 1.597948 0.104740 0.792596 -0.600665 0.879911 0.435468 97 47 47 255
0.266944 0.000000 1.508895 -0.212683 0.000000 -0.977111 0.879911 0.493557 47 15 15 255
0.612620 0.076657 1.597993 0.218879 0.968169 0.121189 0.242190 0.844721 9 7 29 255
0.525437 0.000000 1.615576 0.084567 0.000000 0.996399 0.219778 0.823327 0 0 12 255
0.599815 0.000000 1.643850 0.024537 0.000000 0.999695 0.242190 0.822383 36 25 109 255
0.530241 0.045487 1.560765 0.124241 0.863124 -0.489395 0.960374 0.602689 0 0 12 255
0.525437 0.000000 1.615576 0.084567 0.000000 0.996399 0.940254 0.602102 0 0 12 255
0.612620 0.076657 1.597993 0.218879 0.968169 0.121189 0.960374 0.579019 9 7 29 255
0.227164 0.164307 1.687315 0.581622 0.799799 -0.148228 0.349474 0.399218 185 65 0 255
0.525437 0.000000 1.615576 0.084567 0.000000 0.996399 0.329489 0.314876 185 36 0 255
0.530241 0.045487 1.560765 0.124241 0.863124 -0.489395 0.349474 0.312759 157 20 0 255
0.264659 0.100666 1.707117 0.850795 0.311106 0.423475 0.772261 0.215727 185 36 0 255
0.525437 0.000000 1.615576 0.084567 0.000000 0.996399 0.786283 0.143963 185 36 0 255
0.227164 0.164307 1.687315 0.581622 0.799799 -0.148228 0.786283 0.230109 185 65 0 255
0.246286 0.186405 1.721757 0.661153 0.679403 -0.318155 0.485492 0.846534 185 36 0 255
0.264659 0.100666 1.707117 0.850795 0.311106 0.423475 0.485492 0.868540 185 36 0 255
0.227164 0.164307 1.687315 0.581622 0.799799 -0.148228 0.474535 0.852235 185 65 0 255
0.246286 0.186405 1.721757 0.661153 0.679403 -0.318155 0.286411 0.880534 140 140 140 255
0.270835 0.131584 1.798400 0.993072 0.117405 -0.002533 0.986217 0.557649 255 255 255 255
0.263301 0.131346 1.726833 0.963347 0.194037 -0.185125 0.974241 0.543269 255 255 255 255
0.246286 0.186405 1.721757 0.661153 0.679403 -0.318155 0.986217 0.533544 94 94 94 255
0.612620 0.076657 1.597993 0.218879 0.968169 0.121189 0.630952 0.814359 9 7 29 255
0.599815 0.000000 1.643850 0.024537 0.000000 0.999695 0.630952 0.836697 36 25 109 255
0.689867 0.000000 1.595902 0.999451 0.000000 0.033113 0.604159 0.827502 15 11 47 255
0.597380 0.000000 1.533257 0.196753 0.000000 -0.980438 0.726174 0.798083 0 0 0 255
0.612620 0.076657 1.597993 0.218879 0.968169 0.121189 0.751905 0.787089 9 7 29 255
0.689867 0.000000 1.595902 0.999451 0.000000 0.033113 0.751905 0.814033 15 11 47 255
0.530241 0.045487 1.560765 0.124241 0.863124 -0.489395 0.484827 0.843265 0 0 12 255
0.612620 0.076657 1.597993 0.218879 0.968169 0.121189 0.459855 0.834336 9 7 29 255
0.597380 0.000000 1.533257 0.196753 0.000000 -0.980438 0.484827 0.822066 0 0 0 255
0.184753 0.200946 1.597948 0.104740 0.792596 -0.600665 0.198490 0.867315 97 47 47 255
0.209255 0.000000 1.550197 -0.779809 0.000000 -0.625965 0.198490 0.967234 47 15 15 255
0.186284 0.155134 1.585150 0.365612 0.386731 -0.846583 0.185509 0.890077 162 92 92 255
0.205104 0.000000 1.564665 -0.255776 0.000000 -0.966704 0.038071 0.952318 162 92 92 255
0.186284 0.155134 1.585150 0.365612 0.386731 -0.846583 0.080294 0.876927 162 92 92 255
0.209255 0.000000 1.550197 -0.779809 0.000000 -0.625965 0.080294 0.954116 47 15 15 255
0.102978 0.104476 1.488359 0.813074 0.517533 -0.266488 0.397649 0.663889 216 196 196 255
0.186284 0.155134 1.585150 0.365612 0.386731 -0.846583 0.363416 0.647968 216 196 196 255
0.205104 0.000000 1.564665 -0.255776 0.000000 -0.966704 0.397649 0.623087 243 220 220 255
0.181284 0.000000 1.480162 0.985504 0.000000 -0.169591 0.902450 0.697609 255 255 255 255
0.102978 0.104476 1.488359 0.813074 0.517533 -0.266488 0.921997 0.670145 216 196 196 255
0.205104 0.000000 1.564665 -0.255776 0.000000 -0.966704 0.921997 0.710947 243 220 220 255
0.119597 0.098106 1.413055 0.809992 0.553545 0.193579 0.044889 0.817697 0 0 0 255
0.181284 0.000000 1.480162 0.985504 0.000000 -0.169591 0.044889 0.850847 0 0 0 255
0.170049 0.000000 1.420805 0.982696 0.000000 -0.185064 0.030989 0.842202 0 0 0 255
0.102978 0.104476 1.488359 0.813074 0.517533 -0.266488 0.826928 0.788154 0 0 0 255
0.181284 0.000000 1.480162 0.985504 0.000000 -0.169591 0.826928 0.820538 0 0 0 255
0.119597 0.098106 1.413055 0.809992 0.553545 0.193579 0.805832 0.793044 0 0 0 255
0.062892 0.153618 1.404562 0.702200 0.711875 0.010498 0.770830 0.848292 0 0 0 255
0.102978 0.104476 1.488359 0.813074 0.517533 -0.266488 0.793207 0.831238 0 0 0 255
0.119597 0.098106 1.413055 0.809992 0.553545 0.193579 0.793207 0.850392 0 0 0 255
0.096058 0.250722 1.648372 0.285714 0.747032 -0.600208 0.694222 0.209443 47 0 0 255
0.102978 0.104476 1.488359 0.813074 0.517533 -0.266488 0.670766 0.159860 0 0 0 255
0.062892 0.153618 1.404562 0.702200 0.711875 0.010498 0.694222 0.143963 0 0 0 255
0.186284 0.155134 1.585150 0.365612 0.386731 -0.846583 0.726174 0.632640 216 196 196 255
0.102978 0.104476 1.488359 0.813074 0.517533 -0.266488 0.751839 0.607165 216 196 196 255
0.096058 0.250722 1.648372 0.285714 0.747032 -0.600208 0.751839 0.660854 115 92 92 255
0.184753 0.200946 1.597948 0.104740 0.792596 -0.600665 0.148684 0.295234 97 47 47 255
0.186284 0.155134 1.585150 0.365612 0.386731 -0.846583 0.157290 0.286195 162 92 92 255
0.096058 0.250722 1.648372 0.285714 0.747032 -0.600208 0.157290 0.322301 162 92 92 255
0.081651 0.281309 1.681826 0.041292 0.952940 0.300272 0.487477 0.168805 162 92 92 255
0.184753 0.200946 1.597948 0.104740 0.792596 -0.600665 0.487477 0.207253 97 47 47 255
0.096058 0.250722 1.648372 0.285714 0.747032 -0.600208 0.482024 0.179563 162 92 92 255
0.065852 0.249424 1.712196 0.294595 0.946165 0.134037 0.969733 0.132533 162 92 92 255
0.184753 0.200946 1.597948 0.104740 0.792596 -0.600665 0.969733 0.175079 97 47 47 255
0.081651 0.281309 1.681826 0.041292 0.952940 0.300272 0.958109 0.138010 162 92 92 255
0.032085 0.217673 1.530381 0.597308 0.721152 -0.350902 0.962368 0.271289 162 92 92 255
0.065852 0.249424 1.712196 0.294595 0.946165 0.134037 0.962368 0.317736 162 92 92 255
0.081651 0.281309 1.681826 0.041292 0.952940 0.300272 0.950607 0.312490 162 92 92 255
0.096058 0.250722 1.648372 0.285714 0.747032 -0.600208 0.487208 0.589277 162 92 92 255
0.032085 0.217673 1.530381 0.597308 0.721152 -0.350902 0.495736 0.555889 185 124 124 255
0.081651 0.281309 1.681826 0.041292 0.952940 0.300272 0.495736 0.598364 162 92 92 255
0.062892 0.153618 1.404562 0.702200 0.711875 0.010498 0.892770 0.128903 162 92 92 255
0.032085 0.217673 1.530381 0.597308 0.721152 -0.350902 0.878698 0.095332 185 124 124 255
0.096058 0.250722 1.648372 0.285714 0.747032 -0.600208 0.892770 0.063422 162 92 92 255
0.034481 0.177013 1.341253 -0.610279 0.739097 -0.285043 0.947922 0.725302 162 92 92 255
0.032085 0.217673 1.530381 0.597308 0.721152 -0.350902 0.947922 0.773192 185 124 124 255
0.062892 0.153618 1.404562 0.702200 0.711875 0.010498 0.934827 0.739318 162 92 92 255
0.047243 0.095247 1.300338 0.517808 0.474990 -0.711478 0.463261 0.352218 47 15 15 255
0.032085 0.217673 1.530381 0.597308 0.721152 -0.350902 0.463261 0.416835 162 92 92 255
0.034481 0.177013 1.341253 -0.610279 0.739097 -0.285043 0.448140 0.370821 162 92 92 255
0.119597 0.098106 1.413055 0.809992 0.553545 0.193579 0.254249 0.422919 202 202 202 255
0.129599 0.117306 1.371331 0.780999 0.556627 0.283181 0.254249 0.434555 202 183 183 255
0.062892 0.153618 1.404562 0.702200 0.711875 0.010498 0.232334 0.427411 95 76 76 255
0.159216 0.000000 1.362940 0.850703 0.000000 0.525620 0.396061 0.863926 243 243 243 255
0.129599 0.117306 1.371331 0.780999 0.556627 0.283181 0.382886 0.836222 202 183 183 255
0.119597 0.098106 1.413055 0.809992 0.553545 0.193579 0.396061 0.834946 202 202 202 255
0.170049 0.000000 1.420805 0.982696 0.000000 -0.185064 0.578716 0.831699 243 243 243 255
0.159216 0.000000 1.362940 0.850703 0.000000 0.525620 0.594213 0.826475 243 243 243 255
0.119597 0.098106 1.413055 0.809992 0.553545 0.193579 0.594213 0.855456 185 185 185 255
0.159216 0.000000 1.362940 0.850703 0.000000 0.525620 0.970141 0.729929 97 47 47 255
0.191267 0.000000 1.343179 0.960753 0.000000 0.277291 0.979357 0.725302 185 138 138 255
0.129599 0.117306 1.371331 0.780999 0.556627 0.283181 0.979357 0.758840 162 92 92 255
0.032085 0.217673 1.530381 0.597308 0.721152 -0.350902 0.492873 0.356207 174 58 0 255
0.047243 0.095247 1.300338 0.517808 0.474990 -0.711478 0.468086 0.295365 145 51 0 255
-0.047598 0.115699 1.141347 0.719626 0.665975 -0.196326 0.492873 0.254716 185 86 0 255
0.002684 0.000000 1.136635 0.986511 0.000000 -0.163671 0.535012 0.591386 185 86 0 255
-0.047598 0.115699 1.141347 0.719626 0.665975 -0.196326 0.502216 0.579235 185 86 0 255
0.047243 0.095247 1.300338 0.517808 0.474990 -0.711478 0.535012 0.543223 145 51 0 255
-0.002606 0.071879 0.967520 0.852229 0.510697 0.113407 0.670766 0.228696 145 116 0 255
-0.047598 0.115699 1.141347 0.719626 0.665975 -0.196326 0.719600 0.212712 185 86 0 255
0.002684 0.000000 1.136635 0.986511 0.000000 -0.163671 0.719600 0.243962 185 86 0 255
-0.085206 0.119088 0.949388 -0.029420 0.995788 -0.086459 0.786993 0.537993 185 36 0 255
-0.047598 0.115699 1.141347 0.719626 0.665975 -0.196326 0.814007 0.495768 185 36 0 255
-0.002606 0.071879 0.967520 0.852229 0.510697 0.113407 0.814007 0.541520 185 65 0 255
-0.118383 0.169077 1.154549 0.115909 0.938108 -0.326304 0.776837 0.673226 140 8 0 255
-0.047598 0.115699 1.141347 0.719626 0.665975 -0.196326 0.802108 0.672835 185 36 0 255
-0.085206 0.119088 0.949388 -0.029420 0.995788 -0.086459 0.802108 0.721264 185 36 0 255
0.032085 0.217673 1.530381 0.597308 0.721152 -0.350902 0.071962 0.361322 185 36 0 255
-0.047598 0.115699 1.141347 0.719626 0.665975 -0.196326 0.186525 0.347683 185 36 0 255
-0.118383 0.169077 1.154549 0.115909 0.938108 -0.326304 0.186525 0.369871 140 8 0 255
-0.050386 0.287082 1.424934 0.753380 0.326731 -0.570605 0.405420 0.085131 93 3 0 255
0.032085 0.217673 1.530381 0.597308 0.721152 -0.350902 0.431405 0.055585 185 36 0 255
-0.118383 0.169077 1.154549 0.115909 0.938108 -0.326304 0.431405 0.156518 140 8 0 255
-0.143093 0.258459 1.373245 -0.316294 0.607868 -0.728294 0.623043 0.163306 36 0 0 255
-0.050386 0.287082 1.424934 0.753380 0.326731 -0.570605 0.644848 0.143963 93 3 0 255
-0.118383 0.169077 1.154549 0.115909 0.938108 -0.326304 0.644848 0.218906 140 8 0 255
-0.265320 0.125865 1.181378 -0.793146 0.507462 -0.336680 0.388918 0.047381 185 36 0 255
-0.143093 0.258459 1.373245 -0.316294 0.607868 -0.728294 0.322718 0.017863 36 0 0 255
-0.118383 0.169077 1.154549 0.115909 0.938108 -0.326304 0.388918 0.008891 140 8 0 255
-0.085206 0.119088 0.949388 -0.029420 0.995788 -0.086459 0.533127 0.359476 185 36 0 255
-0.265320 0.125865 1.181378 -0.793146 0.507462 -0.336680 0.533127 0.432199 185 36 0 255
-0.118383 0.169077 1.154549 0.115909 0.938108 -0.326304 0.502216 0.404901 140 8 0 255
-0.203569 0.077968 1.005380 -0.800653 0.447066 -0.398816 0.692268 0.479517 185 36 0 255
-0.265320 0.125865 1.181378 -0.793146 0.507462 -0.336680 0.713024 0.435468 185 36 0 255
-0.085206 0.119088 0.949388 -0.029420 0.995788 -0.086459 0.713024 0.508191 185 36 0 255
-0.155172 0.064480 0.886106 -0.872555 0.437513 -0.217170 0.188818 0.779646 121 23 0 255
-0.203569 0.077968 1.005380 -0.800653 0.447066 -0.398816 0.216001 0.758268 185 36 0 255
-0.085206 0.119088 0.949388 -0.029420 0.995788 -0.086459 0.216001 0.792242 185 36 0 255
-0.098803 0.090796 0.554948 -0.916318 -0.398206 0.041749 0.604743 0.481016 6 6 38 255
0.060238 0.000000 0.686964 0.991516 0.000000 -0.129826 0.641628 0.435468 5 5 32 255
-0.108139 0.092015 0.685655 -0.941038 0.073458 -0.330149 0.641628 0.482968 5 5 32 255
-0.004088 0.037071 0.556803 -0.135716 -0.981994 -0.131352 0.703389 0.757765 5 5 28 255
0.060238 0.000000 0.686964 0.991516 0.000000 -0.129826 0.720920 0.724015 5 5 32 255
-0.098803 0.090796 0.554948 -0.916318 -0.398206 0.041749 0.720920 0.779899 6 6 38 255
-0.000000 0.049422 0.338963 -0.040284 -0.989471 -0.138981 0.670617 0.068570 0 20 51 255
-0.004088 0.037071 0.556803 -0.135716 -0.981994 -0.131352 0.642830 0.020370 0 20 51 255
-0.098803 0.090796 0.554948 -0.916318 -0.398206 0.041749 0.670617 0.008891 0 28 70 255
-0.143289 0.164006 0.345963 -0.988769 0.114628 0.095798 0.402781 0.310627 0 86 146 255
-0.000000 0.049422 0.338963 -0.040284 -0.989471 -0.138981 0.353743 0.296050 0 20 51 255
-0.098803 0.090796 0.554948 -0.916318 -0.398206 0.041749 0.402781 0.254716 0 28 70 255
-0.070317 0.169247 0.554786 -0.801447 0.584887 0.124760 0.790551 0.546998 0 59 146 255
-0.143289 0.164006 0.345963 -0.988769 0.114628 0.095798 0.790551 0.601772 0 86 146 255
-0.098803 0.090796 0.554948 -0.916318 -0.398206 0.041749 0.767225 0.549746 0 28 70 255
0.009171 0.274678 0.340053 -0.088626 0.974700 0.205115 0.007167 0.262258 0 75 185 255
-0.143289 0.164006 0.345963 -0.988769 0.114628 0.095798 0.058615 0.250543 0 86 146 255
-0.070317 0.169247 0.554786 -0.801447 0.584887 0.124760 0.058615 0.305316 0 59 146 255
-0.008410 0.220891 0.556682 -0.185003 0.967101 0.174444 0.779247 0.293724 0 75 185 255
0.009171 0.274678 0.340053 -0.088626 0.974700 0.205115 0.799071 0.241102 0 75 185 255
-0.070317 0.169247 0.554786 -0.801447 0.584887 0.124760 0.799071 0.303503 0 59 146 255
0.132945 0.186950 0.504803 0.836238 0.547288 0.033265 0.292040 0.476856 0 54 163 255
0.009171 0.274678 0.340053 -0.088626 0.974700 0.205115 0.232764 0.457729 0 75 185 255
-0.008410 0.220891 0.556682 -0.185003 0.967101 0.174444 0.292040 0.438648 0 75 185 255
0.104982 0.223553 0.347906 0.777154 0.628407 0.033235 0.805832 0.692330 0 109 185 255
0.009171 0.274678 0.340053 -0.088626 0.974700 0.205115 0.827033 0.672835 0 75 185 255
0.132945 0.186950 0.504803 0.836238 0.547288 0.033265 0.827033 0.728275 0 54 163 255
0.132603 0.104783 0.504317 0.862941 -0.484909 -0.141972 0.903776 0.142472 0 43 129 255
0.104982 0.223553 0.347906 0.777154 0.628407 0.033235 0.903776 0.191567 0 109 185 255
0.132945 0.186950 0.504803 0.836238 0.547288 0.033265 0.885129 0.154546 0 54 163 255
0.117694 0.131410 0.343240 0.917814 -0.369121 -0.145970 0.833135 0.022077 0 59 146 255
0.104982 0.223553 0.347906 0.777154 0.628407 0.033235 0.854676 0.008891 0 109 185 255
0.132603 0.104783 0.504317 0.862941 -0.484909 -0.141972 0.854676 0.057985 0 43 129 255
-0.000000 0.049422 0.338963 -0.040284 -0.989471 -0.138981 0.263045 0.596206 0 20 51 255
0.117694 0.131410 0.343240 0.917814 -0.369121 -0.145970 0.232764 0.572643 0 59 146 255
0.132603 0.104783 0.504317 0.862941 -0.484909 -0.141972 0.263045 0.541978 0 43 129 255
-0.004088 0.037071 0.556803 -0.135716 -0.981994 -0.131352 0.521336 0.048824 0 20 51 255
-0.000000 0.049422 0.338963 -0.040284 -0.989471 -0.138981 0.464030 0.029139 0 20 51 255
0.132603 0.104783 0.504317 0.862941 -0.484909 -0.141972 0.521336 0.008891 0 43 129 255
0.132841 0.079237 0.573944 0.845149 -0.530717 -0.063448 0.912455 0.272824 0 59 146 255
-0.004088 0.037071 0.556803 -0.135716 -0.981994 -0.131352 0.931159 0.241102 0 20 51 255
0.132603 0.104783 0.504317 0.862941 -0.484909 -0.141972 0.931159 0.281036 0 43 129 255
0.132945 0.186950 0.504803 0.836238 0.547288 0.033265 0.980321 0.063422 0 54 163 255
0.132841 0.079237 0.573944 0.845149 -0.530717 -0.063448 0.980321 0.095106 0 59 146 255
0.132603 0.104783 0.504317 0.862941 -0.484909 -0.141972 0.967689 0.080474 0 43 129 255
0.133183 0.180001 0.573484 0.789453 0.576342 0.211005 0.213405 0.624226 0 75 185 255
0.132841 0.079237 0.573944 0.845149 -0.530717 -0.063448 0.228644 0.603173 0 59 146 255
0.132945 0.186950 0.504803 0.836238 0.547288 0.033265 0.228644 0.634857 0 54 163 255
-0.008410 0.220891 0.556682 -0.185003 0.967101 0.174444 0.850021 0.786654 0 75 185 255
0.133183 0.180001 0.573484 0.789453 0.576342 0.211005 0.850021 0.823373 0 75 185 255
0.132945 0.186950 0.504803 0.836238 0.547288 0.033265 0.830757 0.820916 0 54 163 255
0.017464 0.168092 0.732077 0.440809 0.807184 0.392590 0.447545 0.537985 17 17 102 255
0.133183 0.180001 0.573484 0.789453 0.576342 0.211005 0.496973 0.515901 29 29 145 255
-0.008410 0.220891 0.556682 -0.185003 0.967101 0.174444 0.496973 0.552620 17 17 102 255
0.084990 0.091418 0.732395 0.897702 0.125248 0.422376 0.157123 0.668232 13 13 80 255
0.133183 0.180001 0.573484 0.789453 0.576342 0.211005 0.104984 0.659539 29 29 145 255
0.017464 0.168092 0.732077 0.440809 0.807184 0.392590 0.157123 0.642941 17 17 102 255
0.132841 0.079237 0.573944 0.845149 -0.530717 -0.063448 0.095497 0.698418 17 17 92 255
0.133183 0.180001 0.573484 0.789453 0.576342 0.211005 0.095497 0.723362 29 29 145 255
0.084990 0.091418 0.732395 0.897702 0.125248 0.422376 0.048806 0.701214 13 13 80 255
0.060238 0.000000 0.686964 0.991516 0.000000 -0.129826 0.392182 0.712762 6 6 38 255
0.132841 0.079237 0.573944 0.845149 -0.530717 -0.063448 0.392182 0.751368 17 17 92 255
0.084990 0.091418 0.732395 0.897702 0.125248 0.422376 0.363416 0.718962 13 13 80 255
-0.004088 0.037071 0.556803 -0.135716 -0.981994 -0.131352 0.198827 0.637693 5 5 28 255
0.132841 0.079237 0.573944 0.845149 -0.530717 -0.063448 0.198827 0.673412 17 17 92 255
0.060238 0.000000 0.686964 0.991516 0.000000 -0.129826 0.160847 0.653949 6 6 38 255
-0.060778 0.127630 0.894732 0.066652 0.963134 0.260506 0.630643 0.792510 185 36 0 255
-0.002606 0.071879 0.967520 0.852229 0.510697 0.113407 0.604159 0.779022 185 65 0 255
0.036063 0.047913 0.854814 0.912168 0.261055 0.315867 0.630643 0.759926 140 8 0 255
-0.085206 0.119088 0.949388 -0.029420 0.995788 -0.086459 0.574222 0.832816 185 36 0 255
-0.002606 0.071879 0.967520 0.852229 0.510697 0.113407 0.574222 0.856791 185 65 0 255
-0.060778 0.127630 0.894732 0.066652 0.963134 0.260506 0.557266 0.834410 185 36 0 255
-0.155172 0.064480 0.886106 -0.872555 0.437513 -0.217170 0.870533 0.853203 121 23 0 255
-0.085206 0.119088 0.949388 -0.029420 0.995788 -0.086459 0.854525 0.830168 185 36 0 255
-0.060778 0.127630 0.894732 0.066652 0.963134 0.260506 0.870533 0.825009 185 36 0 255
-0.056876 0.185383 0.730255 -0.387310 0.908078 0.159154 0.768539 0.332929 13 13 80 255
-0.155172 0.064480 0.886106 -0.872555 0.437513 -0.217170 0.768539 0.387483 29 29 145 255
-0.060778 0.127630 0.894732 0.066652 0.963134 0.260506 0.743347 0.369995 29 29 145 255
-0.108139 0.092015 0.685655 -0.941038 0.073458 -0.330149 0.301072 0.540593 5 5 32 255
-0.155172 0.064480 0.886106 -0.872555 0.437513 -0.217170 0.301072 0.592015 29 29 145 255
-0.056876 0.185383 0.730255 -0.387310 0.908078 0.159154 0.268956 0.545310 13 13 80 255
-0.098803 0.090796 0.554948 -0.916318 -0.398206 0.041749 0.068354 0.777021 6 6 38 255
-0.108139 0.092015 0.685655 -0.941038 0.073458 -0.330149 0.048806 0.749493 5 5 32 255
-0.056876 0.185383 0.730255 -0.387310 0.908078 0.159154 0.068354 0.726631 13 13 80 255
-0.070317 0.169247 0.554786 -0.801447 0.584887 0.124760 0.858400 0.019332 13 13 80 255
-0.098803 0.090796 0.554948 -0.916318 -0.398206 0.041749 0.878709 0.008891 6 6 38 255
-0.056876 0.185383 0.730255 -0.387310 0.908078 0.159154 0.878709 0.059281 13 13 80 255
-0.008410 0.220891 0.556682 -0.185003 0.967101 0.174444 0.219778 0.739178 17 17 102 255
-0.070317 0.169247 0.554786 -0.801447 0.584887 0.124760 0.242293 0.736379 13 13 80 255
-0.056876 0.185383 0.730255 -0.387310 0.908078 0.159154 0.242293 0.780125 13 13 80 255
0.017464 0.168092 0.732077 0.440809 0.807184 0.392590 0.578716 0.781460 17 17 102 255
-0.008410 0.220891 0.556682 -0.185003 0.967101 0.174444 0.599850 0.739594 17 17 102 255
-0.056876 0.185383 0.730255 -0.387310 0.908078 0.159154 0.599850 0.785062 13 13 80 255
-0.060778 0.127630 0.894732 0.066652 0.963134 0.260506 0.902668 0.008891 29 29 145 255
0.017464 0.168092 0.732077 0.440809 0.807184 0.392590 0.902668 0.054680 17 17 102 255
-0.056876 0.185383 0.730255 -0.387310 0.908078 0.159154 0.882432 0.048228 13 13 80 255
0.084990 0.091418 0.732395 0.897702 0.125248 0.422376 0.031110 0.694884 13 13 80 255
0.017464 0.168092 0.732077 0.440809 0.807184 0.392590 0.007167 0.680817 17 17 102 255
-0.060778 0.127630 0.894732 0.066652 0.963134 0.260506 0.031110 0.640137 29 29 145 255
0.036063 0.047913 0.854814 0.912168 0.261055 0.315867 0.800385 0.635628 29 29 145 255
0.084990 0.091418 0.732395 0.897702 0.125248 0.422376 0.822322 0.607165 13 13 80 255
-0.060778 0.127630 0.894732 0.066652 0.963134 0.260506 0.822322 0.661913 29 29 145 255
0.084990 0.091418 0.732395 0.897702 0.125248 0.422376 0.538419 0.751852 13 13 80 255
0.036063 0.047913 0.854814 0.912168 0.261055 0.315867 0.561746 0.724254 29 29 145 255
0.060238 0.000000 0.686964 0.991516 0.000000 -0.129826 0.561746 0.767876 6 6 38 255
-0.143093 0.258459 1.373245 -0.316294 0.607868 -0.728294 0.542520 0.395718 36 0 0 255
-0.200093 0.520657 1.310713 -0.029298 -0.467238 -0.883602 0.570972 0.332255 116 8 0 255
-0.050386 0.287082 1.424934 0.753380 0.326731 -0.570605 0.570972 0.406524 93 3 0 255
-0.145262 0.565756 1.321106 0.851131 -0.203650 -0.483810 0.699600 0.252388 185 36 0 255
-0.050386 0.287082 1.424934 0.753380 0.326731 -0.570605 0.699600 0.329660 93 3 0 255
-0.200093 0.520657 1.310713 -0.029298 -0.467238 -0.883602 0.680180 0.257373 116 8 0 255
-0.143344 0.596936 1.378218 0.808618 0.397320 0.433851 0.743563 0.522987 185 65 0 255
-0.050386 0.287082 1.424934 0.753380 0.326731 -0.570605 0.743563 0.603896 93 3 0 255
-0.145262 0.565756 1.321106 0.851131 -0.203650 -0.483810 0.726174 0.528148 185 36 0 255
-0.018600 0.355110 1.513373 0.829676 0.554094 0.067537 0.261634 0.365066 185 36 0 255
-0.050386 0.287082 1.424934 0.753380 0.326731 -0.570605 0.292040 0.354469 93 3 0 255
-0.143344 0.596936 1.378218 0.808618 0.397320 0.433851 0.292040 0.435379 185 65 0 255
0.032085 0.217673 1.530381 0.597308 0.721152 -0.350902 0.726174 0.733236 185 36 0 255
-0.050386 0.287082 1.424934 0.753380 0.326731 -0.570605 0.764899 0.717819 93 3 0 255
-0.018600 0.355110 1.513373 0.829676 0.554094 0.067537 0.764899 0.746538 185 36 0 255
0.003509 0.287523 1.601095 0.578021 0.793512 0.190252 0.699665 0.805628 185 36 0 255
0.032085 0.217673 1.530381 0.597308 0.721152 -0.350902 0.670579 0.803764 185 36 0 255
-0.018600 0.355110 1.513373 0.829676 0.554094 0.067537 0.699665 0.777674 185 36 0 255
0.065852 0.249424 1.712196 0.294595 0.946165 0.134037 0.180868 0.740635 185 36 0 255
0.032085 0.217673 1.530381 0.597308 0.721152 -0.350902 0.180868 0.787081 185 36 0 255
0.003509 0.287523 1.601095 0.578021 0.793512 0.190252 0.160847 0.768466 185 36 0 255
0.006692 0.265837 1.711588 0.139470 0.984832 -0.102878 0.805832 0.831963 157 20 0 255
0.065852 0.249424 1.712196 0.294595 0.946165 0.134037 0.820441 0.823807 185 36 0 255
0.003509 0.287523 1.601095 0.578021 0.793512 0.190252 0.820441 0.856724 185 36 0 255
-0.097777 0.274256 1.627785 -0.231086 0.839320 0.492050 0.879911 0.496826 185 36 0 255
0.006692 0.265837 1.711588 0.139470 0.984832 -0.102878 0.879911 0.530044 157 20 0 255
0.003509 0.287523 1.601095 0.578021 0.793512 0.190252 0.855681 0.512013 185 36 0 255
-0.107726 0.368774 1.556823 -0.055605 0.594409 0.802210 0.428381 0.779711 216 76 0 255
-0.097777 0.274256 1.627785 -0.231086 0.839320 0.492050 0.461334 0.774693 185 36 0 255
0.003509 0.287523 1.601095 0.578021 0.793512 0.190252 0.461334 0.800829 185 36 0 255
-0.186136 0.301329 1.539976 -0.628742 0.445570 0.637257 0.359607 0.805515 185 36 0 255
-0.097777 0.274256 1.627785 -0.231086 0.839320 0.492050 0.328326 0.789967 185 36 0 255
-0.107726 0.368774 1.556823 -0.055605 0.594409 0.802210 0.359607 0.779575 216 76 0 255
-0.196978 0.582758 1.419045 0.022492 0.549120 0.835414 0.600267 0.254716 185 36 0 255
-0.186136 0.301329 1.539976 -0.628742 0.445570 0.637257 0.600267 0.330589 185 36 0 255
-0.107726 0.368774 1.556823 -0.055605 0.594409 0.802210 0.574696 0.317591 216 76 0 255
-0.266986 0.554859 1.413970 -0.837428 0.191107 0.512009 0.656008 0.324427 185 36 0 255
-0.186136 0.301329 1.539976 -0.628742 0.445570 0.637257 0.676456 0.253787 185 36 0 255
-0.196978 0.582758 1.419045 0.022492 0.549120 0.835414 0.676456 0.329660 185 36 0 255
-0.229189 0.257516 1.499511 -0.857784 0.512314 0.041353 0.694875 0.410088 185 36 0 255
-0.186136 0.301329 1.539976 -0.628742 0.445570 0.637257 0.675416 0.403784 185 36 0 255
-0.266986 0.554859 1.413970 -0.837428 0.191107 0.512009 0.694875 0.332929 185 36 0 255
-0.243081 0.502522 1.347604 -0.804590 -0.328806 -0.494461 0.603991 0.323308 157 20 0 255
-0.229189 0.257516 1.499511 -0.857784 0.512314 0.041353 0.626755 0.254716 185 36 0 255
-0.266986 0.554859 1.413970 -0.837428 0.191107 0.512009 0.626755 0.331876 185 36 0 255
-0.143093 0.258459 1.373245 -0.316294 0.607868 -0.728294 0.104360 0.263229 36 0 0 255
-0.229189 0.257516 1.499511 -0.857784 0.512314 0.041353 0.143608 0.247605 185 36 0 255
-0.243081 0.502522 1.347604 -0.804590 -0.328806 -0.494461 0.143608 0.319049 157 20 0 255
-0.200093 0.520657 1.310713 -0.029298 -0.467238 -0.883602 0.834146 0.321492 116 8 0 255
-0.143093 0.258459 1.373245 -0.316294 0.607868 -0.728294 0.834146 0.389693 36 0 0 255
-0.243081 0.502522 1.347604 -0.804590 -0.328806 -0.494461 0.818051 0.325636 157 20 0 255
-0.196322 0.571039 1.268719 0.000916 -0.504776 -0.863247 0.429242 0.695179 140 8 0 255
-0.200093 0.520657 1.310713 -0.029298 -0.467238 -0.883602 0.422112 0.680169 116 8 0 255
-0.243081 0.502522 1.347604 -0.804590 -0.328806 -0.494461 0.429242 0.666842 157 20 0 255
-0.145262 0.565756 1.321106 0.851131 -0.203650 -0.483810 0.401102 0.401778 185 36 0 255
-0.200093 0.520657 1.310713 -0.029298 -0.467238 -0.883602 0.401102 0.419540 116 8 0 255
-0.196322 0.571039 1.268719 0.000916 -0.504776 -0.863247 0.384406 0.412493 140 8 0 255
-0.097251 0.824941 1.188733 0.663106 -0.419813 0.619678 0.718510 0.332929 185 36 0 255
-0.145262 0.565756 1.321106 0.851131 -0.203650 -0.483810 0.718510 0.405945 185 36 0 255
-0.196322 0.571039 1.268719 0.000916 -0.504776 -0.863247 0.698599 0.401033 140 8 0 255
-0.143344 0.596936 1.378218 0.808618 0.397320 0.433851 0.619984 0.416085 185 65 0 255
-0.145262 0.565756 1.321106 0.851131 -0.203650 -0.483810 0.619984 0.432199 185 36 0 255
-0.097251 0.824941 1.188733 0.663106 -0.419813 0.619678 0.536851 0.429867 185 36 0 255
-0.126386 0.852635 1.189471 -0.147191 0.517563 0.842860 0.228610 0.504973 185 36 0 255
-0.143344 0.596936 1.378218 0.808618 0.397320 0.433851 0.228610 0.583758 185 65 0 255
-0.097251 0.824941 1.188733 0.663106 -0.419813 0.619678 0.218818 0.509988 185 36 0 255
-0.104031 0.901656 1.176005 -0.126011 0.443922 0.887143 0.923670 0.138622 73 0 0 255
-0.126386 0.852635 1.189471 -0.147191 0.517563 0.842860 0.916007 0.126633 0 0 0 255
-0.097251 0.824941 1.188733 0.663106 -0.419813 0.619678 0.923670 0.119299 0 0 0 255
-0.148016 0.929887 1.129774 -0.949797 0.270425 0.157231 0.937652 0.381526 37 0 0 255
-0.126386 0.852635 1.189471 -0.147191 0.517563 0.842860 0.937652 0.406280 0 0 0 255
-0.104031 0.901656 1.176005 -0.126011 0.443922 0.887143 0.927113 0.396112 73 0 0 255
-0.163270 0.851066 1.153604 -0.916898 0.195898 -0.347697 0.652045 0.848229 0 0 0 255
-0.126386 0.852635 1.189471 -0.147191 0.517563 0.842860 0.664191 0.841254 0 0 0 255
-0.148016 0.929887 1.129774 -0.949797 0.270425 0.157231 0.664191 0.866007 37 0 0 255
-0.242958 0.679544 1.347740 -0.638447 0.609058 0.470504 0.888303 0.308194 185 36 0 255
-0.126386 0.852635 1.189471 -0.147191 0.517563 0.842860 0.874324 0.244532 185 36 0 255
-0.163270 0.851066 1.153604 -0.916898 0.195898 -0.347697 0.888303 0.241102 185 36 0 255
-0.192499 0.641250 1.378575 0.141179 0.555650 0.819300 0.418388 0.623087 185 36 0 255
-0.126386 0.852635 1.189471 -0.147191 0.517563 0.842860 0.418388 0.695179 185 36 0 255
-0.242958 0.679544 1.347740 -0.638447 0.609058 0.470504 0.401373 0.632089 185 36 0 255
-0.143344 0.596936 1.378218 0.808618 0.397320 0.433851 0.067766 0.161799 185 65 0 255
-0.126386 0.852635 1.189471 -0.147191 0.517563 0.842860 0.067766 0.240584 185 36 0 255
-0.192499 0.641250 1.378575 0.141179 0.555650 0.819300 0.051552 0.169912 185 36 0 255
-0.196978 0.582758 1.419045 0.022492 0.549120 0.835414 0.952418 0.646437 185 36 0 255
-0.143344 0.596936 1.378218 0.808618 0.397320 0.433851 0.952418 0.663488 185 65 0 255
-0.192499 0.641250 1.378575 0.141179 0.555650 0.819300 0.935694 0.656218 185 36 0 255
-0.266986 0.554859 1.413970 -0.837428 0.191107 0.512009 0.981729 0.479494 185 36 0 255
-0.196978 0.582758 1.419045 0.022492 0.549120 0.835414 0.969701 0.464062 185 36 0 255
-0.192499 0.641250 1.378575 0.141179 0.555650 0.819300 0.981729 0.449929 185 36 0 255
-0.272873 0.609073 1.375432 -0.874020 0.309000 0.374889 0.094832 0.548384 185 36 0 255
-0.266986 0.554859 1.413970 -0.837428 0.191107 0.512009 0.108218 0.536759 185 36 0 255
-0.192499 0.641250 1.378575 0.141179 0.555650 0.819300 0.108218 0.566324 185 36 0 255
-0.243081 0.502522 1.347604 -0.804590 -0.328806 -0.494461 0.975777 0.211413 157 20 0 255
-0.266986 0.554859 1.413970 -0.837428 0.191107 0.512009 0.961317 0.193760 185 36 0 255
-0.272873 0.609073 1.375432 -0.874020 0.309000 0.374889 0.975777 0.183172 185 36 0 255
-0.262329 0.566537 1.322603 -0.872066 -0.254677 -0.417829 0.935084 0.844803 185 36 0 255
-0.243081 0.502522 1.347604 -0.804590 -0.328806 -0.494461 0.946523 0.830268 157 20 0 255
-0.272873 0.609073 1.375432 -0.874020 0.309000 0.374889 0.946523 0.858508 185 36 0 255
-0.196322 0.571039 1.268719 0.000916 -0.504776 -0.863247 0.123033 0.826495 140 8 0 255
-0.243081 0.502522 1.347604 -0.804590 -0.328806 -0.494461 0.123033 0.854832 157 20 0 255
-0.262329 0.566537 1.322603 -0.872066 -0.254677 -0.417829 0.108059 0.843028 185 36 0 255
-0.244898 0.632654 1.285252 -0.845424 -0.004761 -0.534043 0.448342 0.839191 185 36 0 255
-0.196322 0.571039 1.268719 0.000916 -0.504776 -0.863247 0.448342 0.859040 140 8 0 255
-0.262329 0.566537 1.322603 -0.872066 -0.254677 -0.417829 0.428381 0.847247 185 36 0 255
-0.272873 0.609073 1.375432 -0.874020 0.309000 0.374889 0.625963 0.856957 185 36 0 255
-0.244898 0.632654 1.285252 -0.845424 -0.004761 -0.534043 0.604159 0.842329 185 36 0 255
-0.262329 0.566537 1.322603 -0.872066 -0.254677 -0.417829 0.625963 0.839966 185 36 0 255
-0.242958 0.679544 1.347740 -0.638447 0.609058 0.470504 0.931360 0.847382 185 36 0 255
-0.244898 0.632654 1.285252 -0.845424 -0.004761 -0.534043 0.910060 0.842420 185 36 0 255
-0.272873 0.609073 1.375432 -0.874020 0.309000 0.374889 0.931360 0.827229 185 36 0 255
-0.192499 0.641250 1.378575 0.141179 0.555650 0.819300 0.171838 0.845910 185 36 0 255
-0.242958 0.679544 1.347740 -0.638447 0.609058 0.470504 0.190401 0.839698 185 36 0 255
-0.272873 0.609073 1.375432 -0.874020 0.309000 0.374889 0.190401 0.859850 185 36 0 255
-0.242958 0.679544 1.347740 -0.638447 0.609058 0.470504 0.522643 0.640678 185 36 0 255
-0.163270 0.851066 1.153604 -0.916898 0.195898 -0.347697 0.447545 0.628217 185 36 0 255
-0.244898 0.632654 1.285252 -0.845424 -0.004761 -0.534043 0.522643 0.621333 185 36 0 255
-0.138749 0.830344 1.147965 -0.169286 -0.505966 -0.845759 0.928491 0.475552 157 20 0 255
-0.244898 0.632654 1.285252 -0.845424 -0.004761 -0.534043 0.937489 0.410916 185 36 0 255
-0.163270 0.851066 1.153604 -0.916898 0.195898 -0.347697 0.937489 0.477199 185 36 0 255
-0.196322 0.571039 1.268719 0.000916 -0.504776 -0.863247 0.736607 0.507696 140 8 0 255
-0.244898 0.632654 1.285252 -0.845424 -0.004761 -0.534043 0.716748 0.498208 185 36 0 255
-0.138749 0.830344 1.147965 -0.169286 -0.505966 -0.845759 0.736607 0.435468 157 20 0 255
-0.097251 0.824941 1.188733 0.663106 -0.419813 0.619678 0.802795 0.309992 185 36 0 255
-0.196322 0.571039 1.268719 0.000916 -0.504776 -0.863247 0.818825 0.241102 140 8 0 255
-0.138749 0.830344 1.147965 -0.169286 -0.505966 -0.845759 0.818825 0.313330 157 20 0 255
0.089784 0.813959 1.157380 0.130467 -0.871456 0.472732 0.938420 0.189298 37 0 0 255
-0.097251 0.824941 1.188733 0.663106 -0.419813 0.619678 0.927396 0.143281 0 0 0 255
-0.138749 0.830344 1.147965 -0.169286 -0.505966 -0.845759 0.938420 0.132533 0 0 0 255
-0.104031 0.901656 1.176005 -0.126011 0.443922 0.887143 0.156923 0.770178 73 0 0 255
-0.097251 0.824941 1.188733 0.663106 -0.419813 0.619678 0.137473 0.761131 0 0 0 255
0.089784 0.813959 1.157380 0.130467 -0.871456 0.472732 0.156923 0.717316 37 0 0 255
0.084810 0.877578 1.164046 0.263039 0.438429 0.859371 0.240097 0.243374 37 0 0 255
-0.104031 0.901656 1.176005 -0.126011 0.443922 0.887143 0.255902 0.198241 73 0 0 255
0.089784 0.813959 1.157380 0.130467 -0.871456 0.472732 0.255902 0.251103 37 0 0 255
0.040825 0.905809 1.119739 0.702628 0.669698 -0.240333 0.916628 0.812986 37 0 0 255
-0.104031 0.901656 1.176005 -0.126011 0.443922 0.887143 0.931360 0.776743 73 0 0 255
0.084810 0.877578 1.164046 0.263039 0.438429 0.859371 0.931360 0.823960 37 0 0 255
-0.019886 1.066849 1.081046 -0.066286 0.688833 0.721824 0.043407 0.488808 37 0 0 255
-0.104031 0.901656 1.176005 -0.126011 0.443922 0.887143 0.043407 0.540370 145 0 0 255
0.040825 0.905809 1.119739 0.702628 0.669698 -0.240333 0.007167 0.518719 37 0 0 255
-0.113984 1.037922 1.025840 -0.796106 0.571612 0.198584 0.705309 0.008891 37 0 0 255
-0.104031 0.901656 1.176005 -0.126011 0.443922 0.887143 0.705309 0.059147 73 0 0 255
-0.019886 1.066849 1.081046 -0.066286 0.688833 0.721824 0.674341 0.015334 37 0 0 255
-0.148016 0.929887 1.129774 -0.949797 0.270425 0.157231 0.934883 0.244469 37 0 0 255
-0.104031 0.901656 1.176005 -0.126011 0.443922 0.887143 0.946883 0.230780 73 0 0 255
-0.113984 1.037922 1.025840 -0.796106 0.571612 0.198584 0.946883 0.281036 37 0 0 255
-0.119832 0.981310 0.981501 -0.661977 -0.481246 -0.574572 0.718249 0.431217 73 0 0 255
-0.148016 0.929887 1.129774 -0.949797 0.270425 0.157231 0.675416 0.419214 37 0 0 255
-0.113984 1.037922 1.025840 -0.796106 0.571612 0.198584 0.718249 0.413357 37 0 0 255
-0.049632 0.877327 1.097722 -0.057436 -0.637532 -0.768242 0.392873 0.709493 37 0 0 255
-0.148016 0.929887 1.129774 -0.949797 0.270425 0.157231 0.363416 0.696977 37 0 0 255
-0.119832 0.981310 0.981501 -0.661977 -0.481246 -0.574572 0.392873 0.667158 73 0 0 255
-0.163270 0.851066 1.153604 -0.916898 0.195898 -0.347697 0.384208 0.831677 0 0 0 255
-0.148016 0.929887 1.129774 -0.949797 0.270425 0.157231 0.363416 0.821848 37 0 0 255
-0.049632 0.877327 1.097722 -0.057436 -0.637532 -0.768242 0.384208 0.799663 37 0 0 255
-0.138749 0.830344 1.147965 -0.169286 -0.505966 -0.845759 0.389424 0.759532 0 0 0 255
-0.163270 0.851066 1.153604 -0.916898 0.195898 -0.347697 0.396731 0.754637 0 0 0 255
-0.049632 0.877327 1.097722 -0.057436 -0.637532 -0.768242 0.396731 0.786651 37 0 0 255
0.089784 0.813959 1.157380 0.130467 -0.871456 0.472732 0.814327 0.332929 37 0 0 255
-0.138749 0.830344 1.147965 -0.169286 -0.505966 -0.845759 0.814327 0.389693 0 0 0 255
-0.049632 0.877327 1.097722 -0.057436 -0.637532 -0.768242 0.793003 0.369050 37 0 0 255
0.094757 0.840152 1.117700 -0.167547 -0.485824 -0.857814 0.958310 0.538565 37 0 0 255
0.089784 0.813959 1.157380 0.130467 -0.871456 0.472732 0.970517 0.533544 37 0 0 255
-0.049632 0.877327 1.097722 -0.057436 -0.637532 -0.768242 0.970517 0.574228 37 0 0 255
0.210012 0.812709 1.099298 0.877102 -0.397320 -0.269814 0.879957 0.204434 185 70 0 255
0.089784 0.813959 1.157380 0.130467 -0.871456 0.472732 0.879957 0.237488 185 36 0 255
0.094757 0.840152 1.117700 -0.167547 -0.485824 -0.857814 0.867916 0.232168 185 36 0 255
0.084810 0.877578 1.164046 0.263039 0.438429 0.859371 0.957593 0.221582 185 36 0 255
0.089784 0.813959 1.157380 0.130467 -0.871456 0.472732 0.942144 0.213316 185 36 0 255
0.210012 0.812709 1.099298 0.877102 -0.397320 -0.269814 0.957593 0.183172 185 70 0 255
0.141229 0.896866 1.105583 0.487350 0.765099 -0.420820 0.941213 0.426228 93 11 0 255
0.084810 0.877578 1.164046 0.263039 0.438429 0.859371 0.957031 0.410916 185 36 0 255
0.210012 0.812709 1.099298 0.877102 -0.397320 -0.269814 0.957031 0.449326 185 70 0 255
0.094757 0.840152 1.117700 -0.167547 -0.485824 -0.857814 0.296471 0.819974 185 36 0 255
0.141229 0.896866 1.105583 0.487350 0.765099 -0.420820 0.317064 0.816563 93 11 0 255
0.210012 0.812709 1.099298 0.877102 -0.397320 -0.269814 0.317064 0.843513 185 70 0 255
0.040825 0.905809 1.119739 0.702628 0.669698 -0.240333 0.850021 0.847681 185 36 0 255
0.141229 0.896866 1.105583 0.487350 0.765099 -0.420820 0.829441 0.830115 93 11 0 255
0.094757 0.840152 1.117700 -0.167547 -0.485824 -0.857814 0.850021 0.826642 185 36 0 255
0.084810 0.877578 1.164046 0.263039 0.438429 0.859371 0.363416 0.850315 185 36 0 255
0.141229 0.896866 1.105583 0.487350 0.765099 -0.420820 0.379162 0.834946 93 11 0 255
0.040825 0.905809 1.119739 0.702628 0.669698 -0.240333 0.379162 0.860143 185 36 0 255
0.094757 0.840152 1.117700 -0.167547 -0.485824 -0.857814 0.965289 0.776743 37 0 0 255
-0.049632 0.877327 1.097722 -0.057436 -0.637532 -0.768242 0.965289 0.813981 37 0 0 255
0.040825 0.905809 1.119739 0.702628 0.669698 -0.240333 0.950807 0.793507 37 0 0 255
0.121410 1.016338 1.045289 0.916196 -0.236946 0.323069 0.911862 0.119505 73 0 0 255
0.040825 0.905809 1.119739 0.702628 0.669698 -0.240333 0.896493 0.083392 37 0 0 255
-0.049632 0.877327 1.097722 -0.057436 -0.637532 -0.768242 0.911862 0.063422 37 0 0 255
-0.019886 1.066849 1.081046 -0.066286 0.688833 0.721824 0.532535 0.312214 37 0 0 255
0.040825 0.905809 1.119739 0.702628 0.669698 -0.240333 0.532535 0.355880 37 0 0 255
0.121410 1.016338 1.045289 0.916196 -0.236946 0.323069 0.496597 0.333725 73 0 0 255
0.035223 1.142660 0.973712 0.012665 0.942503 0.333903 0.041490 0.636868 185 36 0 255
-0.019886 1.066849 1.081046 -0.066286 0.688833 0.721824 0.007167 0.618528 185 36 0 255
0.121410 1.016338 1.045289 0.916196 -0.236946 0.323069 0.041490 0.595071 185 36 0 255
-0.113984 1.037922 1.025840 -0.796106 0.571612 0.198584 0.846370 0.288037 185 36 0 255
-0.019886 1.066849 1.081046 -0.066286 0.688833 0.721824 0.822549 0.269509 185 36 0 255
0.035223 1.142660 0.973712 0.012665 0.942503 0.333903 0.846370 0.241102 185 36 0 255
-0.074551 1.093724 0.830477 -0.263955 0.207953 -0.941832 0.051521 0.434306 185 36 0 255
-0.113984 1.037922 1.025840 -0.796106 0.571612 0.198584 0.051521 0.485539 185 36 0 255
0.035223 1.142660 0.973712 0.012665 0.942503 0.333903 0.007167 0.459331 185 36 0 255
-0.119832 0.981310 0.981501 -0.661977 -0.481246 -0.574572 0.305568 0.737144 185 70 0 255
-0.113984 1.037922 1.025840 -0.796106 0.571612 0.198584 0.324602 0.730838 185 36 0 255
-0.074551 1.093724 0.830477 -0.263955 0.207953 -0.941832 0.324602 0.782071 185 36 0 255
-0.005065 1.002262 1.001227 0.259346 -0.725272 -0.637715 0.214351 0.570615 185 36 0 255
-0.119832 0.981310 0.981501 -0.661977 -0.481246 -0.574572 0.214351 0.599904 185 70 0 255
-0.074551 1.093724 0.830477 -0.263955 0.207953 -0.941832 0.160847 0.590337 185 36 0 255
-0.049632 0.877327 1.097722 -0.057436 -0.637532 -0.768242 0.048806 0.682954 37 0 0 255
-0.119832 0.981310 0.981501 -0.661977 -0.481246 -0.574572 0.092925 0.665860 73 0 0 255
-0.005065 1.002262 1.001227 0.259346 -0.725272 -0.637715 0.092925 0.695149 109 0 0 255
0.121410 1.016338 1.045289 0.916196 -0.236946 0.323069 0.358075 0.558573 73 0 0 255
-0.049632 0.877327 1.097722 -0.057436 -0.637532 -0.768242 0.358075 0.614656 37 0 0 255
-0.005065 1.002262 1.001227 0.259346 -0.725272 -0.637715 0.330860 0.581823 109 0 0 255
0.147106 1.063733 0.962247 0.965514 -0.243171 0.092715 0.385700 0.796393 185 36 0 255
0.121410 1.016338 1.045289 0.916196 -0.236946 0.323069 0.363416 0.781630 185 70 0 255
-0.005065 1.002262 1.001227 0.259346 -0.725272 -0.637715 0.385700 0.754637 185 36 0 255
0.035223 1.142660 0.973712 0.012665 0.942503 0.333903 0.428381 0.771208 185 36 0 255
0.121410 1.016338 1.045289 0.916196 -0.236946 0.323069 0.467124 0.746915 185 36 0 255
0.147106 1.063733 0.962247 0.965514 -0.243171 0.092715 0.467124 0.771424 93 11 0 255
0.163587 1.113516 0.877910 0.729148 0.192053 -0.656819 0.862692 0.422536 185 36 0 255
0.035223 1.142660 0.973712 0.012665 0.942503 0.333903 0.890602 0.390539 185 36 0 255
0.147106 1.063733 0.962247 0.965514 -0.243171 0.092715 0.890602 0.424551 93 11 0 255
-0.005065 1.002262 1.001227 0.259346 -0.725272 -0.637715 0.882336 0.533544 185 36 0 255
0.163587 1.113516 0.877910 0.729148 0.192053 -0.656819 0.882336 0.592138 185 36 0 255
0.147106 1.063733 0.962247 0.965514 -0.243171 0.092715 0.865396 0.572563 185 36 0 255
0.092983 1.134750 0.896147 0.352306 0.672536 -0.650777 0.877821 0.619500 93 11 0 255
0.163587 1.113516 0.877910 0.729148 0.192053 -0.656819 0.893984 0.607165 185 36 0 255
-0.005065 1.002262 1.001227 0.259346 -0.725272 -0.637715 0.893984 0.665759 185 36 0 255
0.035223 1.142660 0.973712 0.012665 0.942503 0.333903 0.573643 0.724254 185 36 0 255
0.163587 1.113516 0.877910 0.729148 0.192053 -0.656819 0.573643 0.764554 185 36 0 255
0.092983 1.134750 0.896147 0.352306 0.672536 -0.650777 0.565470 0.747176 185 70 0 255
0.053304 1.129408 0.837338 0.165624 0.197516 -0.966186 0.215823 0.639201 185 36 0 255
0.035223 1.142660 0.973712 0.012665 0.942503 0.333903 0.215823 0.673412 185 36 0 255
0.092983 1.134750 0.896147 0.352306 0.672536 -0.650777 0.202551 0.652407 93 11 0 255
-0.005065 1.002262 1.001227 0.259346 -0.725272 -0.637715 0.025247 0.734640 185 36 0 255
0.053304 1.129408 0.837338 0.165624 0.197516 -0.966186 0.025247 0.787982 185 36 0 255
0.092983 1.134750 0.896147 0.352306 0.672536 -0.650777 0.007167 0.780350 185 70 0 255
-0.006562 1.121232 0.888964 -0.288491 0.582232 -0.760094 0.899332 0.336421 93 11 0 255
0.053304 1.129408 0.837338 0.165624 0.197516 -0.966186 0.913928 0.321492 185 36 0 255
-0.005065 1.002262 1.001227 0.259346 -0.725272 -0.637715 0.913928 0.374833 185 36 0 255
0.035223 1.142660 0.973712 0.012665 0.942503 0.333903 0.766814 0.819359 185 36 0 255
0.053304 1.129408 0.837338 0.165624 0.197516 -0.966186 0.766814 0.853571 185 36 0 255
-0.006562 1.121232 0.888964 -0.288491 0.582232 -0.760094 0.751490 0.839215 185 70 0 255
-0.074551 1.093724 0.830477 -0.263955 0.207953 -0.941832 0.067766 0.243854 185 36 0 255
0.035223 1.142660 0.973712 0.012665 0.942503 0.333903 0.067766 0.290139 185 36 0 255
-0.006562 1.121232 0.888964 -0.288491 0.582232 -0.760094 0.062485 0.266607 93 11 0 255
-0.005065 1.002262 1.001227 0.259346 -0.725272 -0.637715 0.870600 0.241102 185 36 0 255
-0.074551 1.093724 0.830477 -0.263955 0.207953 -0.941832 0.870600 0.292044 185 36 0 255
-0.006562 1.121232 0.888964 -0.288491 0.582232 -0.760094 0.850094 0.277374 185 70 0 255
-0.196978 0.582758 1.419045 0.022492 0.549120 0.835414 0.755563 0.672126 185 36 0 255
-0.107726 0.368774 1.556823 -0.055605 0.594409 0.802210 0.773113 0.607165 216 76 0 255
-0.143344 0.596936 1.378218 0.808618 0.397320 0.433851 0.773113 0.679432 185 65 0 255
-0.018600 0.355110 1.513373 0.829676 0.554094 0.067537 0.388597 0.475027 185 36 0 255
-0.143344 0.596936 1.378218 0.808618 0.397320 0.433851 0.306380 0.453881 185 65 0 255
-0.107726 0.368774 1.556823 -0.055605 0.594409 0.802210 0.388597 0.450250 216 76 0 255
0.003509 0.287523 1.601095 0.578021 0.793512 0.190252 0.324602 0.785340 185 36 0 255
-0.018600 0.355110 1.513373 0.829676 0.554094 0.067537 0.324602 0.813294 185 36 0 255
-0.107726 0.368774 1.556823 -0.055605 0.594409 0.802210 0.296471 0.811282 216 76 0 255
-0.050113 0.252643 0.062144 -0.644429 0.754448 0.124302 0.649498 0.332929 18 0 0 255
-0.061813 0.190650 0.396588 -0.235572 0.941191 0.242134 0.649498 0.417178 65 0 0 255
0.013446 0.226691 0.161379 0.074282 0.789239 0.609516 0.630479 0.357697 37 0 0 255
-0.076590 0.169733 0.396233 -0.983032 -0.038331 0.179296 0.054165 0.574270 87 0 0 255
-0.061813 0.190650 0.396588 -0.235572 0.941191 0.242134 0.047131 0.572831 65 0 0 255
-0.050113 0.252643 0.062144 -0.644429 0.754448 0.124302 0.054552 0.494234 18 0 0 255
-0.125286 0.112768 0.062735 -0.968261 -0.244881 0.049867 0.205952 0.067781 18 0 0 255
-0.076590 0.169733 0.396233 -0.983032 -0.038331 0.179296 0.205952 0.152394 87 0 0 255
-0.050113 0.252643 0.062144 -0.644429 0.754448 0.124302 0.162179 0.076059 18 0 0 255
-0.032544 0.126731 0.396942 0.027589 -0.963652 0.265664 0.384406 0.313945 65 0 0 255
-0.076590 0.169733 0.396233 -0.983032 -0.038331 0.179296 0.401765 0.313896 87 0 0 255
-0.125286 0.112768 0.062735 -0.968261 -0.244881 0.049867 0.401765 0.398509 18 0 0 255
-0.050757 0.051192 0.062026 -0.244331 -0.952879 0.179724 0.402781 0.446981 18 0 0 255
-0.032544 0.126731 0.396942 0.027589 -0.963652 0.265664 0.306380 0.437938 65 0 0 255
-0.125286 0.112768 0.062735 -0.968261 -0.244881 0.049867 0.402781 0.423049 18 0 0 255
0.033182 0.131548 0.160824 0.427839 -0.633534 0.644612 0.492548 0.111399 37 0 0 255
-0.032544 0.126731 0.396942 0.027589 -0.963652 0.265664 0.519681 0.055585 65 0 0 255
-0.050757 0.051192 0.062026 -0.244331 -0.952879 0.179724 0.519681 0.140693 18 0 0 255
0.084559 0.062062 0.061602 -0.016999 -0.955351 0.294931 0.578716 0.716541 18 0 0 255
0.033182 0.131548 0.160824 0.427839 -0.633534 0.644612 0.609659 0.698569 37 0 0 255
-0.050757 0.051192 0.062026 -0.244331 -0.952879 0.179724 0.609659 0.736325 18 0 0 255
0.247131 0.111535 0.155465 0.135594 -0.679647 0.720878 0.144951 0.498257 37 0 0 255
0.033182 0.131548 0.160824 0.427839 -0.633534 0.644612 0.144951 0.551466 37 0 0 255
0.084559 0.062062 0.061602 -0.016999 -0.955351 0.294931 0.111941 0.536594 18 0 0 255
0.227534 0.390487 0.062440 -0.025422 0.988647 0.148045 0.214403 0.461517 18 0 0 255
0.013446 0.226691 0.161379 0.074282 0.789239 0.609516 0.214403 0.532597 37 0 0 255
0.255863 0.365692 0.153690 0.087741 0.824549 0.558885 0.187436 0.467573 37 0 0 255
-0.050113 0.252643 0.062144 -0.644429 0.754448 0.124302 0.111941 0.373538 18 0 0 255
0.013446 0.226691 0.161379 0.074282 0.789239 0.609516 0.145965 0.373140 37 0 0 255
0.227534 0.390487 0.062440 -0.025422 0.988647 0.148045 0.145965 0.444220 18 0 0 255
0.227928 0.390783 -0.000000 0.017884 0.788629 -0.614551 0.747264 0.143963 102 102 102 255
-0.050113 0.252643 0.062144 -0.644429 0.754448 0.124302 0.747264 0.222340 141 141 141 255
0.227534 0.390487 0.062440 -0.025422 0.988647 0.148045 0.730026 0.147114 141 141 141 255
-0.050113 0.252348 0.000000 -0.524949 0.554064 -0.646046 0.426625 0.584525 102 102 102 255
-0.050113 0.252643 0.062144 -0.644429 0.754448 0.124302 0.443815 0.581538 141 141 141 255
0.227928 0.390783 -0.000000 0.017884 0.788629 -0.614551 0.443815 0.659916 102 102 102 255
-0.125286 0.112768 0.062735 -0.968261 -0.244881 0.049867 0.719710 0.825373 124 105 105 255
-0.050113 0.252643 0.062144 -0.644429 0.754448 0.124302 0.703389 0.788769 124 105 105 255
-0.050113 0.252348 0.000000 -0.524949 0.554064 -0.646046 0.719710 0.783168 102 80 80 255
-0.125286 0.141810 0.000000 -0.814447 0.096713 -0.572069 0.940254 0.545144 102 80 80 255
-0.125286 0.112768 0.062735 -0.968261 -0.244881 0.049867 0.954587 0.533544 124 105 105 255
-0.050113 0.252348 0.000000 -0.524949 0.554064 -0.646046 0.954587 0.575750 102 80 80 255
-0.050757 0.050788 0.000493 -0.256264 -0.732475 -0.630696 0.027265 0.817697 102 102 102 255
-0.125286 0.112768 0.062735 -0.968261 -0.244881 0.049867 0.027265 0.846213 141 141 141 255
-0.125286 0.141810 0.000000 -0.814447 0.096713 -0.572069 0.008464 0.841690 102 102 102 255
-0.050757 0.051192 0.062026 -0.244331 -0.952879 0.179724 0.489570 0.849578 141 141 141 255
-0.125286 0.112768 0.062735 -0.968261 -0.244881 0.049867 0.504132 0.829346 141 141 141 255
-0.050757 0.050788 0.000493 -0.256264 -0.732475 -0.630696 0.504132 0.857862 102 102 102 255
0.084559 0.062062 0.061602 -0.016999 -0.955351 0.294931 0.064625 0.846020 124 105 105 255
-0.050757 0.051192 0.062026 -0.244331 -0.952879 0.179724 0.048806 0.815420 124 105 105 255
-0.050757 0.050788 0.000493 -0.256264 -0.732475 -0.630696 0.064625 0.809161 102 80 80 255
0.084133 0.064280 0.000246 -0.009919 -0.666372 -0.745506 0.948204 0.069709 102 80 80 255
0.084559 0.062062 0.061602 -0.016999 -0.955351 0.294931 0.963966 0.063422 124 105 105 255
-0.050757 0.050788 0.000493 -0.256264 -0.732475 -0.630696 0.963966 0.100281 102 80 80 255
-0.050113 0.252348 0.000000 -0.524949 0.554064 -0.646046 0.302126 0.480126 7 7 7 255
0.084133 0.064280 0.000246 -0.009919 -0.666372 -0.745506 0.302126 0.537324 7 7 7 255
-0.050757 0.050788 0.000493 -0.256264 -0.732475 -0.630696 0.268956 0.520643 7 7 7 255
-0.125286 0.141810 0.000000 -0.814447 0.096713 -0.572069 0.837870 0.348914 0 0 0 255
-0.050113 0.252348 0.000000 -0.524949 0.554064 -0.646046 0.858968 0.321492 7 7 7 255
-0.050757 0.050788 0.000493 -0.256264 -0.732475 -0.630696 0.858968 0.371387 7 7 7 255
-0.050113 0.252348 0.000000 -0.524949 0.554064 -0.646046 0.158455 0.124979 7 7 7 255
0.227928 0.390783 -0.000000 0.017884 0.788629 -0.614551 0.071962 0.112884 17 17 17 255
0.084133 0.064280 0.000246 -0.009919 -0.666372 -0.745506 0.158455 0.067781 7 7 7 255
0.228354 0.045490 0.000246 0.070528 -0.740440 -0.668355 0.047828 0.247274 17 17 17 255
0.084133 0.064280 0.000246 -0.009919 -0.666372 -0.745506 0.007167 0.242579 7 7 7 255
0.227928 0.390783 -0.000000 0.017884 0.788629 -0.614551 0.047828 0.161799 17 17 17 255
0.084559 0.062062 0.061602 -0.016999 -0.955351 0.294931 0.935694 0.607341 141 141 141 255
0.084133 0.064280 0.000246 -0.009919 -0.666372 -0.745506 0.953005 0.607165 102 102 102 255
0.228354 0.045490 0.000246 0.070528 -0.740440 -0.668355 0.953005 0.643168 102 102 102 255
0.259280 0.045331 0.062341 0.222297 -0.947264 0.230720 0.154964 0.773447 141 141 141 255
0.084559 0.062062 0.061602 -0.016999 -0.955351 0.294931 0.154964 0.816896 141 141 141 255
0.228354 0.045490 0.000246 0.070528 -0.740440 -0.668355 0.137473 0.781136 102 102 102 255
0.247131 0.111535 0.155465 0.135594 -0.679647 0.720878 0.737966 0.008891 37 0 0 255
0.084559 0.062062 0.061602 -0.016999 -0.955351 0.294931 0.737966 0.056947 18 0 0 255
0.259280 0.045331 0.062341 0.222297 -0.947264 0.230720 0.709033 0.021694 18 0 0 255
0.433610 0.133669 0.061848 0.826533 -0.505966 0.246620 0.675633 0.628862 8 0 0 255
0.247131 0.111535 0.155465 0.135594 -0.679647 0.720878 0.643671 0.585151 37 0 0 255
0.259280 0.045331 0.062341 0.222297 -0.947264 0.230720 0.675633 0.580484 18 0 0 255
0.228354 0.045490 0.000246 0.070528 -0.740440 -0.668355 0.067365 0.308586 102 80 80 255
0.433610 0.133669 0.061848 0.826533 -0.505966 0.246620 0.067365 0.365949 124 105 105 255
0.259280 0.045331 0.062341 0.222297 -0.947264 0.230720 0.052205 0.319437 124 105 105 255
0.434462 0.134970 -0.000000 0.707419 -0.385540 -0.592334 0.830757 0.729781 102 80 80 255
0.433610 0.133669 0.061848 0.826533 -0.505966 0.246620 0.847668 0.726021 124 105 105 255
0.228354 0.045490 0.000246 0.070528 -0.740440 -0.668355 0.847668 0.783385 102 80 80 255
0.227928 0.390783 -0.000000 0.017884 0.788629 -0.614551 0.071962 0.030569 17 17 17 255
0.434462 0.134970 -0.000000 0.707419 -0.385540 -0.592334 0.161323 0.008891 29 29 29 255
0.228354 0.045490 0.000246 0.070528 -0.740440 -0.668355 0.161323 0.064512 17 17 17 255
0.411083 0.289832 -0.000000 0.643544 0.449782 -0.619251 0.161203 0.480951 29 29 29 255
0.434462 0.134970 -0.000000 0.707419 -0.385540 -0.592334 0.183506 0.447489 29 29 29 255
0.227928 0.390783 -0.000000 0.017884 0.788629 -0.614551 0.183506 0.528876 17 17 17 255
0.411219 0.289511 0.061848 0.808313 0.572497 0.137181 0.902765 0.587595 124 105 105 255
0.411083 0.289832 -0.000000 0.643544 0.449782 -0.619251 0.886060 0.583193 102 80 80 255
0.227928 0.390783 -0.000000 0.017884 0.788629 -0.614551 0.902765 0.533544 102 80 80 255
0.227534 0.390487 0.062440 -0.025422 0.988647 0.148045 0.898726 0.670145 124 105 105 255
0.411219 0.289511 0.061848 0.808313 0.572497 0.137181 0.898726 0.722033 124 105 105 255
0.227928 0.390783 -0.000000 0.017884 0.788629 -0.614551 0.881119 0.670239 102 80 80 255
0.255863 0.365692 0.153690 0.087741 0.824549 0.558885 0.274693 0.663678 37 0 0 255
0.411219 0.289511 0.061848 0.808313 0.572497 0.137181 0.219778 0.658436 8 0 0 255
0.227534 0.390487 0.062440 -0.025422 0.988647 0.148045 0.274693 0.639243 18 0 0 255
0.406333 0.226560 0.172236 0.721122 0.030763 0.692099 0.656859 0.140693 127 0 0 255
0.411219 0.289511 0.061848 0.808313 0.572497 0.137181 0.623761 0.128579 8 0 0 255
0.255863 0.365692 0.153690 0.087741 0.824549 0.558885 0.656859 0.089756 37 0 0 255
0.269089 0.235946 0.225298 0.105075 0.028840 0.994018 0.090357 0.630879 185 0 0 255
0.406333 0.226560 0.172236 0.721122 0.030763 0.692099 0.048806 0.629603 127 0 0 255
0.255863 0.365692 0.153690 0.087741 0.824549 0.558885 0.090357 0.594049 37 0 0 255
0.247131 0.111535 0.155465 0.135594 -0.679647 0.720878 0.720775 0.639148 37 0 0 255
0.406333 0.226560 0.172236 0.721122 0.030763 0.692099 0.679357 0.606604 127 0 0 255
0.269089 0.235946 0.225298 0.105075 0.028840 0.994018 0.720775 0.603415 185 0 0 255
0.433610 0.133669 0.061848 0.826533 -0.505966 0.246620 0.359692 0.478296 8 0 0 255
0.406333 0.226560 0.172236 0.721122 0.030763 0.692099 0.359692 0.514642 127 0 0 255
0.247131 0.111535 0.155465 0.135594 -0.679647 0.720878 0.306380 0.500828 37 0 0 255
0.411219 0.289511 0.061848 0.808313 0.572497 0.137181 0.344405 0.696089 8 0 0 255
0.406333 0.226560 0.172236 0.721122 0.030763 0.692099 0.344405 0.727569 127 0 0 255
0.433610 0.133669 0.061848 0.826533 -0.505966 0.246620 0.305568 0.714972 8 0 0 255
0.434462 0.134970 -0.000000 0.707419 -0.385540 -0.592334 0.800126 0.140308 102 102 102 255
0.411219 0.289511 0.061848 0.808313 0.572497 0.137181 0.755738 0.125728 141 141 141 255
0.433610 0.133669 0.061848 0.826533 -0.505966 0.246620 0.800126 0.124993 141 141 141 255
0.411083 0.289832 -0.000000 0.643544 0.449782 -0.619251 0.216001 0.795511 102 102 102 255
0.411219 0.289511 0.061848 0.808313 0.572497 0.137181 0.216001 0.810821 141 141 141 255
0.434462 0.134970 -0.000000 0.707419 -0.385540 -0.592334 0.171838 0.795723 102 102 102 255
0.131050 -0.106821 2.254963 0.007569 0.917631 0.397351 0.215094 0.255741 185 0 0 255
0.067329 0.029248 1.941950 -0.072848 0.665761 0.742546 0.215094 0.341689 114 0 0 255
0.107685 0.010875 2.012743 0.806879 -0.263863 -0.528459 0.206986 0.322275 23 0 0 255
0.114048 -0.084994 1.913438 0.176611 -0.290567 0.940397 0.864193 0.235792 185 36 0 255
0.202052 0.000000 1.912919 0.487716 0.258248 0.833888 0.832009 0.224881 185 36 0 255
0.067329 0.029248 1.941950 -0.072848 0.665761 0.742546 0.864193 0.204434 185 65 0 255
-0.089387 -0.026534 1.917897 -0.338939 0.545244 0.766686 0.726302 0.143963 185 36 0 255
0.114048 -0.084994 1.913438 0.176611 -0.290567 0.940397 0.726302 0.196371 185 36 0 255
0.067329 0.029248 1.941950 -0.072848 0.665761 0.742546 0.697946 0.177301 185 65 0 255
-0.136535 -0.192625 1.902695 -0.753288 -0.012177 0.657521 0.444416 0.352218 116 6 0 255
0.114048 -0.084994 1.913438 0.176611 -0.290567 0.940397 0.444416 0.419780 185 36 0 255
-0.089387 -0.026534 1.917897 -0.338939 0.545244 0.766686 0.406505 0.379295 185 36 0 255
-0.252629 -0.000000 1.714028 -0.885617 0.126316 0.446852 0.339588 0.120569 185 36 0 255
-0.136535 -0.192625 1.902695 -0.753288 -0.012177 0.657521 0.291199 0.061610 116 6 0 255
-0.089387 -0.026534 1.917897 -0.338939 0.545244 0.766686 0.339588 0.055585 185 36 0 255
-0.126288 -0.235120 1.762809 -0.741234 -0.670980 0.017029 0.318994 0.008891 185 36 0 255
-0.136535 -0.192625 1.902695 -0.753288 -0.012177 0.657521 0.318994 0.045170 116 6 0 255
-0.252629 -0.000000 1.714028 -0.885617 0.126316 0.446852 0.242965 0.016428 185 36 0 255
-0.221969 -0.208564 1.641773 -0.728904 -0.536882 0.424757 0.051312 0.431037 185 36 0 255
-0.126288 -0.235120 1.762809 -0.741234 -0.670980 0.017029 0.007167 0.430733 185 36 0 255
-0.252629 -0.000000 1.714028 -0.885617 0.126316 0.446852 0.051312 0.375874 185 36 0 255
0.265382 -0.090608 1.847285 0.892850 -0.176427 0.414319 0.328326 0.812311 157 20 0 255
0.278319 -0.018717 1.824207 0.963134 -0.026215 0.267678 0.349550 0.808784 185 36 0 255
0.202052 0.000000 1.912919 0.487716 0.258248 0.833888 0.349550 0.838112 185 36 0 255
0.114048 -0.084994 1.913438 0.176611 -0.290567 0.940397 0.640673 0.516523 185 36 0 255
0.265382 -0.090608 1.847285 0.892850 -0.176427 0.414319 0.604743 0.490473 157 20 0 255
0.202052 0.000000 1.912919 0.487716 0.258248 0.833888 0.640672 0.486237 185 36 0 255
0.264200 -0.177259 1.821566 0.718986 -0.582202 0.379559 0.295061 0.769788 185 36 0 255
0.265382 -0.090608 1.847285 0.892850 -0.176427 0.414319 0.274059 0.757108 157 20 0 255
0.114048 -0.084994 1.913438 0.176611 -0.290567 0.940397 0.295061 0.720590 185 36 0 255
0.097722 -0.223764 1.856037 0.522477 -0.561785 0.641377 0.583666 0.121231 116 6 0 255
0.264200 -0.177259 1.821566 0.718986 -0.582202 0.379559 0.620037 0.091496 185 36 0 255
0.114048 -0.084994 1.913438 0.176611 -0.290567 0.940397 0.620037 0.140693 185 36 0 255
-0.136535 -0.192625 1.902695 -0.753288 -0.012177 0.657521 0.392641 0.014094 116 6 0 255
0.097722 -0.223764 1.856037 0.522477 -0.561785 0.641377 0.460306 0.008891 116 6 0 255
0.114048 -0.084994 1.913438 0.176611 -0.290567 0.940397 0.460306 0.046284 185 36 0 255
-0.060747 -0.255446 1.976645 0.117801 0.500351 0.857753 0.610071 0.051809 185 36 0 255
0.097722 -0.223764 1.856037 0.522477 -0.561785 0.641377 0.639106 0.008891 116 6 0 255
-0.136535 -0.192625 1.902695 -0.753288 -0.012177 0.657521 0.639106 0.068518 116 6 0 255
-0.069700 -0.478987 2.063259 -0.079104 -0.732963 0.675619 0.667042 0.226899 185 65 0 255
-0.060747 -0.255446 1.976645 0.117801 0.500351 0.857753 0.648572 0.169770 185 36 0 255
-0.136535 -0.192625 1.902695 -0.753288 -0.012177 0.657521 0.667042 0.143963 116 6 0 255
-0.126288 -0.235120 1.762809 -0.741234 -0.670980 0.017029 0.287475 0.055585 116 15 0 255
-0.069700 -0.478987 2.063259 -0.079104 -0.732963 0.675619 0.287475 0.152394 185 65 0 255
-0.136535 -0.192625 1.902695 -0.753288 -0.012177 0.657521 0.252754 0.075262 116 6 0 255
-0.031182 -0.356815 1.808896 0.028047 -0.856716 -0.515000 0.071962 0.313458 185 36 0 255
-0.069700 -0.478987 2.063259 -0.079104 -0.732963 0.675619 0.100636 0.247605 185 65 0 255
-0.126288 -0.235120 1.762809 -0.741234 -0.670980 0.017029 0.100636 0.344414 116 15 0 255
0.006692 -0.265837 1.711588 0.139470 -0.984832 -0.102878 0.485929 0.643947 116 5 0 255
-0.031182 -0.356815 1.808896 0.028047 -0.856716 -0.515000 0.485929 0.678230 185 36 0 255
-0.126288 -0.235120 1.762809 -0.741234 -0.670980 0.017029 0.447545 0.656863 116 15 0 255
-0.097777 -0.274256 1.627785 -0.231086 -0.839320 0.492050 0.826791 0.428471 185 36 0 255
0.006692 -0.265837 1.711588 0.139470 -0.984832 -0.102878 0.793003 0.413515 157 20 0 255
-0.126288 -0.235120 1.762809 -0.741234 -0.670980 0.017029 0.826791 0.392962 185 36 0 255
-0.221969 -0.208564 1.641773 -0.728904 -0.536882 0.424757 0.489653 0.657753 185 36 0 255
-0.097777 -0.274256 1.627785 -0.231086 -0.839320 0.492050 0.526228 0.643947 185 36 0 255
-0.126288 -0.235120 1.762809 -0.741234 -0.670980 0.017029 0.526228 0.679455 185 36 0 255
-0.186136 -0.301329 1.539976 -0.628742 -0.445570 0.637257 0.192827 0.737365 185 36 0 255
-0.097777 -0.274256 1.627785 -0.231086 -0.839320 0.492050 0.160847 0.722956 185 36 0 255
-0.221969 -0.208564 1.641773 -0.728904 -0.536882 0.424757 0.192827 0.702138 185 36 0 255
-0.229189 -0.257516 1.499511 -0.857784 -0.512314 0.041353 0.868347 0.117441 185 36 0 255
-0.186136 -0.301329 1.539976 -0.628742 -0.445570 0.637257 0.868347 0.135650 185 36 0 255
-0.221969 -0.208564 1.641773 -0.728904 -0.536882 0.424757 0.828625 0.130642 185 36 0 255
-0.287631 -0.213210 1.486574 -0.818751 -0.573504 0.025880 0.156690 0.713233 185 36 0 255
-0.229189 -0.257516 1.499511 -0.857784 -0.512314 0.041353 0.137928 0.704952 185 36 0 255
-0.221969 -0.208564 1.641773 -0.728904 -0.536882 0.424757 0.156690 0.671502 185 36 0 255
-0.143093 -0.258459 1.373245 -0.316294 -0.607868 -0.728294 0.925816 0.529588 36 0 0 255
-0.229189 -0.257516 1.499511 -0.857784 -0.512314 0.041353 0.909644 0.494522 185 36 0 255
-0.287631 -0.213210 1.486574 -0.818751 -0.573504 0.025880 0.925816 0.482763 185 36 0 255
-0.265320 -0.125865 1.181378 -0.793146 -0.507462 -0.336680 0.162179 0.200756 185 36 0 255
-0.143093 -0.258459 1.373245 -0.316294 -0.607868 -0.728294 0.236373 0.198241 36 0 0 255
-0.287631 -0.213210 1.486574 -0.818751 -0.573504 0.025880 0.236373 0.245067 185 36 0 255
0.264659 -0.100666 1.707117 0.850795 -0.311106 0.423475 0.557757 0.212216 185 36 0 255
0.525437 0.000000 1.615576 0.084567 0.000000 0.996399 0.586644 0.143963 185 36 0 255
0.269486 0.000000 1.725724 0.885861 0.000000 0.463912 0.586644 0.212939 131 15 0 255
0.266611 -0.059776 1.726276 0.997253 -0.048860 -0.055422 0.402938 0.921886 255 255 255 255
0.264659 -0.100666 1.707117 0.850795 -0.311106 0.423475 0.334831 0.945639 140 140 140 255
0.269486 0.000000 1.725724 0.885861 0.000000 0.463912 0.402639 0.887033 46 46 46 255
0.263301 -0.131346 1.726833 0.963744 -0.193030 -0.184118 0.402938 0.963612 255 255 255 255
0.269486 0.000000 1.725724 0.885861 0.000000 0.463912 0.985032 0.635188 46 46 46 255
0.274751 -0.059744 1.797790 0.997375 -0.070559 -0.014313 0.985032 0.658397 255 255 255 255
0.266611 -0.059776 1.726276 0.997253 -0.048860 -0.055422 0.972077 0.644682 255 255 255 255
0.278319 -0.018717 1.824207 0.963134 -0.026215 0.267678 0.982513 0.128462 78 78 78 255
0.274751 -0.059744 1.797790 0.997375 -0.070559 -0.014313 0.969745 0.123874 255 255 255 255
0.269486 0.000000 1.725724 0.885861 0.000000 0.463912 0.982513 0.103550 46 46 46 255
0.278319 -0.018717 1.824207 0.963134 -0.026215 0.267678 0.965987 0.230780 0 0 0 255
0.252010 -0.083844 1.957244 0.974578 -0.182562 0.129734 0.965987 0.268020 12 7 0 255
0.265382 -0.090608 1.847285 0.892850 -0.176427 0.414319 0.950607 0.244096 29 11 0 255
0.274751 -0.059744 1.797790 0.997375 -0.070559 -0.014313 0.736030 0.431732 255 255 255 255
0.278319 -0.018717 1.824207 0.963134 -0.026215 0.267678 0.722234 0.431699 78 78 78 255
0.265382 -0.090608 1.847285 0.892850 -0.176427 0.414319 0.736030 0.417108 140 140 140 255
0.265382 -0.090608 1.847285 0.892850 -0.176427 0.414319 0.783014 0.527882 140 140 140 255
0.270835 -0.131584 1.798400 0.993194 -0.116367 -0.003571 0.783014 0.543729 255 255 255 255
0.274751 -0.059744 1.797790 0.997375 -0.070559 -0.014313 0.767225 0.532545 255 255 255 255
0.264200 -0.177259 1.821566 0.718986 -0.582202 0.379559 0.986457 0.719895 140 140 140 255
0.270835 -0.131584 1.798400 0.993194 -0.116367 -0.003571 0.976380 0.710667 255 255 255 255
0.265382 -0.090608 1.847285 0.892850 -0.176427 0.414319 0.986457 0.697519 140 140 140 255
0.246286 -0.186405 1.721757 0.661153 -0.679403 -0.318155 0.983418 0.255983 94 94 94 255
0.270835 -0.131584 1.798400 0.993194 -0.116367 -0.003571 0.969711 0.235097 255 255 255 255
0.264200 -0.177259 1.821566 0.718986 -0.582202 0.379559 0.983418 0.230780 140 140 140 255
0.097722 -0.223764 1.856037 0.522477 -0.561785 0.641377 0.797339 0.008891 116 6 0 255
0.246286 -0.186405 1.721757 0.661153 -0.679403 -0.318155 0.797339 0.059318 185 36 0 255
0.264200 -0.177259 1.821566 0.718986 -0.582202 0.379559 0.772498 0.046681 185 36 0 255
0.090781 -0.239599 1.805069 0.547319 -0.836787 0.013001 0.925721 0.714227 185 36 0 255
0.246286 -0.186405 1.721757 0.661153 -0.679403 -0.318155 0.939066 0.670145 185 36 0 255
0.097722 -0.223764 1.856037 0.522477 -0.561785 0.641377 0.939066 0.720572 116 6 0 255
0.015981 -0.318076 1.912345 0.707480 0.120518 0.696341 0.215898 0.814090 185 36 0 255
0.090781 -0.239599 1.805069 0.547319 -0.836787 0.013001 0.215898 0.851845 185 36 0 255
0.097722 -0.223764 1.856037 0.522477 -0.561785 0.641377 0.202356 0.845831 116 6 0 255
-0.060747 -0.255446 1.976645 0.117801 0.500351 0.857753 0.850537 0.113339 185 36 0 255
0.015981 -0.318076 1.912345 0.707480 0.120518 0.696341 0.828625 0.091328 185 36 0 255
0.097722 -0.223764 1.856037 0.522477 -0.561785 0.641377 0.850537 0.063422 116 6 0 255
-0.069700 -0.478987 2.063259 -0.079104 -0.732963 0.675619 0.395445 0.537682 185 65 0 255
0.015981 -0.318076 1.912345 0.707480 0.120518 0.696341 0.363416 0.486287 185 36 0 255
-0.060747 -0.255446 1.976645 0.117801 0.500351 0.857753 0.395445 0.478296 185 36 0 255
0.090781 -0.239599 1.805069 0.547319 -0.836787 0.013001 0.923389 0.417276 0 0 0 255
0.015981 -0.318076 1.912345 0.707480 0.120518 0.696341 0.917651 0.379859 0 0 0 255
-0.069700 -0.478987 2.063259 -0.079104 -0.732963 0.675619 0.923389 0.321492 37 7 0 255
-0.031182 -0.356815 1.808896 0.028047 -0.856716 -0.515000 0.334248 0.186768 70 7 0 255
0.090781 -0.239599 1.805069 0.547319 -0.836787 0.013001 0.366200 0.155663 0 0 0 255
-0.069700 -0.478987 2.063259 -0.079104 -0.732963 0.675619 0.366200 0.251447 37 7 0 255
0.006692 -0.265837 1.711588 0.139470 -0.984832 -0.102878 0.489653 0.701705 116 5 0 255
0.090781 -0.239599 1.805069 0.547319 -0.836787 0.013001 0.518711 0.682724 185 36 0 255
-0.031182 -0.356815 1.808896 0.028047 -0.856716 -0.515000 0.518711 0.724609 185 36 0 255
0.065852 -0.249424 1.712196 0.294595 -0.946165 0.134037 0.967993 0.030159 185 36 0 255
0.090781 -0.239599 1.805069 0.547319 -0.836787 0.013001 0.980481 0.008891 185 36 0 255
0.006692 -0.265837 1.711588 0.139470 -0.984832 -0.102878 0.980481 0.040686 157 20 0 255
0.246286 -0.186405 1.721757 0.661153 -0.679403 -0.318155 0.564199 0.720985 185 36 0 255
0.090781 -0.239599 1.805069 0.547319 -0.836787 0.013001 0.538419 0.681383 185 36 0 255
0.065852 -0.249424 1.712196 0.294595 -0.946165 0.134037 0.564199 0.673615 185 36 0 255
0.227164 -0.164307 1.687315 0.581622 -0.799799 -0.148228 0.942144 0.135621 185 65 0 255
0.246286 -0.186405 1.721757 0.661153 -0.679403 -0.318155 0.954386 0.132533 185 36 0 255
0.065852 -0.249424 1.712196 0.294595 -0.946165 0.134037 0.954386 0.179903 185 36 0 255
0.184753 -0.200946 1.597948 0.104740 -0.792596 -0.600665 0.134204 0.714047 97 47 47 255
0.227164 -0.164307 1.687315 0.581622 -0.799799 -0.148228 0.104984 0.709163 185 124 124 255
0.065852 -0.249424 1.712196 0.294595 -0.946165 0.134037 0.134204 0.671502 162 92 92 255
0.530241 -0.045487 1.560765 0.124241 -0.863124 -0.489395 0.380682 0.408129 162 92 92 255
0.227164 -0.164307 1.687315 0.581622 -0.799799 -0.148228 0.353743 0.324967 185 124 124 255
0.184753 -0.200946 1.597948 0.104740 -0.792596 -0.600665 0.380682 0.313896 97 47 47 255
0.437312 0.000000 1.512569 0.191290 0.000000 -0.981506 0.406505 0.269830 97 47 47 255
0.530241 -0.045487 1.560765 0.124241 -0.863124 -0.489395 0.433698 0.254716 162 92 92 255
0.184753 -0.200946 1.597948 0.104740 -0.792596 -0.600665 0.433698 0.348949 97 47 47 255
0.266944 0.000000 1.508895 -0.212683 0.000000 -0.977111 0.405387 0.200477 47 15 15 255
0.437312 0.000000 1.512569 0.191290 0.000000 -0.981506 0.437126 0.168805 97 47 47 255
0.184753 -0.200946 1.597948 0.104740 -0.792596 -0.600665 0.437126 0.251447 97 47 47 255
0.209255 0.000000 1.550197 -0.779809 0.000000 -0.625965 0.613383 0.707451 47 15 15 255
0.266944 0.000000 1.508895 -0.212683 0.000000 -0.977111 0.630643 0.698569 47 15 15 255
0.184753 -0.200946 1.597948 0.104740 -0.792596 -0.600665 0.630643 0.756657 97 47 47 255
0.612620 -0.076657 1.597993 0.218879 -0.968169 0.121189 0.789030 0.409215 9 7 29 255
0.599815 0.000000 1.643850 0.024537 0.000000 0.999695 0.789030 0.431553 36 25 109 255
0.525437 0.000000 1.615576 0.084567 0.000000 0.996399 0.766618 0.430609 0 0 12 255
0.530241 -0.045487 1.560765 0.124241 -0.863124 -0.489395 0.357810 0.692555 0 0 12 255
0.612620 -0.076657 1.597993 0.218879 -0.968169 0.121189 0.330860 0.691768 9 7 29 255
0.525437 0.000000 1.615576 0.084567 0.000000 0.996399 0.357810 0.674883 0 0 12 255
0.227164 -0.164307 1.687315 0.581622 -0.799799 -0.148228 0.104360 0.337101 185 65 0 255
0.530241 -0.045487 1.560765 0.124241 -0.863124 -0.489395 0.202139 0.326742 157 20 0 255
0.525437 0.000000 1.615576 0.084567 0.000000 0.996399 0.202139 0.344414 185 36 0 255
0.264659 -0.100666 1.707117 0.850795 -0.311106 0.423475 0.769248 0.449851 185 36 0 255
0.227164 -0.164307 1.687315 0.581622 -0.799799 -0.148228 0.783269 0.435468 185 65 0 255
0.525437 0.000000 1.615576 0.084567 0.000000 0.996399 0.783269 0.521615 185 36 0 255
0.246286 -0.186405 1.721757 0.661153 -0.679403 -0.318155 0.470811 0.868540 185 36 0 255
0.227164 -0.164307 1.687315 0.581622 -0.799799 -0.148228 0.459855 0.862839 185 65 0 255
0.264659 -0.100666 1.707117 0.850795 -0.311106 0.423475 0.470811 0.846534 185 36 0 255
0.246286 -0.186405 1.721757 0.661153 -0.679403 -0.318155 0.374926 0.996979 140 140 140 255
0.270835 -0.131584 1.798400 0.993194 -0.116367 -0.003571 0.988355 0.670145 255 255 255 255
0.246286 -0.186405 1.721757 0.661153 -0.679403 -0.318155 0.988355 0.694250 94 94 94 255
0.263301 -0.131346 1.726833 0.963744 -0.193030 -0.184118 0.976380 0.684526 255 255 255 255
0.612620 -0.076657 1.597993 0.218879 -0.968169 0.121189 0.198632 0.836429 9 7 29 255
0.689867 0.000000 1.595902 0.999451 0.000000 0.033113 0.171838 0.823285 15 11 47 255
0.599815 0.000000 1.643850 0.024537 0.000000 0.999695 0.198632 0.814090 36 25 109 255
0.597380 0.000000 1.533257 0.196753 0.000000 -0.980438 0.905245 0.812287 0 0 0 255
0.689867 0.000000 1.595902 0.999451 0.000000 0.033113 0.877647 0.798957 15 11 47 255
0.612620 -0.076657 1.597993 0.218879 -0.968169 0.121189 0.905245 0.787165 9 7 29 255
0.530241 -0.045487 1.560765 0.124241 -0.863124 -0.489395 0.740331 0.503645 0 0 12 255
0.597380 0.000000 1.533257 0.196753 0.000000 -0.980438 0.761403 0.493292 0 0 0 255
0.612620 -0.076657 1.597993 0.218879 -0.968169 0.121189 0.761403 0.518414 9 7 29 255
0.184753 -0.200946 1.597948 0.104740 -0.792596 -0.600665 0.224169 0.984719 97 47 47 255
0.186284 -0.155134 1.585150 0.365581 -0.386731 -0.846614 0.211188 0.961958 162 92 92 255
0.209255 0.000000 1.550197 -0.779809 0.000000 -0.625965 0.224169 0.884801 47 15 15 255
0.205104 0.000000 1.564665 -0.255776 0.000000 -0.966704 0.120213 0.887294 162 92 92 255
0.209255 0.000000 1.550197 -0.779809 0.000000 -0.625965 0.162435 0.885497 47 15 15 255
0.186284 -0.155134 1.585150 0.365581 -0.386731 -0.846614 0.162435 0.962686 162 92 92 255
0.102978 -0.104476 1.488359 0.813074 -0.517502 -0.266488 0.675633 0.666140 216 196 196 255
0.205104 0.000000 1.564665 -0.255776 0.000000 -0.966704 0.634562 0.647039 243 220 220 255
0.186284 -0.155134 1.585150 0.365581 -0.386731 -0.846614 0.675633 0.632131 216 196 196 255
0.181284 0.000000 1.480162 0.985504 0.000000 -0.169591 0.743347 0.404090 255 255 255 255
0.205104 0.000000 1.564665 -0.255776 0.000000 -0.966704 0.762894 0.390752 243 220 220 255
0.102978 -0.104476 1.488359 0.813074 -0.517502 -0.266488 0.762894 0.431553 216 196 196 255
0.119597 -0.098106 1.413055 0.809992 -0.553545 0.193579 0.972656 0.703295 0 0 0 255
0.170049 0.000000 1.420805 0.982696 0.000000 -0.185064 0.958755 0.678789 0 0 0 255
0.181284 0.000000 1.480162 0.985504 0.000000 -0.169591 0.972656 0.670145 0 0 0 255
0.102978 -0.104476 1.488359 0.813074 -0.517502 -0.266488 0.044131 0.795273 0 0 0 255
0.119597 -0.098106 1.413055 0.809992 -0.553545 0.193579 0.044131 0.814428 0 0 0 255
0.181284 0.000000 1.480162 0.985504 0.000000 -0.169591 0.008464 0.803540 0 0 0 255
0.062892 -0.153618 1.404562 0.702200 -0.711875 0.010498 0.719710 0.828642 0 0 0 255
0.119597 -0.098106 1.413055 0.809992 -0.553545 0.193579 0.719710 0.848398 0 0 0 255
0.102978 -0.104476 1.488359 0.813074 -0.517502 -0.266488 0.698014 0.846362 0 0 0 255
0.096058 -0.250722 1.648373 0.285714 -0.747032 -0.600208 0.684039 0.075213 47 0 0 255
0.062892 -0.153618 1.404562 0.702200 -0.711875 0.010498 0.684039 0.140693 0 0 0 255
0.102978 -0.104476 1.488359 0.813074 -0.517502 -0.266488 0.660583 0.124796 0 0 0 255
0.186284 -0.155134 1.585150 0.365581 -0.386731 -0.846614 0.330860 0.646139 216 196 196 255
0.096058 -0.250722 1.648373 0.285714 -0.747032 -0.600208 0.356526 0.617925 115 92 92 255
0.102978 -0.104476 1.488359 0.813074 -0.517502 -0.266488 0.356526 0.671614 216 196 196 255
0.184753 -0.200946 1.597948 0.104740 -0.792596 -0.600665 0.159508 0.822578 97 47 47 255
0.096058 -0.250722 1.648373 0.285714 -0.747032 -0.600208 0.168114 0.795511 162 92 92 255
0.186284 -0.155134 1.585150 0.365581 -0.386731 -0.846614 0.168114 0.831617 162 92 92 255
0.081651 -0.281309 1.681826 0.041292 -0.952940 0.300272 0.487477 0.248970 162 92 92 255
0.096058 -0.250722 1.648373 0.285714 -0.747032 -0.600208 0.482024 0.238213 162 92 92 255
0.184753 -0.200946 1.597948 0.104740 -0.792596 -0.600665 0.487477 0.210523 97 47 47 255
0.065852 -0.249424 1.712196 0.294595 -0.946165 0.134037 0.968353 0.649711 162 92 92 255
0.081651 -0.281309 1.681826 0.041292 -0.952940 0.300272 0.956729 0.644235 162 92 92 255
0.184753 -0.200946 1.597948 0.104740 -0.792596 -0.600665 0.968353 0.607165 97 47 47 255
0.032085 -0.217673 1.530381 0.597308 -0.721152 -0.350902 0.292298 0.831563 162 92 92 255
0.081651 -0.281309 1.681826 0.041292 -0.952940 0.300272 0.280537 0.790361 162 92 92 255
0.065852 -0.249424 1.712196 0.294595 -0.946165 0.134037 0.292298 0.785116 162 92 92 255
0.096058 -0.250722 1.648373 0.285714 -0.747032 -0.600208 0.034834 0.649224 162 92 92 255
0.081651 -0.281309 1.681826 0.041292 -0.952940 0.300272 0.043362 0.640137 162 92 92 255
0.032085 -0.217673 1.530381 0.597308 -0.721152 -0.350902 0.043362 0.682612 185 124 124 255
0.062892 -0.153618 1.404562 0.702200 -0.711875 0.010498 0.895608 0.321492 162 92 92 255
0.096058 -0.250722 1.648373 0.285714 -0.747032 -0.600208 0.895608 0.386973 162 92 92 255
0.032085 -0.217673 1.530381 0.597308 -0.721152 -0.350902 0.881536 0.355063 185 124 124 255
0.034481 -0.177013 1.341253 -0.610279 -0.739097 -0.285043 0.945166 0.056781 162 92 92 255
0.062892 -0.153618 1.404562 0.702200 -0.711875 0.010498 0.932071 0.042765 162 92 92 255
0.032085 -0.217673 1.530381 0.597308 -0.721152 -0.350902 0.945166 0.008891 185 124 124 255
0.047243 -0.095247 1.300338 0.517808 -0.474990 -0.711478 0.877812 0.386109 47 15 15 255
0.034481 -0.177013 1.341253 -0.610279 -0.739097 -0.285043 0.862692 0.367506 162 92 92 255
0.032085 -0.217673 1.530381 0.597308 -0.721152 -0.350902 0.877812 0.321492 162 92 92 255
0.119597 -0.098106 1.413055 0.809992 -0.553545 0.193579 0.904934 0.298422 202 202 202 255
0.062892 -0.153618 1.404562 0.702200 -0.711875 0.010498 0.904934 0.318178 95 76 76 255
0.129599 -0.117306 1.371331 0.780999 -0.556627 0.283181 0.892027 0.301068 202 183 183 255
0.159216 0.000000 1.362940 0.850703 0.000000 0.525620 0.982020 0.847271 243 243 243 255
0.119597 -0.098106 1.413055 0.809992 -0.553545 0.193579 0.969302 0.820528 202 202 202 255
0.129599 -0.117306 1.371331 0.780999 -0.556627 0.283181 0.982020 0.817250 202 183 183 255
0.170049 0.000000 1.420805 0.982696 0.000000 -0.185064 0.654580 0.086487 243 243 243 255
0.119597 -0.098106 1.413055 0.809992 -0.553545 0.193579 0.623761 0.082303 185 185 185 255
0.159216 0.000000 1.362940 0.850703 0.000000 0.525620 0.654580 0.071914 243 243 243 255
0.159216 0.000000 1.362940 0.850703 0.000000 0.525620 0.936971 0.313215 97 47 47 255
0.129599 -0.117306 1.371331 0.780999 -0.556627 0.283181 0.946187 0.284305 162 92 92 255
0.191267 0.000000 1.343179 0.960753 0.000000 0.277291 0.946187 0.317843 185 138 138 255
0.032085 -0.217673 1.530381 0.597308 -0.721152 -0.350902 0.488824 0.055585 174 58 0 255
-0.047598 -0.115699 1.141347 0.719626 -0.665975 -0.196326 0.488824 0.157076 185 86 0 255
0.047243 -0.095247 1.300338 0.517808 -0.474990 -0.711478 0.464037 0.116428 145 51 0 255
0.002684 0.000000 1.136635 0.986511 0.000000 -0.163671 0.039964 0.543639 185 86 0 255
0.047243 -0.095247 1.300338 0.517808 -0.474990 -0.711478 0.039964 0.591802 145 51 0 255
-0.047598 -0.115699 1.141347 0.719626 -0.665975 -0.196326 0.007167 0.555790 185 86 0 255
-0.002606 -0.071879 0.967520 0.852229 -0.510697 0.113407 0.160847 0.618440 145 116 0 255
0.002684 0.000000 1.136635 0.986511 0.000000 -0.163671 0.209681 0.603173 185 86 0 255
-0.047598 -0.115699 1.141347 0.719626 -0.665975 -0.196326 0.209681 0.634423 185 86 0 255
-0.085206 -0.119088 0.949388 -0.029420 -0.995788 -0.086459 0.274059 0.675096 185 36 0 255
-0.002606 -0.071879 0.967520 0.852229 -0.510697 0.113407 0.301072 0.671569 185 65 0 255
-0.047598 -0.115699 1.141347 0.719626 -0.665975 -0.196326 0.301072 0.717321 185 36 0 255
-0.118383 -0.169077 1.154549 0.115909 -0.938108 -0.326304 0.216005 0.698869 140 8 0 255
-0.085206 -0.119088 0.949388 -0.029420 -0.995788 -0.086459 0.160847 0.677534 185 36 0 255
-0.047598 -0.115699 1.141347 0.719626 -0.665975 -0.196326 0.216005 0.676681 185 36 0 255
0.032085 -0.217673 1.530381 0.597308 -0.721152 -0.350902 0.460313 0.055585 185 36 0 255
-0.118383 -0.169077 1.154549 0.115909 -0.938108 -0.326304 0.460313 0.156518 140 8 0 255
-0.047598 -0.115699 1.141347 0.719626 -0.665975 -0.196326 0.435129 0.154639 185 36 0 255
-0.050386 -0.287082 1.424934 0.753380 -0.326731 -0.570605 0.375710 0.126972 93 3 0 255
-0.118383 -0.169077 1.154549 0.115909 -0.938108 -0.326304 0.401696 0.055585 140 8 0 255
0.032085 -0.217673 1.530381 0.597308 -0.721152 -0.350902 0.401696 0.156518 185 36 0 255
-0.143093 -0.258459 1.373245 -0.316294 -0.607868 -0.728294 0.630479 0.310316 36 0 0 255
-0.118383 -0.169077 1.154549 0.115909 -0.938108 -0.326304 0.652284 0.254716 140 8 0 255
-0.050386 -0.287082 1.424934 0.753380 -0.326731 -0.570605 0.652284 0.329660 93 3 0 255
-0.265320 -0.125865 1.181378 -0.793146 -0.507462 -0.336680 0.257910 0.419650 185 36 0 255
-0.118383 -0.169077 1.154549 0.115909 -0.938108 -0.326304 0.218818 0.402218 140 8 0 255
-0.143093 -0.258459 1.373245 -0.316294 -0.607868 -0.728294 0.257910 0.354469 36 0 0 255
-0.085206 -0.119088 0.949388 -0.029420 -0.995788 -0.086459 0.554033 0.216685 185 36 0 255
-0.118383 -0.169077 1.154549 0.115909 -0.938108 -0.326304 0.523121 0.171260 140 8 0 255
-0.265320 -0.125865 1.181378 -0.793146 -0.507462 -0.336680 0.554033 0.143963 185 36 0 255
-0.203569 -0.077968 1.005380 -0.800653 -0.447066 -0.398816 0.306380 0.587247 185 36 0 255
-0.085206 -0.119088 0.949388 -0.029420 -0.995788 -0.086459 0.327136 0.558573 185 36 0 255
-0.265320 -0.125865 1.181378 -0.793146 -0.507462 -0.336680 0.327136 0.631296 185 36 0 255
-0.155172 -0.064480 0.886106 -0.872555 -0.437513 -0.217170 0.133749 0.759192 121 23 0 255
-0.085206 -0.119088 0.949388 -0.029420 -0.995788 -0.086459 0.133749 0.786175 185 36 0 255
-0.203569 -0.077968 1.005380 -0.800653 -0.447066 -0.398816 0.099524 0.770316 185 36 0 255
-0.098803 -0.090796 0.554948 -0.916318 0.398206 0.041749 0.632726 0.520124 6 6 38 255
-0.108139 -0.092015 0.685655 -0.941038 -0.073458 -0.330149 0.632726 0.552564 5 5 32 255
0.060238 0.000000 0.686964 0.991516 0.000000 -0.129826 0.578716 0.549705 5 5 32 255
-0.004088 -0.037071 0.556803 -0.135716 0.981994 -0.131352 0.856392 0.747436 5 5 28 255
-0.098803 -0.090796 0.554948 -0.916318 0.398206 0.041749 0.873923 0.725302 6 6 38 255
0.060238 0.000000 0.686964 0.991516 0.000000 -0.129826 0.873923 0.781186 5 5 32 255
0.000000 -0.049422 0.338963 -0.040284 0.989471 -0.138981 0.090357 0.590780 0 20 51 255
-0.098803 -0.090796 0.554948 -0.916318 0.398206 0.041749 0.059660 0.537531 0 28 70 255
-0.004088 -0.037071 0.556803 -0.135716 0.981994 -0.131352 0.090357 0.536759 0 20 51 255
-0.143289 -0.164006 0.345963 -0.988769 -0.114628 0.095798 0.267856 0.295289 0 86 146 255
-0.098803 -0.090796 0.554948 -0.916318 0.398206 0.041749 0.267856 0.351200 0 28 70 255
0.000000 -0.049422 0.338963 -0.040284 0.989471 -0.138981 0.218818 0.309866 0 20 51 255
-0.070317 -0.169247 0.554786 -0.801447 -0.584887 0.124760 0.271580 0.300232 0 59 146 255
-0.098803 -0.090796 0.554948 -0.916318 0.398206 0.041749 0.294432 0.295289 0 28 70 255
-0.143289 -0.164006 0.345963 -0.988769 -0.114628 0.095798 0.294432 0.351200 0 86 146 255
0.009171 -0.274678 0.340053 -0.088626 -0.974700 0.205115 0.298571 0.297775 0 75 185 255
-0.070317 -0.169247 0.554786 -0.801447 -0.584887 0.124760 0.350019 0.254716 0 59 146 255
-0.143289 -0.164006 0.345963 -0.988769 -0.114628 0.095798 0.350019 0.309490 0 86 146 255
-0.008410 -0.220891 0.556682 -0.185003 -0.967101 0.174444 0.776837 0.616945 0 75 185 255
-0.070317 -0.169247 0.554786 -0.801447 -0.584887 0.124760 0.796661 0.607165 0 59 146 255
0.009171 -0.274678 0.340053 -0.088626 -0.974700 0.205115 0.796661 0.669566 0 75 185 255
0.132945 -0.186950 0.504803 0.836238 -0.547288 0.033265 0.502216 0.448623 0 54 163 255
-0.008410 -0.220891 0.556682 -0.185003 -0.967101 0.174444 0.543080 0.435468 0 75 185 255
0.009171 -0.274678 0.340053 -0.088626 -0.974700 0.205115 0.543080 0.490893 0 75 185 255
0.104982 -0.223552 0.347906 0.777154 -0.628407 0.033235 0.812460 0.471414 0 109 185 255
0.132945 -0.186950 0.504803 0.836238 -0.547288 0.033265 0.833662 0.435468 0 54 163 255
0.009171 -0.274678 0.340053 -0.088626 -0.974700 0.205115 0.833662 0.490909 0 75 185 255
0.132603 -0.104783 0.504317 0.862941 0.484909 -0.141972 0.902282 0.484563 0 43 129 255
0.132945 -0.186950 0.504803 0.836238 -0.547288 0.033265 0.883635 0.472489 0 54 163 255
0.104982 -0.223552 0.347906 0.777154 -0.628407 0.033235 0.902282 0.435468 0 109 185 255
0.117695 -0.131410 0.343240 0.917814 0.369121 -0.145970 0.837386 0.471376 0 59 146 255
0.132603 -0.104783 0.504317 0.862941 0.484909 -0.141972 0.858927 0.435468 0 43 129 255
0.104982 -0.223552 0.347906 0.777154 -0.628407 0.033235 0.858927 0.484563 0 109 185 255
0.000000 -0.049422 0.338963 -0.040284 0.989471 -0.138981 0.675633 0.522987 0 20 51 255
0.132603 -0.104783 0.504317 0.862941 0.484909 -0.141972 0.675633 0.577215 0 43 129 255
0.117695 -0.131410 0.343240 0.917814 0.369121 -0.145970 0.645352 0.546550 0 59 146 255
-0.004088 -0.037071 0.556803 -0.135716 0.981994 -0.131352 0.496597 0.269627 0 20 51 255
0.132603 -0.104783 0.504317 0.862941 0.484909 -0.141972 0.538797 0.254716 0 43 129 255
0.000000 -0.049422 0.338963 -0.040284 0.989471 -0.138981 0.538797 0.308945 0 20 51 255
0.132841 -0.079237 0.573944 0.845149 0.530717 -0.063448 0.240690 0.819114 0 59 146 255
0.132603 -0.104783 0.504317 0.862941 0.484909 -0.141972 0.219778 0.818858 0 43 129 255
-0.004088 -0.037071 0.556803 -0.135716 0.981994 -0.131352 0.240690 0.783394 0 20 51 255
0.132945 -0.186950 0.504803 0.836238 -0.547288 0.033265 0.978724 0.302973 0 54 163 255
0.132603 -0.104783 0.504317 0.862941 0.484909 -0.141972 0.966092 0.285921 0 43 129 255
0.132841 -0.079237 0.573944 0.845149 0.530717 -0.063448 0.978724 0.271289 0 59 146 255
0.133183 -0.180001 0.573484 0.789453 -0.576342 0.211005 0.755563 0.693332 0 75 185 255
0.132945 -0.186950 0.504803 0.836238 -0.547288 0.033265 0.770803 0.682701 0 54 163 255
0.132841 -0.079237 0.573944 0.845149 0.530717 -0.063448 0.770803 0.714385 0 59 146 255
-0.008410 -0.220891 0.556682 -0.185003 -0.967101 0.174444 0.822549 0.308052 0 75 185 255
0.132945 -0.186950 0.504803 0.836238 -0.547288 0.033265 0.863943 0.296242 0 54 163 255
0.133183 -0.180001 0.573484 0.789453 -0.576342 0.211005 0.863943 0.313330 0 75 185 255
0.017464 -0.168092 0.732077 0.440809 -0.807184 0.392590 0.541850 0.494162 17 17 102 255
-0.008410 -0.220891 0.556682 -0.185003 -0.967101 0.174444 0.541850 0.539954 17 17 102 255
0.133183 -0.180001 0.573484 0.789453 -0.576342 0.211005 0.502216 0.528219 29 29 145 255
0.084990 -0.091418 0.732395 0.897702 -0.125248 0.422376 0.741690 0.017513 13 13 80 255
0.017464 -0.168092 0.732077 0.440809 -0.807184 0.392590 0.768774 0.008891 17 17 102 255
0.133183 -0.180001 0.573484 0.789453 -0.576342 0.211005 0.768774 0.057578 29 29 145 255
0.132841 -0.079237 0.573944 0.845149 0.530717 -0.063448 0.829411 0.008891 17 17 92 255
0.084990 -0.091418 0.732395 0.897702 -0.125248 0.422376 0.829411 0.049974 13 13 80 255
0.133183 -0.180001 0.573484 0.789453 -0.576342 0.211005 0.801063 0.010588 29 29 145 255
0.060238 0.000000 0.686964 0.991516 0.000000 -0.129826 0.133749 0.755923 6 6 38 255
0.084990 -0.091418 0.732395 0.897702 -0.125248 0.422376 0.104984 0.749723 13 13 80 255
0.132841 -0.079237 0.573944 0.845149 0.530717 -0.063448 0.133749 0.717316 17 17 92 255
-0.004088 -0.037071 0.556803 -0.135716 0.981994 -0.131352 0.574992 0.633253 5 5 28 255
0.060238 0.000000 0.686964 0.991516 0.000000 -0.129826 0.574992 0.670346 6 6 38 255
0.132841 -0.079237 0.573944 0.845149 0.530717 -0.063448 0.538419 0.648907 17 17 92 255
-0.060778 -0.127630 0.894732 0.066652 -0.963134 0.260506 0.570525 0.798024 185 36 0 255
0.036063 -0.047913 0.854814 0.912168 -0.261055 0.315867 0.538419 0.781673 140 8 0 255
-0.002606 -0.071879 0.967520 0.852229 -0.510697 0.113407 0.570525 0.771145 185 65 0 255
-0.085206 -0.119088 0.949388 -0.029420 -0.995788 -0.086459 0.538419 0.839732 185 36 0 255
-0.060778 -0.127630 0.894732 0.066652 -0.963134 0.260506 0.553542 0.832816 185 36 0 255
-0.002606 -0.071879 0.967520 0.852229 -0.510697 0.113407 0.553542 0.859695 185 65 0 255
-0.155172 -0.064480 0.886106 -0.872555 -0.437513 -0.217170 0.112850 0.630157 121 23 0 255
-0.060778 -0.127630 0.894732 0.066652 -0.963134 0.260506 0.096124 0.606087 185 36 0 255
-0.085206 -0.119088 0.949388 -0.029420 -0.995788 -0.086459 0.112850 0.603173 185 36 0 255
-0.056876 -0.185383 0.730255 -0.387310 -0.908078 0.159154 0.765524 0.490023 13 13 80 255
-0.060778 -0.127630 0.894732 0.066652 -0.963134 0.260506 0.740331 0.452956 29 29 145 255
-0.155172 -0.064480 0.886106 -0.872555 -0.437513 -0.217170 0.765524 0.435468 29 29 145 255
-0.108139 -0.092015 0.685655 -0.941038 -0.073458 -0.330149 0.636489 0.555833 5 5 32 255
-0.056876 -0.185383 0.730255 -0.387310 -0.908078 0.159154 0.636489 0.584418 13 13 80 255
-0.155172 -0.064480 0.886106 -0.872555 -0.437513 -0.217170 0.578716 0.564318 29 29 145 255
-0.098803 -0.090796 0.554948 -0.916318 0.398206 0.041749 0.091625 0.726631 6 6 38 255
-0.056876 -0.185383 0.730255 -0.387310 -0.908078 0.159154 0.091625 0.777021 13 13 80 255
-0.108139 -0.092015 0.685655 -0.941038 -0.073458 -0.330149 0.072078 0.754160 5 5 32 255
-0.070317 -0.169247 0.554786 -0.801447 -0.584887 0.124760 0.679357 0.763963 13 13 80 255
-0.056876 -0.185383 0.730255 -0.387310 -0.908078 0.159154 0.699665 0.724015 13 13 80 255
-0.098803 -0.090796 0.554948 -0.916318 0.398206 0.041749 0.699665 0.774405 6 6 38 255
-0.008410 -0.220891 0.556682 -0.185003 -0.967101 0.174444 0.349988 0.730838 17 17 102 255
-0.056876 -0.185383 0.730255 -0.387310 -0.908078 0.159154 0.349988 0.776306 13 13 80 255
-0.070317 -0.169247 0.554786 -0.801447 -0.584887 0.124760 0.328326 0.736909 13 13 80 255
0.017464 -0.168092 0.732077 0.440809 -0.807184 0.392590 0.246017 0.739982 17 17 102 255
-0.056876 -0.185383 0.730255 -0.387310 -0.908078 0.159154 0.267151 0.736379 13 13 80 255
-0.008410 -0.220891 0.556682 -0.185003 -0.967101 0.174444 0.267151 0.781847 17 17 102 255
-0.060778 -0.127630 0.894732 0.066652 -0.963134 0.260506 0.618016 0.233437 29 29 145 255
-0.056876 -0.185383 0.730255 -0.387310 -0.908078 0.159154 0.667042 0.230168 13 13 80 255
0.017464 -0.168092 0.732077 0.440809 -0.807184 0.392590 0.667042 0.249067 17 17 102 255
0.084990 -0.091418 0.732395 0.897702 -0.125248 0.422376 0.779680 0.063422 13 13 80 255
-0.060778 -0.127630 0.894732 0.066652 -0.963134 0.260506 0.779680 0.118169 29 29 145 255
0.017464 -0.168092 0.732077 0.440809 -0.807184 0.392590 0.755738 0.077489 17 17 102 255
0.036063 -0.047913 0.854814 0.912168 -0.261055 0.315867 0.794275 0.573282 29 29 145 255
-0.060778 -0.127630 0.894732 0.066652 -0.963134 0.260506 0.816212 0.546998 29 29 145 255
0.084990 -0.091418 0.732395 0.897702 -0.125248 0.422376 0.816212 0.601745 13 13 80 255
0.084990 -0.091418 0.732395 0.897702 -0.125248 0.422376 0.776837 0.740557 13 13 80 255
0.060238 0.000000 0.686964 0.991516 0.000000 -0.129826 0.800164 0.724533 6 6 38 255
0.036063 -0.047913 0.854814 0.912168 -0.261055 0.315867 0.800164 0.768155 29 29 145 255
-0.143093 -0.258459 1.373245 -0.316294 -0.607868 -0.728294 0.542520 0.265523 36 0 0 255
-0.050386 -0.287082 1.424934 0.753380 -0.326731 -0.570605 0.570972 0.254716 93 3 0 255
-0.200093 -0.520657 1.310713 -0.029298 0.467238 -0.883602 0.570972 0.328986 116 8 0 255
-0.145262 -0.565756 1.321106 0.851131 0.203650 -0.483810 0.707183 0.140693 185 36 0 255
-0.200093 -0.520657 1.310713 -0.029298 0.467238 -0.883602 0.687763 0.135708 116 8 0 255
-0.050386 -0.287082 1.424934 0.753380 -0.326731 -0.570605 0.707183 0.063422 93 3 0 255
-0.143344 -0.596936 1.378219 0.808618 -0.397320 0.433851 0.739623 0.413839 185 65 0 255
-0.145262 -0.565756 1.321106 0.851131 0.203650 -0.483810 0.722234 0.408677 185 36 0 255
-0.050386 -0.287082 1.424934 0.753380 -0.326731 -0.570605 0.739623 0.332929 93 3 0 255
-0.018600 -0.355110 1.513373 0.829676 -0.554094 0.067537 0.468086 0.429789 185 36 0 255
-0.143344 -0.596936 1.378219 0.808618 -0.397320 0.433851 0.498492 0.359476 185 65 0 255
-0.050386 -0.287082 1.424934 0.753380 -0.326731 -0.570605 0.498492 0.440386 93 3 0 255
0.032085 -0.217673 1.530381 0.597308 -0.721152 -0.350902 0.664356 0.749476 185 36 0 255
-0.018600 -0.355110 1.513373 0.829676 -0.554094 0.067537 0.634562 0.724009 185 36 0 255
-0.050386 -0.287082 1.424934 0.753380 -0.326731 -0.570605 0.664356 0.712148 93 3 0 255
0.003509 -0.287523 1.601095 0.578021 -0.793512 0.190252 0.080564 0.805892 185 36 0 255
-0.018600 -0.355110 1.513373 0.829676 -0.554094 0.067537 0.048806 0.803856 185 36 0 255
0.032085 -0.217673 1.530381 0.597308 -0.721152 -0.350902 0.080564 0.780290 185 36 0 255
0.065852 -0.249424 1.712196 0.294595 -0.946165 0.134037 0.421394 0.791786 185 36 0 255
0.003509 -0.287523 1.601095 0.578021 -0.793512 0.190252 0.401373 0.763955 185 36 0 255
0.032085 -0.217673 1.530381 0.597308 -0.721152 -0.350902 0.421394 0.745339 185 36 0 255
0.006692 -0.265837 1.711588 0.139470 -0.984832 -0.102878 0.510818 0.848463 157 20 0 255
0.003509 -0.287523 1.601095 0.578021 -0.793512 0.190252 0.525427 0.823703 185 36 0 255
0.065852 -0.249424 1.712196 0.294595 -0.946165 0.134037 0.525427 0.856619 185 36 0 255
-0.097777 -0.274256 1.627785 -0.231086 -0.839320 0.492050 0.276813 0.785116 185 36 0 255
0.003509 -0.287523 1.601095 0.578021 -0.793512 0.190252 0.276813 0.811252 185 36 0 255
0.006692 -0.265837 1.711588 0.139470 -0.984832 -0.102878 0.246017 0.804419 157 20 0 255
-0.107726 -0.368774 1.556823 -0.055605 -0.594409 0.802210 0.800164 0.800785 216 76 0 255
0.003509 -0.287523 1.601095 0.578021 -0.793512 0.190252 0.770830 0.775890 185 36 0 255
-0.097777 -0.274256 1.627785 -0.231086 -0.839320 0.492050 0.800164 0.771424 185 36 0 255
-0.186136 -0.301329 1.539976 -0.628742 -0.445570 0.637257 0.775376 0.327815 185 36 0 255
-0.107726 -0.368774 1.556823 -0.055605 -0.594409 0.802210 0.749662 0.315035 216 76 0 255
-0.097777 -0.274256 1.627785 -0.231086 -0.839320 0.492050 0.775376 0.296259 185 36 0 255
-0.196978 -0.582758 1.419045 0.022492 -0.549120 0.835414 0.600267 0.409730 185 36 0 255
-0.107726 -0.368774 1.556823 -0.055605 -0.594409 0.802210 0.574696 0.346856 216 76 0 255
-0.186136 -0.301329 1.539976 -0.628742 -0.445570 0.637257 0.600267 0.333858 185 36 0 255
-0.266986 -0.554859 1.413970 -0.837428 -0.191107 0.512009 0.668096 0.440701 185 36 0 255
-0.196978 -0.582758 1.419045 0.022492 -0.549120 0.835414 0.688544 0.435468 185 36 0 255
-0.186136 -0.301329 1.539976 -0.628742 -0.445570 0.637257 0.688544 0.511341 185 36 0 255
-0.229189 -0.257516 1.499511 -0.857784 -0.512314 0.041353 0.698815 0.522987 185 36 0 255
-0.266986 -0.554859 1.413970 -0.837428 -0.191107 0.512009 0.698815 0.600146 185 36 0 255
-0.186136 -0.301329 1.539976 -0.628742 -0.445570 0.637257 0.679357 0.529291 185 36 0 255
-0.243081 -0.502522 1.347604 -0.804590 0.328806 -0.494461 0.603991 0.343713 157 20 0 255
-0.266986 -0.554859 1.413970 -0.837428 -0.191107 0.512009 0.626755 0.335145 185 36 0 255
-0.229189 -0.257516 1.499511 -0.857784 -0.512314 0.041353 0.626755 0.412305 185 36 0 255
-0.143093 -0.258459 1.373245 -0.316294 -0.607868 -0.728294 0.162179 0.304156 36 0 0 255
-0.243081 -0.502522 1.347604 -0.804590 0.328806 -0.494461 0.201427 0.248336 157 20 0 255
-0.229189 -0.257516 1.499511 -0.857784 -0.512314 0.041353 0.201427 0.319779 185 36 0 255
-0.200093 -0.520657 1.310713 -0.029298 0.467238 -0.883602 0.836030 0.601745 116 8 0 255
-0.243081 -0.502522 1.347604 -0.804590 0.328806 -0.494461 0.819936 0.597602 157 20 0 255
-0.143093 -0.258459 1.373245 -0.316294 -0.607868 -0.728294 0.836030 0.533544 36 0 0 255
-0.196322 -0.571039 1.268719 0.000916 0.504776 -0.863247 0.396555 0.789921 140 8 0 255
-0.243081 -0.502522 1.347604 -0.804590 0.328806 -0.494461 0.396555 0.818257 157 20 0 255
-0.200093 -0.520657 1.310713 -0.029298 0.467238 -0.883602 0.389424 0.804930 116 8 0 255
-0.145262 -0.565756 1.321106 0.851131 0.203650 -0.483810 0.329489 0.411053 185 36 0 255
-0.196322 -0.571039 1.268719 0.000916 0.504776 -0.863247 0.347723 0.402487 140 8 0 255
-0.200093 -0.520657 1.310713 -0.029298 0.467238 -0.883602 0.347723 0.418749 116 8 0 255
-0.097251 -0.824941 1.188733 0.663106 0.419813 0.619678 0.722450 0.596003 185 36 0 255
-0.196322 -0.571039 1.268719 0.000916 0.504776 -0.863247 0.702539 0.527898 140 8 0 255
-0.145262 -0.565756 1.321106 0.851131 0.203650 -0.483810 0.722450 0.522987 185 36 0 255
-0.143344 -0.596936 1.378219 0.808618 -0.397320 0.433851 0.282725 0.667786 185 65 0 255
-0.097251 -0.824941 1.188733 0.663106 0.419813 0.619678 0.301072 0.595284 185 36 0 255
-0.145262 -0.565756 1.321106 0.851131 0.203650 -0.483810 0.301072 0.668300 185 36 0 255
-0.126386 -0.852635 1.189471 -0.147191 -0.517594 0.842860 0.228610 0.501704 185 36 0 255
-0.097251 -0.824941 1.188733 0.663106 0.419813 0.619678 0.218818 0.496689 185 36 0 255
-0.143344 -0.596936 1.378219 0.808618 -0.397320 0.433851 0.228610 0.422919 185 65 0 255
-0.104030 -0.901656 1.176005 -0.126011 -0.443922 0.887143 0.156338 0.541827 73 0 0 255
-0.097251 -0.824941 1.188733 0.663106 0.419813 0.619678 0.156338 0.561150 0 0 0 255
-0.126386 -0.852635 1.189471 -0.147191 -0.517594 0.842860 0.148675 0.553816 0 0 0 255
-0.148016 -0.929887 1.129774 -0.949797 -0.270425 0.157231 0.168114 0.859640 37 0 0 255
-0.104030 -0.901656 1.176005 -0.126011 -0.443922 0.887143 0.157574 0.845054 73 0 0 255
-0.126386 -0.852635 1.189471 -0.147191 -0.517594 0.842860 0.168114 0.834886 0 0 0 255
-0.163270 -0.851066 1.153604 -0.916898 -0.195898 -0.347697 0.972077 0.624944 0 0 0 255
-0.148016 -0.929887 1.129774 -0.949797 -0.270425 0.157231 0.984223 0.607165 37 0 0 255
-0.126386 -0.852635 1.189471 -0.147191 -0.517594 0.842860 0.984223 0.631919 0 0 0 255
-0.242958 -0.679544 1.347740 -0.638447 -0.609058 0.470504 0.484827 0.708695 185 36 0 255
-0.163270 -0.851066 1.153604 -0.916898 -0.195898 -0.347697 0.484827 0.775787 185 36 0 255
-0.126386 -0.852635 1.189471 -0.147191 -0.517594 0.842860 0.470848 0.772358 185 36 0 255
-0.192499 -0.641250 1.378575 0.141179 -0.555650 0.819300 0.789279 0.405020 185 36 0 255
-0.242958 -0.679544 1.347740 -0.638447 -0.609058 0.470504 0.772263 0.396019 185 36 0 255
-0.126386 -0.852635 1.189471 -0.147191 -0.517594 0.842860 0.789279 0.332929 185 36 0 255
-0.143344 -0.596936 1.378219 0.808618 -0.397320 0.433851 0.763501 0.601772 185 65 0 255
-0.192499 -0.641250 1.378575 0.141179 -0.555650 0.819300 0.747287 0.593659 185 36 0 255
-0.126386 -0.852635 1.189471 -0.147191 -0.517594 0.842860 0.763501 0.522987 185 36 0 255
-0.196978 -0.582758 1.419045 0.022492 -0.549120 0.835414 0.767152 0.219498 185 36 0 255
-0.192499 -0.641250 1.378575 0.141179 -0.555650 0.819300 0.767152 0.237139 185 36 0 255
-0.143344 -0.596936 1.378219 0.808618 -0.397320 0.433851 0.750988 0.228951 185 65 0 255
-0.266986 -0.554859 1.413970 -0.837428 -0.191107 0.512009 0.981729 0.482763 185 36 0 255
-0.192499 -0.641250 1.378575 0.141179 -0.555650 0.819300 0.981729 0.512328 185 36 0 255
-0.196978 -0.582758 1.419045 0.022492 -0.549120 0.835414 0.969701 0.498194 185 36 0 255
-0.272873 -0.609073 1.375432 -0.874020 -0.309000 0.374920 0.401373 0.852402 185 36 0 255
-0.192499 -0.641250 1.378575 0.141179 -0.555650 0.819300 0.414758 0.834463 185 36 0 255
-0.266986 -0.554859 1.413970 -0.837428 -0.191107 0.512009 0.414758 0.864028 185 36 0 255
-0.243081 -0.502522 1.347604 -0.804590 0.328806 -0.494461 0.975863 0.321492 157 20 0 255
-0.272873 -0.609073 1.375432 -0.874020 -0.309000 0.374920 0.975863 0.349733 185 36 0 255
-0.266986 -0.554859 1.413970 -0.837428 -0.191107 0.512009 0.961403 0.339145 185 36 0 255
-0.262329 -0.566537 1.322603 -0.872066 0.254677 -0.417829 0.348129 0.709795 185 36 0 255
-0.272873 -0.609073 1.375432 -0.874020 -0.309000 0.374920 0.359569 0.696089 185 36 0 255
-0.243081 -0.502522 1.347604 -0.804590 0.328806 -0.494461 0.359569 0.724329 157 20 0 255
-0.196322 -0.571039 1.268719 0.000916 0.504776 -0.863247 0.104335 0.854832 140 8 0 255
-0.262329 -0.566537 1.322603 -0.872066 0.254677 -0.417829 0.089361 0.838299 185 36 0 255
-0.243081 -0.502522 1.347604 -0.804590 0.328806 -0.494461 0.104335 0.826495 157 20 0 255
-0.244898 -0.632654 1.285252 -0.845424 0.004761 -0.534043 0.779247 0.316812 185 36 0 255
-0.262329 -0.566537 1.322603 -0.872066 0.254677 -0.417829 0.798006 0.306772 185 36 0 255
-0.196322 -0.571039 1.268719 0.000916 0.504776 -0.863247 0.798006 0.327894 140 8 0 255
-0.272873 -0.609073 1.375432 -0.874020 -0.309000 0.374920 0.350131 0.841381 185 36 0 255
-0.262329 -0.566537 1.322603 -0.872066 0.254677 -0.417829 0.350131 0.858372 185 36 0 255
-0.244898 -0.632654 1.285252 -0.845424 0.004761 -0.534043 0.328326 0.856008 185 36 0 255
-0.242958 -0.679544 1.347740 -0.638447 -0.609058 0.470504 0.948204 0.116258 185 36 0 255
-0.272873 -0.609073 1.375432 -0.874020 -0.309000 0.374920 0.966021 0.103550 185 36 0 255
-0.244898 -0.632654 1.285252 -0.845424 0.004761 -0.534043 0.966021 0.127641 185 36 0 255
-0.192499 -0.641250 1.378575 0.141179 -0.555650 0.819300 0.861205 0.602425 185 36 0 255
-0.272873 -0.609073 1.375432 -0.874020 -0.309000 0.374920 0.839754 0.592164 185 36 0 255
-0.242958 -0.679544 1.347740 -0.638447 -0.609058 0.470504 0.861205 0.584985 185 36 0 255
-0.242958 -0.679544 1.347740 -0.638447 -0.609058 0.470504 0.724977 0.319480 185 36 0 255
-0.244898 -0.632654 1.285252 -0.845424 0.004761 -0.534043 0.703324 0.315887 185 36 0 255
-0.163270 -0.851066 1.153604 -0.916898 -0.195898 -0.347697 0.724977 0.252388 185 36 0 255
-0.138749 -0.830344 1.147965 -0.169286 0.505966 -0.845759 0.757816 0.751455 157 20 0 255
-0.163270 -0.851066 1.153604 -0.916898 -0.195898 -0.347697 0.766814 0.749807 185 36 0 255
-0.244898 -0.632654 1.285252 -0.845424 0.004761 -0.534043 0.766814 0.816090 185 36 0 255
-0.196322 -0.571039 1.268719 0.000916 0.504776 -0.863247 0.730766 0.063422 140 8 0 255
-0.138749 -0.830344 1.147965 -0.169286 0.505966 -0.845759 0.730766 0.135650 157 20 0 255
-0.244898 -0.632654 1.285252 -0.845424 0.004761 -0.534043 0.710906 0.072910 185 36 0 255
-0.097251 -0.824941 1.188733 0.663106 0.419813 0.619678 0.808872 0.066760 185 36 0 255
-0.138749 -0.830344 1.147965 -0.169286 0.505966 -0.845759 0.824901 0.063422 157 20 0 255
-0.196322 -0.571039 1.268719 0.000916 0.504776 -0.863247 0.824901 0.135650 140 8 0 255
0.089784 -0.813959 1.157379 0.130467 0.871456 0.472732 0.938137 0.321492 37 0 0 255
-0.138749 -0.830344 1.147965 -0.169286 0.505966 -0.845759 0.938137 0.378257 0 0 0 255
-0.097251 -0.824941 1.188733 0.663106 0.419813 0.619678 0.927113 0.367509 0 0 0 255
-0.104030 -0.901656 1.176005 -0.126011 -0.443922 0.887143 0.216001 0.702138 73 0 0 255
0.089784 -0.813959 1.157379 0.130467 0.871456 0.472732 0.216001 0.754999 37 0 0 255
-0.097251 -0.824941 1.188733 0.663106 0.419813 0.619678 0.196551 0.711185 0 0 0 255
0.084810 -0.877577 1.164046 0.263039 -0.438429 0.859371 0.897708 0.614894 37 0 0 255
0.089784 -0.813959 1.157379 0.130467 0.871456 0.472732 0.913514 0.607165 37 0 0 255
-0.104030 -0.901656 1.176005 -0.126011 -0.443922 0.887143 0.913514 0.660027 73 0 0 255
0.040825 -0.905809 1.119739 0.702628 -0.669698 -0.240333 0.917238 0.618140 37 0 0 255
0.084810 -0.877577 1.164046 0.263039 -0.438429 0.859371 0.931970 0.607165 37 0 0 255
-0.104030 -0.901656 1.176005 -0.126011 -0.443922 0.887143 0.931970 0.654383 73 0 0 255
-0.019886 -1.066849 1.081047 -0.066286 -0.688833 0.721824 0.059660 0.504480 37 0 0 255
0.040825 -0.905809 1.119739 0.702628 -0.669698 -0.240333 0.108218 0.495008 37 0 0 255
-0.104030 -0.901656 1.176005 -0.126011 -0.443922 0.887143 0.108218 0.533490 145 0 0 255
-0.113983 -1.037922 1.025840 -0.796106 -0.571612 0.198584 0.634421 0.587687 37 0 0 255
-0.019886 -1.066849 1.081047 -0.066286 -0.688833 0.721824 0.634421 0.615626 37 0 0 255
-0.104030 -0.901656 1.176005 -0.126011 -0.443922 0.887143 0.578716 0.599278 73 0 0 255
-0.148016 -0.929887 1.129774 -0.949797 -0.270425 0.157231 0.935084 0.813310 37 0 0 255
-0.113983 -1.037922 1.025840 -0.796106 -0.571612 0.198584 0.947083 0.776743 37 0 0 255
-0.104030 -0.901656 1.176005 -0.126011 -0.443922 0.887143 0.947083 0.826999 73 0 0 255
-0.119832 -0.981310 0.981501 -0.661977 0.481246 -0.574572 0.510818 0.785128 73 0 0 255
-0.113983 -1.037922 1.025840 -0.796106 -0.571612 0.198584 0.530920 0.782380 37 0 0 255
-0.148016 -0.929887 1.129774 -0.949797 -0.270425 0.157231 0.530920 0.820434 37 0 0 255
-0.049632 -0.877327 1.097722 -0.057436 0.637532 -0.768242 0.634562 0.701392 37 0 0 255
-0.119832 -0.981310 0.981501 -0.661977 0.481246 -0.574572 0.666158 0.669409 73 0 0 255
-0.148016 -0.929887 1.129774 -0.949797 -0.270425 0.157231 0.666158 0.708879 37 0 0 255
-0.163270 -0.851066 1.153604 -0.916898 -0.195898 -0.347697 0.933247 0.284305 0 0 0 255
-0.049632 -0.877327 1.097722 -0.057436 0.637532 -0.768242 0.933247 0.316319 37 0 0 255
-0.148016 -0.929887 1.129774 -0.949797 -0.270425 0.157231 0.912455 0.294134 37 0 0 255
-0.138749 -0.830344 1.147965 -0.169286 0.505966 -0.845759 0.714450 0.708892 0 0 0 255
-0.049632 -0.877327 1.097722 -0.057436 0.637532 -0.768242 0.721757 0.681772 37 0 0 255
-0.163270 -0.851066 1.153604 -0.916898 -0.195898 -0.347697 0.721757 0.713787 0 0 0 255
0.089784 -0.813959 1.157379 0.130467 0.871456 0.472732 0.811331 0.200727 37 0 0 255
-0.049632 -0.877327 1.097722 -0.057436 0.637532 -0.768242 0.790007 0.164606 37 0 0 255
-0.138749 -0.830344 1.147965 -0.169286 0.505966 -0.845759 0.811331 0.143963 0 0 0 255
0.094757 -0.840152 1.117700 -0.167547 0.485824 -0.857814 0.522435 0.718387 37 0 0 255
-0.049632 -0.877327 1.097722 -0.057436 0.637532 -0.768242 0.534641 0.682724 37 0 0 255
0.089784 -0.813959 1.157379 0.130467 0.871456 0.472732 0.534641 0.723408 37 0 0 255
0.210012 -0.812709 1.099298 0.877102 0.397320 -0.269814 0.270309 0.732560 185 70 0 255
0.094757 -0.840152 1.117700 -0.167547 0.485824 -0.857814 0.258268 0.704826 185 36 0 255
0.089784 -0.813959 1.157379 0.130467 0.871456 0.472732 0.270309 0.699506 185 36 0 255
0.084810 -0.877577 1.164046 0.263039 -0.438429 0.859371 0.957309 0.363171 185 36 0 255
0.210012 -0.812709 1.099298 0.877102 0.397320 -0.269814 0.957309 0.401580 185 70 0 255
0.089784 -0.813959 1.157379 0.130467 0.871456 0.472732 0.941860 0.371437 185 36 0 255
0.141229 -0.896866 1.105583 0.487350 -0.765099 -0.420820 0.941860 0.344590 93 11 0 255
0.210012 -0.812709 1.099298 0.877102 0.397320 -0.269814 0.957679 0.321492 185 70 0 255
0.084810 -0.877577 1.164046 0.263039 -0.438429 0.859371 0.957679 0.359902 185 36 0 255
0.094757 -0.840152 1.117700 -0.167547 0.485824 -0.857814 0.896346 0.815556 185 36 0 255
0.210012 -0.812709 1.099298 0.877102 0.397320 -0.269814 0.896346 0.845235 185 70 0 255
0.141229 -0.896866 1.105583 0.487350 -0.765099 -0.420820 0.877647 0.823861 93 11 0 255
0.040825 -0.905809 1.119739 0.702628 -0.669698 -0.240333 0.961792 0.452595 185 36 0 255
0.094757 -0.840152 1.117700 -0.167547 0.485824 -0.857814 0.961792 0.473634 185 36 0 255
0.141229 -0.896866 1.105583 0.487350 -0.765099 -0.420820 0.941213 0.470160 93 11 0 255
0.084810 -0.877577 1.164046 0.263039 -0.438429 0.859371 0.276552 0.844660 185 36 0 255
0.040825 -0.905809 1.119739 0.702628 -0.669698 -0.240333 0.292298 0.834832 185 36 0 255
0.141229 -0.896866 1.105583 0.487350 -0.765099 -0.420820 0.292298 0.860029 93 11 0 255
0.094757 -0.840152 1.117700 -0.167547 0.485824 -0.857814 0.965977 0.520001 37 0 0 255
0.040825 -0.905809 1.119739 0.702628 -0.669698 -0.240333 0.951495 0.503237 37 0 0 255
-0.049632 -0.877327 1.097722 -0.057436 0.637532 -0.768242 0.965977 0.482763 37 0 0 255
0.121411 -1.016338 1.045289 0.916196 0.236946 0.323069 0.912904 0.725302 73 0 0 255
-0.049632 -0.877327 1.097722 -0.057436 0.637532 -0.768242 0.912904 0.781385 37 0 0 255
0.040825 -0.905809 1.119739 0.702628 -0.669698 -0.240333 0.897535 0.761415 37 0 0 255
-0.019886 -1.066849 1.081047 -0.066286 -0.688833 0.721824 0.483484 0.599556 37 0 0 255
0.121411 -1.016338 1.045289 0.916196 0.236946 0.323069 0.447545 0.578044 73 0 0 255
0.040825 -0.905809 1.119739 0.702628 -0.669698 -0.240333 0.483484 0.555889 37 0 0 255
0.035223 -1.142660 0.973712 0.012665 -0.942503 0.333903 0.578716 0.644570 185 36 0 255
0.121411 -1.016338 1.045289 0.916196 0.236946 0.323069 0.616286 0.618895 185 36 0 255
-0.019886 -1.066849 1.081047 -0.066286 -0.688833 0.721824 0.616286 0.657080 185 36 0 255
-0.113983 -1.037922 1.025840 -0.796106 -0.571612 0.198584 0.849867 0.607165 185 36 0 255
0.035223 -1.142660 0.973712 0.012665 -0.942503 0.333903 0.849867 0.654101 185 36 0 255
-0.019886 -1.066849 1.081047 -0.066286 -0.688833 0.721824 0.826046 0.625694 185 36 0 255
-0.074550 -1.093723 0.830477 -0.263955 -0.207953 -0.941832 0.450859 0.474282 185 36 0 255
0.035223 -1.142660 0.973712 0.012665 -0.942503 0.333903 0.406505 0.449257 185 36 0 255
-0.113983 -1.037922 1.025840 -0.796106 -0.571612 0.198584 0.450859 0.423049 185 36 0 255
-0.119832 -0.981310 0.981501 -0.661977 0.481246 -0.574572 0.510818 0.772805 185 70 0 255
-0.074550 -1.093723 0.830477 -0.263955 -0.207953 -0.941832 0.529852 0.727878 185 36 0 255
-0.113983 -1.037922 1.025840 -0.796106 -0.571612 0.198584 0.529852 0.779111 185 36 0 255
-0.005065 -1.002262 1.001227 0.259346 0.725272 -0.637715 0.157123 0.599904 185 36 0 255
-0.074550 -1.093723 0.830477 -0.263955 -0.207953 -0.941832 0.103619 0.580183 185 36 0 255
-0.119832 -0.981310 0.981501 -0.661977 0.481246 -0.574572 0.157123 0.570615 185 70 0 255
-0.049632 -0.877327 1.097722 -0.057436 0.637532 -0.768242 0.219778 0.679143 37 0 0 255
-0.005065 -1.002262 1.001227 0.259346 0.725272 -0.637715 0.263897 0.666948 109 0 0 255
-0.119832 -0.981310 0.981501 -0.661977 0.481246 -0.574572 0.263897 0.696237 73 0 0 255
0.121411 -1.016338 1.045289 0.916196 0.236946 0.323069 0.574992 0.629983 73 0 0 255
-0.005065 -1.002262 1.001227 0.259346 0.725272 -0.637715 0.547778 0.606734 109 0 0 255
-0.049632 -0.877327 1.097722 -0.057436 0.637532 -0.768242 0.574992 0.573901 37 0 0 255
0.147106 -1.063733 0.962247 0.965514 0.243171 0.092715 0.905920 0.487832 185 36 0 255
-0.005065 -1.002262 1.001227 0.259346 0.725272 -0.637715 0.905920 0.529588 185 36 0 255
0.121411 -1.016338 1.045289 0.916196 0.236946 0.323069 0.883635 0.502596 185 70 0 255
0.035223 -1.142660 0.973712 0.012665 -0.942503 0.333903 0.754092 0.749807 185 36 0 255
0.147106 -1.063733 0.962247 0.965514 0.243171 0.092715 0.754092 0.783820 93 11 0 255
0.121411 -1.016338 1.045289 0.916196 0.236946 0.323069 0.726174 0.783664 185 36 0 255
0.163587 -1.113516 0.877910 0.729148 -0.192053 -0.656819 0.634562 0.754760 185 36 0 255
0.147106 -1.063733 0.962247 0.965514 0.243171 0.092715 0.662472 0.752745 93 11 0 255
0.035223 -1.142660 0.973712 0.012665 -0.942503 0.333903 0.662472 0.786757 185 36 0 255
-0.005065 -1.002262 1.001227 0.259346 0.725272 -0.637715 0.881405 0.201066 185 36 0 255
0.147106 -1.063733 0.962247 0.965514 0.243171 0.092715 0.864465 0.162048 185 36 0 255
0.163587 -1.113516 0.877910 0.729148 -0.192053 -0.656819 0.881405 0.142472 185 36 0 255
0.092983 -1.134750 0.896147 0.352306 -0.672536 -0.650777 0.877647 0.771561 93 11 0 255
-0.005065 -1.002262 1.001227 0.259346 0.725272 -0.637715 0.893811 0.725302 185 36 0 255
0.163587 -1.113516 0.877910 0.729148 -0.192053 -0.656819 0.893811 0.783896 185 36 0 255
0.035223 -1.142660 0.973712 0.012665 -0.942503 0.333903 0.156848 0.538558 185 36 0 255
0.092983 -1.134750 0.896147 0.352306 -0.672536 -0.650777 0.148675 0.515635 185 70 0 255
0.163587 -1.113516 0.877910 0.729148 -0.192053 -0.656819 0.156848 0.498257 185 36 0 255
0.053304 -1.129408 0.837338 0.165624 -0.197516 -0.966186 0.974027 0.445128 185 36 0 255
0.092983 -1.134750 0.896147 0.352306 -0.672536 -0.650777 0.960755 0.431921 93 11 0 255
0.035223 -1.142660 0.973712 0.012665 -0.942503 0.333903 0.974027 0.410916 185 36 0 255
-0.005065 -1.002262 1.001227 0.259346 0.725272 -0.637715 0.823912 0.784885 185 36 0 255
0.092983 -1.134750 0.896147 0.352306 -0.672536 -0.650777 0.805832 0.739176 185 70 0 255
0.053304 -1.129408 0.837338 0.165624 -0.197516 -0.966186 0.823912 0.731544 185 36 0 255
-0.006562 -1.121232 0.888964 -0.288491 -0.582232 -0.760094 0.899332 0.416515 93 11 0 255
-0.005065 -1.002262 1.001227 0.259346 0.725272 -0.637715 0.913927 0.378102 185 36 0 255
0.053304 -1.129408 0.837338 0.165624 -0.197516 -0.966186 0.913927 0.431443 185 36 0 255
0.035223 -1.142660 0.973712 0.012665 -0.942503 0.333903 0.152797 0.854376 185 36 0 255
-0.006562 -1.121232 0.888964 -0.288491 -0.582232 -0.760094 0.137473 0.834520 185 70 0 255
0.053304 -1.129408 0.837338 0.165624 -0.197516 -0.966186 0.152797 0.820165 185 36 0 255
-0.074550 -1.093723 0.830477 -0.263955 -0.207953 -0.941832 0.143664 0.235001 185 36 0 255
-0.006562 -1.121232 0.888964 -0.288491 -0.582232 -0.760094 0.138382 0.212247 93 11 0 255
0.035223 -1.142660 0.973712 0.012665 -0.942503 0.333903 0.143664 0.188716 185 36 0 255
-0.005065 -1.002262 1.001227 0.259346 0.725272 -0.637715 0.874097 0.658107 185 36 0 255
-0.006562 -1.121232 0.888964 -0.288491 -0.582232 -0.760094 0.853591 0.621835 185 70 0 255
-0.074550 -1.093723 0.830477 -0.263955 -0.207953 -0.941832 0.874097 0.607165 185 36 0 255
-0.196978 -0.582758 1.419045 0.022492 -0.549120 0.835414 0.750988 0.151268 185 36 0 255
-0.143344 -0.596936 1.378219 0.808618 -0.397320 0.433851 0.768537 0.143963 185 65 0 255
-0.107726 -0.368774 1.556823 -0.055605 -0.594409 0.802210 0.768537 0.216229 216 76 0 255
-0.018600 -0.355110 1.513373 0.829676 -0.554094 0.067537 0.546804 0.436713 185 36 0 255
-0.107726 -0.368774 1.556823 -0.055605 -0.594409 0.802210 0.574992 0.435468 216 76 0 255
-0.143344 -0.596936 1.378219 0.808618 -0.397320 0.433851 0.574992 0.507735 185 65 0 255
0.003509 -0.287523 1.601095 0.578021 -0.793512 0.190252 0.928347 0.008891 185 36 0 255
-0.107726 -0.368774 1.556823 -0.055605 -0.594409 0.802210 0.928347 0.044707 216 76 0 255
-0.018600 -0.355110 1.513373 0.829676 -0.554094 0.067537 0.906392 0.029138 185 36 0 255
-0.050113 -0.252643 0.062144 -0.644429 -0.754448 0.124302 0.664372 0.519717 18 0 0 255
0.013446 -0.226691 0.161379 0.074282 -0.789239 0.609516 0.645352 0.494949 37 0 0 255
-0.061813 -0.190650 0.396588 -0.235572 -0.941191 0.242134 0.664372 0.435468 65 0 0 255
-0.076590 -0.169733 0.396233 -0.983032 0.038331 0.179296 0.463261 0.420104 87 0 0 255
-0.050113 -0.252643 0.062144 -0.644429 -0.754448 0.124302 0.463261 0.505565 18 0 0 255
-0.061813 -0.190650 0.396588 -0.235572 -0.941191 0.242134 0.456227 0.421543 65 0 0 255
-0.125286 -0.112768 0.062735 -0.968261 0.244881 0.049867 0.256403 0.155663 18 0 0 255
-0.050113 -0.252643 0.062144 -0.644429 -0.754448 0.124302 0.256403 0.194972 18 0 0 255
-0.076590 -0.169733 0.396233 -0.983032 0.038331 0.179296 0.162179 0.173483 87 0 0 255
-0.032544 -0.126731 0.396942 0.027589 0.963652 0.265664 0.543931 0.618064 65 0 0 255
-0.125286 -0.112768 0.062735 -0.968261 0.244881 0.049867 0.451615 0.603680 18 0 0 255
-0.076590 -0.169733 0.396233 -0.983032 0.038331 0.179296 0.543931 0.602825 87 0 0 255
-0.050757 -0.051192 0.062026 -0.244331 0.952879 0.179724 0.492548 0.148109 18 0 0 255
-0.125286 -0.112768 0.062735 -0.968261 0.244881 0.049867 0.519398 0.143963 18 0 0 255
-0.032544 -0.126731 0.396942 0.027589 0.963652 0.265664 0.519398 0.229889 65 0 0 255
0.033182 -0.131548 0.160823 0.427839 0.633534 0.644612 0.187436 0.402434 37 0 0 255
-0.050757 -0.051192 0.062026 -0.244331 0.952879 0.179724 0.214569 0.373140 18 0 0 255
-0.032544 -0.126731 0.396942 0.027589 0.963652 0.265664 0.214569 0.458248 65 0 0 255
0.084559 -0.062062 0.061602 -0.016999 0.955351 0.294931 0.254544 0.699506 18 0 0 255
-0.050757 -0.051192 0.062026 -0.244331 0.952879 0.179724 0.254544 0.733110 18 0 0 255
0.033182 -0.131548 0.160823 0.427839 0.633534 0.644612 0.219778 0.710882 37 0 0 255
0.247131 -0.111535 0.155465 0.135594 0.679647 0.720878 0.557757 0.224483 37 0 0 255
0.084559 -0.062062 0.061602 -0.016999 0.955351 0.294931 0.611681 0.216208 18 0 0 255
0.033182 -0.131548 0.160823 0.427839 0.633534 0.644612 0.611681 0.248779 37 0 0 255
0.227534 -0.390487 0.062440 -0.025422 -0.988647 0.148045 0.578647 0.011299 18 0 0 255
0.255863 -0.365692 0.153690 0.087741 -0.824549 0.558885 0.606347 0.008891 37 0 0 255
0.013446 -0.226691 0.161379 0.074282 -0.789239 0.609516 0.606347 0.078090 37 0 0 255
-0.050113 -0.252643 0.062144 -0.644429 -0.754448 0.124302 0.149689 0.443822 18 0 0 255
0.227534 -0.390487 0.062440 -0.025422 -0.988647 0.148045 0.183712 0.373140 18 0 0 255
0.013446 -0.226691 0.161379 0.074282 -0.789239 0.609516 0.183712 0.444220 37 0 0 255
0.227928 -0.390783 0.000000 0.017884 -0.788629 -0.614551 0.745939 0.319480 102 102 102 255
0.227534 -0.390487 0.062440 -0.025422 -0.988647 0.148045 0.728701 0.316329 141 141 141 255
-0.050113 -0.252643 0.062144 -0.644429 -0.754448 0.124302 0.745939 0.241102 141 141 141 255
-0.050113 -0.252348 -0.000000 -0.524949 -0.554064 -0.646046 0.752014 0.063422 102 102 102 255
0.227928 -0.390783 0.000000 0.017884 -0.788629 -0.614551 0.752014 0.140308 102 102 102 255
-0.050113 -0.252643 0.062144 -0.644429 -0.754448 0.124302 0.734490 0.063455 141 141 141 255
-0.125286 -0.112768 0.062735 -0.968261 0.244881 0.049867 0.507094 0.826077 124 105 105 255
-0.050113 -0.252348 -0.000000 -0.524949 -0.554064 -0.646046 0.489570 0.786775 102 80 80 255
-0.050113 -0.252643 0.062144 -0.644429 -0.754448 0.124302 0.507094 0.786768 124 105 105 255
-0.125286 -0.141810 -0.000000 -0.814447 -0.096744 -0.572069 0.652045 0.826385 102 80 80 255
-0.050113 -0.252348 -0.000000 -0.524949 -0.554064 -0.646046 0.666378 0.795779 102 80 80 255
-0.125286 -0.112768 0.062735 -0.968261 0.244881 0.049867 0.666378 0.837984 124 105 105 255
-0.050757 -0.050788 0.000493 -0.256264 0.732475 -0.630696 0.744584 0.817302 102 102 102 255
-0.125286 -0.141810 -0.000000 -0.814447 -0.096744 -0.572069 0.744584 0.846424 102 102 102 255
-0.125286 -0.112768 0.062735 -0.968261 0.244881 0.049867 0.726174 0.840796 141 141 141 255
-0.050757 -0.051192 0.062026 -0.244331 0.952879 0.179724 0.961033 0.371455 141 141 141 255
-0.050757 -0.050788 0.000493 -0.256264 0.732475 -0.630696 0.975594 0.363171 102 102 102 255
-0.125286 -0.112768 0.062735 -0.968261 0.244881 0.049867 0.975594 0.391687 141 141 141 255
0.084559 -0.062062 0.061602 -0.016999 0.955351 0.294931 0.686398 0.808897 124 105 105 255
-0.050757 -0.050788 0.000493 -0.256264 0.732475 -0.630696 0.686398 0.845756 102 80 80 255
-0.050757 -0.051192 0.062026 -0.244331 0.952879 0.179724 0.670579 0.839498 124 105 105 255
0.084133 -0.064280 0.000246 -0.009919 0.666372 -0.745506 0.068349 0.839733 102 80 80 255
-0.050757 -0.050788 0.000493 -0.256264 0.732475 -0.630696 0.084111 0.809161 102 80 80 255
0.084559 -0.062062 0.061602 -0.016999 0.955351 0.294931 0.084111 0.846020 124 105 105 255
-0.050113 -0.252348 -0.000000 -0.524949 -0.554064 -0.646046 0.523405 0.112260 7 7 7 255
-0.050757 -0.050788 0.000493 -0.256264 0.732475 -0.630696 0.579942 0.107136 7 7 7 255
0.084133 -0.064280 0.000246 -0.009919 0.666372 -0.745506 0.579942 0.140693 7 7 7 255
-0.125286 -0.141810 -0.000000 -0.814447 -0.096744 -0.572069 0.837870 0.397129 0 0 0 255
-0.050757 -0.050788 0.000493 -0.256264 0.732475 -0.630696 0.858968 0.374656 7 7 7 255
-0.050113 -0.252348 -0.000000 -0.524949 -0.554064 -0.646046 0.858968 0.424551 7 7 7 255
-0.050113 -0.252348 -0.000000 -0.524949 -0.554064 -0.646046 0.158455 0.128249 7 7 7 255
0.084133 -0.064280 0.000246 -0.009919 0.666372 -0.745506 0.158455 0.185447 7 7 7 255
0.227928 -0.390783 0.000000 0.017884 -0.788629 -0.614551 0.071962 0.140344 17 17 17 255
0.228354 -0.045490 0.000246 0.070528 0.740440 -0.668355 0.209676 0.142262 17 17 17 255
0.227928 -0.390783 0.000000 0.017884 -0.788629 -0.614551 0.249030 0.064080 17 17 17 255
0.084133 -0.064280 0.000246 -0.009919 0.666372 -0.745506 0.249030 0.152394 7 7 7 255
0.084559 -0.062062 0.061602 -0.016999 0.955351 0.294931 0.130370 0.823226 141 141 141 255
0.228354 -0.045490 0.000246 0.070528 0.740440 -0.668355 0.089361 0.808443 102 102 102 255
0.084133 -0.064280 0.000246 -0.009919 0.666372 -0.745506 0.130370 0.808028 102 102 102 255
0.259280 -0.045331 0.062341 0.222297 0.947264 0.230720 0.928343 0.236442 141 141 141 255
0.228354 -0.045490 0.000246 0.070528 0.740440 -0.668355 0.910852 0.228753 102 102 102 255
0.084559 -0.062062 0.061602 -0.016999 0.955351 0.294931 0.928343 0.192993 141 141 141 255
0.247131 -0.111535 0.155465 0.135594 0.679647 0.720878 0.097688 0.634148 37 0 0 255
0.259280 -0.045331 0.062341 0.222297 0.947264 0.230720 0.097688 0.662591 18 0 0 255
0.084559 -0.062062 0.061602 -0.016999 0.955351 0.294931 0.048806 0.655780 18 0 0 255
0.433610 -0.133669 0.061848 0.826533 0.505966 0.246620 0.363416 0.599312 8 0 0 255
0.259280 -0.045331 0.062341 0.222297 0.947264 0.230720 0.417778 0.591375 18 0 0 255
0.247131 -0.111535 0.155465 0.135594 0.679647 0.720878 0.417778 0.619818 37 0 0 255
0.228354 -0.045490 0.000246 0.070528 0.740440 -0.668355 0.044131 0.792004 102 80 80 255
0.259280 -0.045331 0.062341 0.222297 0.947264 0.230720 0.028971 0.781152 124 105 105 255
0.433610 -0.133669 0.061848 0.826533 0.505966 0.246620 0.044131 0.734640 124 105 105 255
0.434461 -0.134970 0.000000 0.707419 0.385540 -0.592334 0.507094 0.727878 102 80 80 255
0.228354 -0.045490 0.000246 0.070528 0.740440 -0.668355 0.507094 0.783499 102 80 80 255
0.433610 -0.133669 0.061848 0.826533 0.505966 0.246620 0.489653 0.728216 124 105 105 255
0.227928 -0.390783 0.000000 0.017884 -0.788629 -0.614551 0.068238 0.090277 17 17 17 255
0.228354 -0.045490 0.000246 0.070528 0.740440 -0.668355 0.007167 0.023706 17 17 17 255
0.434461 -0.134970 0.000000 0.707419 0.385540 -0.592334 0.068238 0.008891 29 29 29 255
0.411083 -0.289832 0.000000 0.643544 -0.449782 -0.619251 0.578716 0.483393 29 29 29 255
0.227928 -0.390783 0.000000 0.017884 -0.788629 -0.614551 0.601019 0.435468 17 17 17 255
0.434461 -0.134970 0.000000 0.707419 0.385540 -0.592334 0.601019 0.516855 29 29 29 255
0.411219 -0.289511 0.061848 0.808313 -0.572497 0.137181 0.908731 0.241102 124 105 105 255
0.227928 -0.390783 0.000000 0.017884 -0.788629 -0.614551 0.908731 0.295153 102 80 80 255
0.411083 -0.289832 0.000000 0.643544 -0.449782 -0.619251 0.892027 0.245504 102 80 80 255
0.227534 -0.390487 0.062440 -0.025422 -0.988647 0.148045 0.551654 0.233158 124 105 105 255
0.227928 -0.390783 0.000000 0.017884 -0.788629 -0.614551 0.551654 0.248615 102 80 80 255
0.411219 -0.289511 0.061848 0.808313 -0.572497 0.137181 0.492548 0.233473 124 105 105 255
0.255863 -0.365692 0.153690 0.087741 -0.824549 0.558885 0.749662 0.250140 37 0 0 255
0.227534 -0.390487 0.062440 -0.025422 -0.988647 0.148045 0.775523 0.241102 18 0 0 255
0.411219 -0.289511 0.061848 0.808313 -0.572497 0.137181 0.775523 0.292990 8 0 0 255
0.406333 -0.226560 0.172236 0.721122 -0.030763 0.692099 0.214403 0.567346 127 0 0 255
0.255863 -0.365692 0.153690 0.087741 -0.824549 0.558885 0.160847 0.547743 37 0 0 255
0.411219 -0.289511 0.061848 0.808313 -0.572497 0.137181 0.214403 0.535866 8 0 0 255
0.269089 -0.235946 0.225298 0.105075 -0.028840 0.994018 0.274693 0.635974 185 0 0 255
0.255863 -0.365692 0.153690 0.087741 -0.824549 0.558885 0.232764 0.634687 37 0 0 255
0.406333 -0.226560 0.172236 0.721122 -0.030763 0.692099 0.274693 0.599476 127 0 0 255
0.247131 -0.111535 0.155465 0.135594 0.679647 0.720878 0.116574 0.606295 37 0 0 255
0.269089 -0.235946 0.225298 0.105075 -0.028840 0.994018 0.157123 0.603173 185 0 0 255
0.406333 -0.226560 0.172236 0.721122 -0.030763 0.692099 0.157123 0.639672 127 0 0 255
0.433610 -0.133669 0.061848 0.826533 0.505966 0.246620 0.443810 0.477551 8 0 0 255
0.247131 -0.111535 0.155465 0.135594 0.679647 0.720878 0.443810 0.529493 37 0 0 255
0.406333 -0.226560 0.172236 0.721122 -0.030763 0.692099 0.406505 0.493318 127 0 0 255
0.411219 -0.289511 0.061848 0.808313 -0.572497 0.137181 0.710726 0.681772 8 0 0 255
0.433610 -0.133669 0.061848 0.826533 0.505966 0.246620 0.710726 0.720746 8 0 0 255
0.406333 -0.226560 0.172236 0.721122 -0.030763 0.692099 0.679357 0.697025 127 0 0 255
0.434461 -0.134970 0.000000 0.707419 0.385540 -0.592334 0.133749 0.789444 102 102 102 255
0.433610 -0.133669 0.061848 0.826533 0.505966 0.246620 0.133749 0.804759 141 141 141 255
0.411219 -0.289511 0.061848 0.808313 -0.572497 0.137181 0.089361 0.804024 141 141 141 255
0.411083 -0.289832 0.000000 0.643544 -0.449782 -0.619251 0.648321 0.811090 102 102 102 255
0.434461 -0.134970 0.000000 0.707419 0.385540 -0.592334 0.604159 0.810878 102 102 102 255
0.411219 -0.289511 0.061848 0.808313 -0.572497 0.137181 0.648321 0.795779 141 141 141 255
0.036063 -0.047913 0.854814 0.912168 -0.261055 0.315867 0.625000 0.969727 255 172 0 255
0.036063 0.047913 0.854814 0.912168 0.261055 0.315867 0.640110 0.969727 255 172 0 255
-0.002606 0.071879 0.967520 0.852229 0.510697 0.113407 0.640110 0.984375 255 232 0 255
-0.002606 -0.071879 0.967520 0.852229 -0.510697 0.113407 0.625000 0.984375 255 232 0 255
0.274750 0.059744 1.797790 0.997467 0.069521 -0.013276 0.658188 0.984375 255 255 255 255
0.266611 0.059776 1.726276 0.997253 0.047853 -0.056459 0.658188 0.969727 255 255 255 255
0.263301 0.131346 1.726833 0.963347 0.194037 -0.185125 0.673374 0.969727 255 255 255 255
0.214938 0.274085 1.790537 0.963378 0.267922 0.009888 0.656267 0.969727 58 22 0 255
0.221212 0.246047 1.938569 0.968078 0.245399 0.050539 0.656267 0.984375 88 36 0 255
0.265382 0.090608 1.847285 0.892850 0.176427 0.414319 0.641618 0.969727 58 22 0 255
0.252010 0.083844 1.957244 0.974578 0.182562 0.129734 0.641618 0.984375 24 14 0 255
0.270835 0.131584 1.798400 0.993072 0.117405 -0.002533 0.673374 0.984375 255 255 255 255
-0.032544 0.126731 0.396942 0.027589 -0.963652 0.265664 0.691376 0.984375 130 0 0 255
0.033182 0.131548 0.160824 0.427839 -0.633534 0.644612 0.706024 0.969727 186 186 186 255
-0.008160 0.151896 0.396588 0.947020 0.037538 0.318918 0.691376 0.969727 186 186 186 255
0.013446 0.226691 0.161379 0.074282 0.789239 0.609516 0.690430 0.984375 186 186 186 255
-0.008160 0.151896 0.396588 0.947020 0.037538 0.318918 0.675781 0.984375 186 186 186 255
0.033182 0.131548 0.160824 0.427839 -0.633534 0.644612 0.675781 0.969727 186 186 186 255
-0.061813 0.190650 0.396588 -0.235572 0.941191 0.242134 0.691376 0.984375 130 0 0 255
0.013446 0.226691 0.161379 0.074282 0.789239 0.609516 0.706024 0.969727 186 186 186 255
0.269089 0.235946 0.225298 0.105075 0.028840 0.994018 0.706024 0.984375 255 232 232 255
0.033182 0.131548 0.160824 0.427839 -0.633534 0.644612 0.691376 0.984375 186 186 186 255
0.247131 0.111535 0.155465 0.135594 -0.679647 0.720878 0.706024 0.969727 186 186 186 255
0.269089 0.235946 0.225298 0.105075 0.028840 0.994018 0.690430 0.969727 255 232 232 255
0.255863 0.365692 0.153690 0.087741 0.824549 0.558885 0.706024 0.969727 186 186 186 255
0.013446 0.226691 0.161379 0.074282 0.789239 0.609516 0.691376 0.984375 186 186 186 255
0.214938 -0.274085 1.790537 0.963378 -0.267922 0.009888 0.656267 0.969727 58 22 0 255
0.265382 -0.090608 1.847285 0.892850 -0.176427 0.414319 0.641618 0.969727 58 22 0 255
0.221212 -0.246047 1.938569 0.968078 -0.245399 0.050539 0.656267 0.984375 88 36 0 255
0.252010 -0.083844 1.957244 0.974578 -0.182562 0.129734 0.641618 0.984375 24 14 0 255
-0.032544 -0.126731 0.396942 0.027589 0.963652 0.265664 0.691376 0.984375 130 0 0 255
-0.008160 -0.151896 0.396588 0.947020 -0.037538 0.318918 0.691376 0.969727 186 186 186 255
0.033182 -0.131548 0.160823 0.427839 0.633534 0.644612 0.706024 0.969727 186 186 186 255
0.013446 -0.226691 0.161379 0.074282 -0.789239 0.609516 0.690423 0.984375 186 186 186 255
0.033182 -0.131548 0.160823 0.427839 0.633534 0.644612 0.675775 0.969727 186 186 186 255
-0.008160 -0.151896 0.396588 0.947020 -0.037538 0.318918 0.675775 0.984375 186 186 186 255
-0.061813 -0.190650 0.396588 -0.235572 -0.941191 0.242134 0.691376 0.984375 130 0 0 255
0.013446 -0.226691 0.161379 0.074282 -0.789239 0.609516 0.706024 0.969727 186 186 186 255
0.269089 -0.235946 0.225298 0.105075 -0.028840 0.994018 0.706024 0.984375 255 232 232 255
0.247131 -0.111535 0.155465 0.135594 0.679647 0.720878 0.706024 0.969727 186 186 186 255
0.033182 -0.131548 0.160823 0.427839 0.633534 0.644612 0.691376 0.984375 186 186 186 255
0.269089 -0.235946 0.225298 0.105075 -0.028840 0.994018 0.690423 0.969727 255 232 232 255
0.255863 -0.365692 0.153690 0.087741 -0.824549 0.558885 0.706024 0.969727 186 186 186 255
0.013446 -0.226691 0.161379 0.074282 -0.789239 0.609516 0.691376 0.984375 186 186 186 255
0.270835 -0.131584 1.798400 0.993194 -0.116367 -0.003571 0.658172 0.984375 255 255 255 255
0.263301 -0.131346 1.726833 0.963744 -0.193030 -0.184118 0.658172 0.969727 255 255 255 255
0.266611 -0.059776 1.726276 0.997253 -0.048860 -0.055422 0.673359 0.969727 255 255 255 255
0.274751 -0.059744 1.797790 0.997375 -0.070559 -0.014313 0.673359 0.984375 255 255 255 255
-0.265320 -0.125865 1.181378 -0.793146 -0.507462 -0.336680 0.562500 0.938477 186 186 186 255
-0.340901 -0.000000 1.512264 -0.990204 0.000000 0.139409 0.562500 0.968750 255 255 255 255
-0.265320 0.125865 1.181378 -0.793146 0.507462 -0.336680 0.532227 0.938477 186 186 186 255
-0.203569 0.077968 1.005380 -0.800653 0.447066 -0.398816 0.564486 0.938477 186 186 186 255
-0.265320 -0.125865 1.181378 -0.793146 -0.507462 -0.336680 0.594760 0.968750 186 186 186 255
-0.265320 0.125865 1.181378 -0.793146 0.507462 -0.336680 0.564486 0.968750 186 186 186 255
-0.203569 -0.077968 1.005380 -0.800653 -0.447066 -0.398816 0.594760 0.938477 186 186 186 255
-0.155172 -0.064480 0.886106 -0.872555 -0.437513 -0.217170 0.624023 0.875977 122 122 122 255
-0.203569 -0.077968 1.005380 -0.800653 -0.447066 -0.398816 0.624023 0.906250 186 186 186 255
-0.203569 0.077968 1.005380 -0.800653 0.447066 -0.398816 0.593750 0.906250 186 186 186 255
-0.155172 0.064480 0.886106 -0.872555 0.437513 -0.217170 0.593750 0.875977 122 122 122 255
-0.340901 -0.000000 1.512264 -0.990204 0.000000 0.139409 0.530273 0.938477 255 255 255 255
-0.252629 -0.000000 1.714028 -0.885617 0.126316 0.446852 0.530273 0.968750 186 186 186 255
-0.287631 0.213210 1.486574 -0.818751 0.573504 0.025880 0.500000 0.938477 186 186 186 255
-0.287631 0.213210 1.486574 -0.818751 0.573504 0.025880 0.532227 0.968750 186 186 186 255
-0.287631 -0.213210 1.486574 -0.818751 -0.573504 0.025880 0.500000 0.938477 186 186 186 255
-0.265320 -0.125865 1.181378 -0.793146 -0.507462 -0.336680 0.532227 0.938477 186 186 186 255
-0.287631 -0.213210 1.486574 -0.818751 -0.573504 0.025880 0.532227 0.968750 186 186 186 255
-0.221969 0.208564 1.641773 -0.728904 0.536882 0.424757 0.500000 0.968750 186 186 186 255
-0.221969 -0.208564 1.641773 -0.728904 -0.536882 0.424757 0.500000 0.968750 186 186 186 255
3 0 1 2
3 3 4 5
3 6 7 8
3 9 10 11
3 12 13 14
3 15 16 17
3 18 19 20
3 21 22 23
3 24 25 26
3 27 28 29
3 30 31 32
3 33 34 35
3 36 37 38
3 39 40 41
3 42 43 44
3 45 46 47
3 48 49 50
3 51 52 53
3 54 55 56
3 57 58 59
3 60 61 62
3 63 64 65
3 66 67 68
3 69 70 71
3 72 73 74
3 75 76 77
3 78 79 80
3 81 82 83
3 84 85 86
3 87 88 89
3 90 91 92
3 93 94 95
3 96 97 98
3 99 100 101
3 102 103 104
3 105 106 107
3 108 109 110
3 111 112 113
3 114 115 116
3 117 118 119
3 120 121 122
3 123 124 125
3 126 127 128
3 129 130 131
3 132 133 134
3 135 136 137
3 138 139 140
3 141 142 143
3 144 145 146
3 147 148 149
3 150 151 152
3 153 154 155
3 156 157 158
3 159 160 161
3 162 163 164
3 165 166 167
3 168 169 170
3 171 172 173
3 174 175 176
3 177 174 176
3 178 179 180
3 181 182 183
3 184 185 186
3 187 188 189
3 190 191 192
3 193 194 195
3 196 197 198
3 199 200 201
3 202 203 204
3 205 206 207
3 208 209 210
3 211 212 213
3 214 215 216
3 217 218 219
3 220 221 222
3 223 224 225
3 226 227 228
3 229 230 231
3 232 233 234
3 235 236 237
3 238 239 240
3 241 242 243
3 244 245 246
3 247 248 249
3 250 251 252
3 253 254 255
3 256 257 258
3 259 260 261
3 177 176 262
3 263 264 265
3 266 267 268
3 269 270 271
3 272 273 274
3 275 276 277
3 278 279 280
3 281 282 283
3 284 285 286
3 287 288 289
3 290 291 292
3 293 294 295
3 296 297 298
3 299 300 301
3 302 303 304
3 305 306 307
3 308 309 310
3 311 312 313
3 314 315 316
3 317 318 319
3 320 321 322
3 323 324 325
3 326 327 328
3 329 330 331
3 332 333 334
3 335 336 337
3 338 339 340
3 341 342 343
3 344 345 346
3 347 348 349
3 350 351 352
3 353 354 355
3 356 357 358
3 359 360 361
3 362 363 364
3 365 366 367
3 368 369 370
3 371 372 373
3 374 375 376
3 377 378 379
3 380 381 382
3 383 384 385
3 386 387 388
3 389 390 391
3 392 393 394
3 395 396 397
3 398 399 400
3 401 402 403
3 404 405 406
3 407 408 409
3 410 411 412
3 413 414 415
3 416 417 418
3 419 420 421
3 422 423 424
3 425 426 427
3 428 429 430
3 431 432 433
3 434 435 436
3 437 438 439
3 440 441 442
3 443 444 445
3 446 447 448
3 449 450 451
3 452 453 454
3 455 456 457
3 458 459 460
3 461 462 463
3 464 465 466
3 467 468 469
3 470 471 472
3 473 474 475
3 476 477 478
3 479 480 481
3 482 483 484
3 485 486 487
3 488 489 490
3 491 492 493
3 494 495 496
3 497 498 499
3 500 501 502
3 503 504 505
3 506 507 508
3 509 510 511
3 512 513 514
3 515 516 517
3 518 519 520
3 521 522 523
3 524 525 526
3 527 528 529
3 530 531 532
3 533 534 535
3 536 537 538
3 539 540 541
3 542 543 544
3 545 546 547
3 548 549 550
3 551 552 553
3 554 555 556
3 557 558 559
3 560 561 562
3 563 564 565
3 566 567 568
3 569 570 571
3 572 573 574
3 575 576 577
3 578 579 580
3 581 582 583
3 584 585 586
3 587 588 589
3 590 591 592
3 593 594 595
3 596 597 598
3 599 600 601
3 602 603 604
3 605 606 607
3 608 609 610
3 611 612 613
3 614 615 616
3 617 618 619
3 620 621 622
3 623 624 625
3 626 627 628
3 629 630 631
3 632 633 634
3 635 636 637
3 638 639 640
3 641 642 643
3 644 645 646
3 647 648 649
3 650 651 652
3 653 654 655
3 656 657 658
3 659 660 661
3 662 663 664
3 665 666 667
3 668 669 670
3 671 672 673
3 674 675 676
3 677 678 679
3 680 681 682
3 683 684 685
3 686 687 688
3 689 690 691
3 692 693 694
3 695 696 697
3 698 699 700
3 701 702 703
3 704 705 706
3 707 708 709
3 710 711 712
3 713 714 715
3 716 717 718
3 719 720 721
3 722 723 724
3 725 726 727
3 728 729 730
3 731 732 733
3 734 735 736
3 737 738 739
3 740 741 742
3 743 744 745
3 746 747 748
3 749 750 751
3 752 753 754
3 755 756 757
3 758 759 760
3 761 762 763
3 764 765 766
3 767 768 769
3 770 771 772
3 773 774 775
3 776 777 778
3 779 780 781
3 782 783 784
3 785 786 787
3 788 789 790
3 791 792 793
3 794 795 796
3 797 798 799
3 800 801 802
3 803 804 805
3 806 807 808
3 809 810 811
3 812 813 814
3 815 816 817
3 818 819 820
3 821 822 823
3 824 825 826
3 827 828 829
3 830 831 832
3 833 834 835
3 836 837 838
3 839 840 841
3 842 843 844
3 845 846 847
3 848 849 850
3 851 852 853
3 854 855 856
3 857 858 859
3 860 861 862
3 863 864 865
3 866 867 868
3 869 870 871
3 872 873 874
3 875 876 877
3 878 879 880
3 881 882 883
3 884 885 886
3 887 888 889
3 890 891 892
3 893 894 895
3 896 897 898
3 899 900 901
3 902 903 904
3 905 906 907
3 908 909 910
3 911 912 913
3 914 915 916
3 917 918 919
3 920 921 922
3 923 924 925
3 926 927 928
3 929 930 931
3 932 933 934
3 935 933 932
3 936 937 938
3 939 940 941
3 942 943 944
3 945 946 947
3 948 949 950
3 951 952 953
3 954 955 956
3 957 958 959
3 960 961 962
3 963 964 965
3 966 967 968
3 969 970 971
3 972 973 974
3 975 976 977
3 978 979 980
3 981 982 983
3 984 985 986
3 987 988 989
3 990 991 992
3 993 994 995
3 996 997 998
3 999 1000 1001
3 1002 1003 1004
3 1005 1006 1007
3 1008 1009 1010
3 1011 1012 1013
3 1014 1015 1016
3 1017 1018 1019
3 935 1020 933
3 1021 1022 1023
3 1024 1025 1026
3 1027 1028 1029
3 1030 1031 1032
3 1033 1034 1035
3 1036 1037 1038
3 1039 1040 1041
3 1042 1043 1044
3 1045 1046 1047
3 1048 1049 1050
3 1051 1052 1053
3 1054 1055 1056
3 1057 1058 1059
3 1060 1061 1062
3 1063 1064 1065
3 1066 1067 1068
3 1069 1070 1071
3 1072 1073 1074
3 1075 1076 1077
3 1078 1079 1080
3 1081 1082 1083
3 1084 1085 1086
3 1087 1088 1089
3 1090 1091 1092
3 1093 1094 1095
3 1096 1097 1098
3 1099 1100 1101
3 1102 1103 1104
3 1105 1106 1107
3 1108 1109 1110
3 1111 1112 1113
3 1114 1115 1116
3 1117 1118 1119
3 1120 1121 1122
3 1123 1124 1125
3 1126 1127 1128
3 1129 1130 1131
3 1132 1133 1134
3 1135 1136 1137
3 1138 1139 1140
3 1141 1142 1143
3 1144 1145 1146
3 1147 1148 1149
3 1150 1151 1152
3 1153 1154 1155
3 1156 1157 1158
3 1159 1160 1161
3 1162 1163 1164
3 1165 1166 1167
3 1168 1169 1170
3 1171 1172 1173
3 1174 1175 1176
3 1177 1178 1179
3 1180 1181 1182
3 1183 1184 1185
3 1186 1187 1188
3 1189 1190 1191
3 1192 1193 1194
3 1195 1196 1197
3 1198 1199 1200
3 1201 1202 1203
3 1204 1205 1206
3 1207 1208 1209
3 1210 1211 1212
3 1213 1214 1215
3 1216 1217 1218
3 1219 1220 1221
3 1222 1223 1224
3 1225 1226 1227
3 1228 1229 1230
3 1231 1232 1233
3 1234 1235 1236
3 1237 1238 1239
3 1240 1241 1242
3 1243 1244 1245
3 1246 1247 1248
3 1249 1250 1251
3 1252 1253 1254
3 1255 1256 1257
3 1258 1259 1260
3 1261 1262 1263
3 1264 1265 1266
3 1267 1268 1269
3 1270 1271 1272
3 1273 1274 1275
3 1276 1277 1278
3 1279 1280 1281
3 1282 1283 1284
3 1285 1286 1287
3 1288 1289 1290
3 1291 1292 1293
3 1294 1295 1296
3 1297 1298 1299
3 1300 1301 1302
3 1303 1304 1305
3 1306 1307 1308
3 1309 1310 1311
3 1312 1313 1314
3 1315 1316 1317
3 1318 1319 1320
3 1321 1322 1323
3 1324 1325 1326
3 1327 1328 1329
3 1330 1331 1332
3 1333 1334 1335
3 1336 1337 1338
3 1339 1340 1341
3 1342 1343 1344
3 1345 1346 1347
3 1348 1349 1350
3 1351 1352 1353
3 1354 1355 1356
3 1357 1358 1359
3 1360 1361 1362
3 1363 1364 1365
3 1366 1367 1368
3 1369 1370 1371
3 1372 1373 1374
3 1375 1376 1377
3 1378 1379 1380
3 1381 1382 1383
3 1384 1385 1386
3 1387 1388 1389
3 1390 1391 1392
3 1393 1394 1395
3 1396 1397 1398
3 1399 1400 1401
3 1402 1403 1404
3 1405 1406 1407
3 1408 1409 1410
3 1411 1412 1413
3 1414 1415 1416
3 1417 1418 1419
3 1420 1421 1422
3 1423 1424 1425
3 1426 1427 1428
3 1429 1430 1431
3 1432 1433 1434
3 1435 1436 1437
3 1438 1439 1440
3 1441 1442 1443
3 1444 1445 1446
3 1447 1448 1449
3 1450 1451 1452
3 1453 1454 1455
3 1456 1457 1458
3 1459 1460 1461
3 1462 1463 1464
3 1465 1466 1467
3 1468 1469 1470
3 1471 1472 1473
3 1474 1475 1476
3 1477 1478 1479
3 1480 1481 1482
3 1483 1484 1485
3 1486 1487 1488
3 1489 1490 1491
3 1492 1493 1494
3 1495 1496 1497
3 1498 1499 1500
3 1501 1502 1503
3 1504 1505 1506
3 1507 1508 1509
3 1510 1511 1512
3 1513 1514 1515
3 1516 1517 1518
3 1519 1520 1521
3 1522 1523 1524
3 1525 1526 1527
3 1528 1529 1530
3 1531 1532 1533
3 1534 1535 1536
3 1537 1538 1539
3 1540 1541 1542
3 1543 1544 1545
3 1546 1547 1548
3 1549 1550 1551
3 1552 1553 1554
3 1555 1556 1557
3 1558 1559 1560
3 1561 1562 1563
3 1564 1565 1566
3 1567 1568 1569
3 1570 1571 1572
3 1573 1574 1575
3 1576 1577 1578
3 1579 1580 1581
3 1582 1583 1584
3 1585 1586 1587
3 1588 1589 1590
3 1591 1592 1593
3 1594 1595 1596
3 1597 1598 1599
3 1600 1601 1602
3 1603 1604 1605
3 1606 1607 1608
3 1609 1610 1611
3 1612 1613 1614
3 1615 1616 1617
3 1615 1617 1618
3 1619 1620 1621
3 1622 1623 1624
3 1625 1624 1623
3 1621 1626 1619
3 1627 1628 1629
3 1630 1631 1632
3 1633 1629 1634
3 1635 1636 1637
3 1630 1632 1638
3 1639 1640 1635
3 1641 1642 1643
3 1644 1643 1642
3 1645 1646 1647
3 1648 1649 1650
3 1651 1652 1646
3 1653 1654 1655
3 1648 1656 1649
3 1657 1653 1658
3 1659 1660 1661
3 1661 1662 1659
3 1663 1664 1665
3 1666 1667 1668
3 1669 1667 1666
3 1670 1671 1672
3 1670 1672 1673
3 1674 1675 1676
3 1664 1677 1665
3 1674 1678 1675
3 1664 1679 1680
3 1676 1675 1681
3 1678 1682 1675
