# 3ds Max Wavefront OBJ Exporter v0.97b - (c)2007 guruware
# File Created: 06.11.2021 11:11:58

mtllib CrashBandicoot.mtl

#
# object CrashBandicootEyelids1
#

v  -0.0258 1.6154 0.3488
v  -0.0747 1.6167 0.3540
v  -0.0275 1.6528 0.3463
v  -0.0787 1.6466 0.3516
v  -0.1172 1.6025 0.3497
v  -0.1249 1.6372 0.3474
v  -0.1447 1.5814 0.3280
v  -0.1576 1.6302 0.3241
v  -0.1176 1.6635 0.3449
v  -0.1411 1.6889 0.3148
v  -0.1608 1.6280 0.2977
v  -0.1475 1.5777 0.3017
v  0.0087 1.6097 0.3223
v  0.0132 1.6553 0.3219
v  0.0258 1.6154 0.3488
v  0.0271 1.6528 0.3463
v  0.0747 1.6167 0.3540
v  0.0787 1.6466 0.3516
v  0.1172 1.6025 0.3497
v  0.1249 1.6372 0.3474
v  0.1447 1.5814 0.3280
v  0.1576 1.6302 0.3241
v  0.1475 1.5777 0.3017
v  0.1608 1.6280 0.2977
v  0.1411 1.6889 0.3148
v  0.1176 1.6635 0.3449
v  0.0845 1.6853 0.3426
v  0.0470 1.6754 0.3429
v  0.0342 1.6920 0.3191
v  0.0900 1.7057 0.3224
v  0.0334 1.5749 0.3289
v  0.0427 1.5899 0.3505
v  -0.1062 1.5620 0.3335
v  -0.0970 1.5856 0.3511
v  -0.0706 1.5815 0.3511
v  -0.0427 1.5899 0.3505
v  -0.0334 1.5749 0.3289
v  -0.0695 1.5677 0.3367
v  -0.0087 1.6097 0.3223
v  -0.0132 1.6553 0.3219
v  -0.0342 1.6920 0.3191
v  -0.0470 1.6754 0.3429
v  -0.0845 1.6853 0.3426
v  -0.0900 1.7057 0.3224
v  0.1062 1.5620 0.3335
v  0.0970 1.5856 0.3511
v  0.0706 1.5815 0.3511
v  0.0695 1.5677 0.3367
# 48 vertices

vn 0.5541 -0.0945 0.8271
vn 0.5320 0.2509 0.8088
vn 0.0011 0.0055 1.0000
vn -0.0192 0.1497 0.9885
vn -0.3347 -0.1490 0.9305
vn -0.3901 0.0980 0.9155
vn -0.6998 -0.5028 0.5074
vn -0.8763 0.0503 0.4792
vn -0.3108 0.3037 0.9006
vn -0.5806 0.4544 0.6756
vn -0.9924 -0.0138 0.1223
vn -0.8414 -0.5155 0.1623
vn -0.8136 -0.1592 0.5591
vn -0.5542 -0.0957 0.8269
vn -0.8204 0.2711 0.5034
vn -0.5376 0.2498 0.8054
vn -0.0010 0.0054 1.0000
vn 0.0195 0.1497 0.9885
vn 0.3347 -0.1490 0.9305
vn 0.3901 0.0980 0.9155
vn 0.6998 -0.5028 0.5074
vn 0.8763 0.0503 0.4792
vn 0.8414 -0.5155 0.1623
vn 0.9924 -0.0138 0.1223
vn 0.5806 0.4544 0.6756
vn 0.3108 0.3037 0.9006
vn 0.0373 0.5237 0.8511
vn -0.2390 0.4910 0.8377
vn -0.4328 0.6455 0.6293
vn 0.0860 0.6899 0.7188
vn -0.5245 -0.5744 0.6284
vn -0.3161 -0.3609 0.8774
vn -0.2817 -0.6072 0.7429
vn -0.1502 -0.2650 0.9525
vn 0.0832 -0.4344 0.8969
vn 0.3162 -0.3609 0.8774
vn 0.5246 -0.5743 0.6285
vn 0.1664 -0.7061 0.6883
vn 0.8134 -0.1591 0.5595
vn 0.8159 0.2719 0.5102
vn 0.4333 0.6437 0.6308
vn 0.2411 0.4901 0.8376
vn -0.0372 0.5237 0.8511
vn -0.0860 0.6899 0.7188
vn 0.2817 -0.6072 0.7429
vn 0.1502 -0.2650 0.9525
vn -0.0832 -0.4344 0.8969
vn -0.1664 -0.7061 0.6883
# 48 vertex normals

vt 3.9846 0.9710 0.0000
vt 3.9846 0.5000 0.0000
vt 3.9846 0.3162 0.0000
vt 3.9846 0.1334 0.0000
vt 3.9846 0.1813 0.0000
vt 3.9846 0.2885 0.0000
vt 3.9846 0.0813 0.0000
vt 3.9846 0.0096 0.0000
vt 3.9846 0.9786 0.0000
vt 3.9846 0.0000 0.0000
vt 3.9846 0.3939 0.0000
vt 3.9846 0.7856 0.0000
vt 3.9846 0.7664 0.0000
vt 3.9846 0.3691 0.0000
vt 3.9846 0.1237 0.0000
# 15 texture coords

g CrashBandicootEyelids1
usemtl material_147
s 1
f 1/1/1 3/2/2 2/1/3 
f 2/1/3 3/2/2 4/2/4 
f 5/1/5 2/1/3 4/2/4 
f 5/1/5 4/2/4 6/2/6 
f 7/1/7 5/1/5 6/2/6 
f 7/1/7 6/2/6 8/2/8 
f 6/2/6 9/3/9 8/2/8 
f 8/2/8 9/3/9 10/4/10 
f 10/4/10 11/2/11 8/2/8 
f 8/2/8 11/2/11 12/1/12 
f 7/1/7 8/2/8 12/1/12 
f 13/1/13 15/1/14 14/2/15 
f 14/2/15 15/1/14 16/2/16 
f 15/1/14 17/1/17 16/2/16 
f 16/2/16 17/1/17 18/2/18 
f 17/1/17 19/1/19 18/2/18 
f 18/2/18 19/1/19 20/2/20 
f 19/1/19 21/1/21 20/2/20 
f 20/2/20 21/1/21 22/2/22 
f 21/1/21 23/1/23 22/2/22 
f 22/2/22 23/1/23 24/2/24 
f 24/2/24 25/4/25 22/2/22 
f 22/2/22 25/4/25 26/3/26 
f 20/2/20 22/2/22 26/3/26 
f 20/2/20 26/3/26 27/5/27 
f 18/2/18 20/2/20 27/5/27 
f 18/2/18 27/5/27 16/2/16 
f 28/6/28 16/2/16 27/5/27 
f 28/6/28 27/5/27 29/7/29 
f 30/8/30 29/7/29 27/5/27 
f 30/8/30 27/5/27 25/4/25 
f 27/5/27 26/3/26 25/4/25 
f 15/9/14 13/9/13 31/10/31 
f 32/11/32 15/9/14 31/10/31 
f 12/12/12 33/10/33 7/13/7 
f 7/13/7 33/10/33 5/9/5 
f 34/14/34 5/9/5 33/10/33 
f 34/14/34 33/10/33 35/15/35 
f 5/9/5 34/14/34 35/15/35 
f 5/9/5 35/15/35 2/9/3 
f 1/9/1 2/9/3 35/15/35 
f 1/9/1 35/15/35 36/11/36 
f 37/10/37 36/11/36 35/15/35 
f 37/10/37 35/15/35 38/10/38 
f 35/15/35 33/10/33 38/10/38 
f 1/1/1 39/1/39 40/2/40 
f 3/2/2 1/1/1 40/2/40 
f 3/2/2 40/2/40 41/7/41 
f 42/6/42 3/2/2 41/7/41 
f 42/6/42 41/7/41 43/5/43 
f 3/2/2 42/6/42 43/5/43 
f 3/2/2 43/5/43 4/2/4 
f 6/2/6 4/2/4 43/5/43 
f 6/2/6 43/5/43 9/3/9 
f 10/4/10 9/3/9 43/5/43 
f 10/4/10 43/5/43 44/8/44 
f 43/5/43 41/7/41 44/8/44 
f 23/12/23 21/13/21 45/10/45 
f 45/10/45 21/13/21 19/9/19 
f 46/14/46 45/10/45 19/9/19 
f 46/14/46 19/9/19 47/15/47 
f 45/10/45 46/14/46 47/15/47 
f 45/10/45 47/15/47 48/10/48 
f 31/10/31 48/10/48 47/15/47 
f 31/10/31 47/15/47 32/11/32 
f 15/9/14 32/11/32 47/15/47 
f 15/9/14 47/15/47 17/9/17 
f 47/15/47 19/9/19 17/9/17 
f 16/2/16 28/6/28 29/7/29 
f 14/2/15 16/2/16 29/7/29 
f 1/9/1 36/11/36 37/10/37 
f 39/9/39 1/9/1 37/10/37 
# 0 polygons - 72 triangles

#
# object CrashBandicootEyelids2
#

v  0.1475 1.5777 0.3017
v  0.1062 1.5620 0.3335
v  0.1447 1.5814 0.3280
v  0.1172 1.6025 0.3497
v  0.0970 1.5856 0.3511
v  0.0706 1.5815 0.3511
v  0.0695 1.5677 0.3367
v  0.0334 1.5749 0.3289
v  0.0427 1.5899 0.3505
v  0.0258 1.6154 0.3488
v  0.0747 1.6167 0.3540
v  0.0087 1.6097 0.3223
v  0.0132 1.6553 0.3219
v  0.0271 1.6528 0.3463
v  0.0787 1.6466 0.3516
v  0.1249 1.6372 0.3474
v  0.1576 1.6302 0.3241
v  0.1608 1.6280 0.2977
v  0.1411 1.6889 0.3148
v  0.1176 1.6635 0.3449
v  0.0845 1.6853 0.3426
v  0.0470 1.6754 0.3429
v  0.0342 1.6920 0.3191
v  0.0900 1.7057 0.3224
v  -0.1475 1.5777 0.3017
v  -0.1447 1.5814 0.3280
v  -0.1062 1.5620 0.3335
v  -0.1172 1.6025 0.3497
v  -0.0970 1.5856 0.3511
v  -0.0706 1.5815 0.3511
v  -0.0747 1.6167 0.3540
v  -0.0258 1.6154 0.3488
v  -0.0427 1.5899 0.3505
v  -0.0334 1.5749 0.3289
v  -0.0695 1.5677 0.3367
v  -0.0087 1.6097 0.3223
v  -0.0132 1.6553 0.3219
v  -0.0275 1.6528 0.3463
v  -0.0342 1.6920 0.3191
v  -0.0470 1.6754 0.3429
v  -0.0845 1.6853 0.3426
v  -0.0787 1.6466 0.3516
v  -0.1249 1.6372 0.3474
v  -0.1176 1.6635 0.3449
v  -0.1411 1.6889 0.3148
v  -0.0900 1.7057 0.3224
v  -0.1576 1.6302 0.3241
v  -0.1608 1.6280 0.2977
# 48 vertices

vn 0.8414 -0.5155 0.1623
vn 0.6998 -0.5028 0.5074
vn 0.2817 -0.6072 0.7429
vn 0.3347 -0.1490 0.9305
vn 0.1502 -0.2650 0.9525
vn -0.0832 -0.4344 0.8969
vn -0.1664 -0.7061 0.6883
vn -0.5245 -0.5744 0.6284
vn -0.3161 -0.3609 0.8774
vn -0.5542 -0.0957 0.8269
vn -0.0010 0.0054 1.0000
vn -0.8136 -0.1592 0.5591
vn -0.8204 0.2711 0.5034
vn -0.5376 0.2498 0.8054
vn 0.0195 0.1497 0.9885
vn 0.3901 0.0980 0.9155
vn 0.8763 0.0503 0.4792
vn 0.9924 -0.0138 0.1223
vn 0.5806 0.4544 0.6756
vn 0.3108 0.3037 0.9006
vn 0.0373 0.5237 0.8511
vn -0.2390 0.4910 0.8377
vn -0.4328 0.6455 0.6293
vn 0.0860 0.6899 0.7188
vn -0.8414 -0.5155 0.1623
vn -0.2817 -0.6072 0.7429
vn -0.6998 -0.5028 0.5074
vn -0.3347 -0.1490 0.9305
vn -0.1502 -0.2650 0.9525
vn 0.0832 -0.4344 0.8969
vn 0.0011 0.0055 1.0000
vn 0.5541 -0.0945 0.8271
vn 0.3162 -0.3609 0.8774
vn 0.5246 -0.5743 0.6285
vn 0.1664 -0.7061 0.6883
vn 0.8134 -0.1591 0.5595
vn 0.8159 0.2719 0.5102
vn 0.5320 0.2509 0.8088
vn 0.4333 0.6437 0.6308
vn 0.2411 0.4901 0.8376
vn -0.0372 0.5237 0.8511
vn -0.0192 0.1497 0.9885
vn -0.3901 0.0980 0.9155
vn -0.3108 0.3037 0.9006
vn -0.5806 0.4544 0.6756
vn -0.0860 0.6899 0.7188
vn -0.8763 0.0503 0.4792
vn -0.9924 -0.0138 0.1223
# 48 vertex normals

vt 4.4992 0.7856 0.0000
vt 4.4992 0.7664 0.0000
vt 4.4992 0.0000 0.0000
vt 4.4992 0.9786 0.0000
vt 4.4992 0.3691 0.0000
vt 4.4992 0.1237 0.0000
vt 4.4992 0.3939 0.0000
vt 4.4992 0.9710 0.0000
vt 4.4992 0.5000 0.0000
vt 4.4992 0.1334 0.0000
vt 4.4992 0.3162 0.0000
vt 4.4992 0.1813 0.0000
vt 4.4992 0.2885 0.0000
vt 4.4992 0.0813 0.0000
vt 4.4992 0.0096 0.0000
# 15 texture coords

g CrashBandicootEyelids2
usemtl material_147
s 1
f 49/16/49 51/17/50 50/18/51 
f 50/18/51 51/17/50 52/19/52 
f 53/20/53 50/18/51 52/19/52 
f 53/20/53 52/19/52 54/21/54 
f 50/18/51 53/20/53 54/21/54 
f 50/18/51 54/21/54 55/18/55 
f 56/18/56 55/18/55 54/21/54 
f 56/18/56 54/21/54 57/22/57 
f 58/19/58 57/22/57 54/21/54 
f 58/19/58 54/21/54 59/19/59 
f 54/21/54 52/19/52 59/19/59 
f 58/19/58 60/19/60 56/18/56 
f 57/22/57 58/19/58 56/18/56 
f 60/23/60 58/23/58 61/24/61 
f 61/24/61 58/23/58 62/24/62 
f 58/23/58 59/23/59 62/24/62 
f 62/24/62 59/23/59 63/24/63 
f 59/23/59 52/23/52 63/24/63 
f 63/24/63 52/23/52 64/24/64 
f 52/23/52 51/23/50 64/24/64 
f 64/24/64 51/23/50 65/24/65 
f 51/23/50 49/23/49 65/24/65 
f 65/24/65 49/23/49 66/24/66 
f 66/24/66 67/25/67 65/24/65 
f 65/24/65 67/25/67 68/26/68 
f 64/24/64 65/24/65 68/26/68 
f 64/24/64 68/26/68 69/27/69 
f 63/24/63 64/24/64 69/27/69 
f 63/24/63 69/27/69 62/24/62 
f 70/28/70 62/24/62 69/27/69 
f 70/28/70 69/27/69 71/29/71 
f 72/30/72 71/29/71 69/27/69 
f 72/30/72 69/27/69 67/25/67 
f 69/27/69 68/26/68 67/25/67 
f 73/16/73 75/18/74 74/17/75 
f 74/17/75 75/18/74 76/19/76 
f 77/20/77 76/19/76 75/18/74 
f 77/20/77 75/18/74 78/21/78 
f 76/19/76 77/20/77 78/21/78 
f 76/19/76 78/21/78 79/19/79 
f 80/19/80 79/19/79 78/21/78 
f 80/19/80 78/21/78 81/22/81 
f 82/18/82 81/22/81 78/21/78 
f 82/18/82 78/21/78 83/18/83 
f 78/21/78 75/18/74 83/18/83 
f 80/23/80 84/23/84 85/24/85 
f 86/24/86 80/23/80 85/24/85 
f 86/24/86 85/24/85 87/29/87 
f 88/28/88 86/24/86 87/29/87 
f 88/28/88 87/29/87 89/27/89 
f 86/24/86 88/28/88 89/27/89 
f 86/24/86 89/27/89 90/24/90 
f 91/24/91 90/24/90 89/27/89 
f 91/24/91 89/27/89 92/26/92 
f 93/25/93 92/26/92 89/27/89 
f 93/25/93 89/27/89 94/30/94 
f 89/27/89 87/29/87 94/30/94 
f 81/22/81 82/18/82 80/19/80 
f 80/19/80 82/18/82 84/19/84 
f 80/23/80 86/24/86 79/23/79 
f 79/23/79 86/24/86 90/24/90 
f 76/23/76 79/23/79 90/24/90 
f 76/23/76 90/24/90 91/24/91 
f 74/23/75 76/23/76 91/24/91 
f 74/23/75 91/24/91 95/24/95 
f 91/24/91 92/26/92 95/24/95 
f 95/24/95 92/26/92 93/25/93 
f 93/25/93 96/24/96 95/24/95 
f 95/24/95 96/24/96 73/23/73 
f 74/23/75 95/24/95 73/23/73 
f 62/24/62 70/28/70 71/29/71 
f 61/24/61 62/24/62 71/29/71 
# 0 polygons - 72 triangles

#
# object CrashBandicoot
#

v  0.4691 0.7118 0.0874
v  0.4315 0.7358 0.0591
v  0.4941 0.7066 0.0867
v  0.4934 0.7383 0.0646
v  0.5337 0.7070 0.0655
v  0.5074 0.7445 0.0306
v  0.5592 0.6731 0.0374
v  0.5385 0.6757 0.0805
v  0.5393 0.6821 -0.0219
v  0.4970 0.7230 -0.0328
v  0.4888 0.7636 -0.0022
v  0.5053 0.7703 0.0241
v  0.4873 0.7667 0.0465
v  0.4611 0.7562 0.0505
v  0.4351 0.9641 0.0612
v  0.3920 0.9589 0.0700
v  0.3719 1.0183 0.0727
v  0.4189 1.0160 0.0638
v  0.4042 1.0533 0.0638
v  0.3109 1.1849 0.1000
v  0.3516 1.2235 0.0991
v  0.2781 1.2483 0.1063
v  0.3312 1.2902 0.1068
v  0.2483 1.3067 0.1241
v  0.2983 1.3764 0.1250
v  0.3659 1.2330 0.0435
v  0.3476 1.3019 0.0508
v  0.4244 0.9554 -0.0248
v  0.4561 0.9648 0.0195
v  0.4438 1.0186 0.0255
v  0.4149 1.0040 -0.0249
v  0.4019 1.0438 -0.0289
v  0.4106 1.0830 0.0311
v  0.3828 1.0740 -0.0190
v  0.3141 1.2929 -0.0400
v  0.3399 1.2114 -0.0366
v  0.2429 1.4216 0.1197
v  0.1970 1.3677 0.1649
v  0.1611 1.3178 0.1807
v  0.1434 1.3739 -0.0708
v  0.1867 1.3683 -0.0499
v  0.1495 1.4571 -0.0449
v  0.2270 1.4128 -0.0394
v  0.2240 1.3061 -0.0298
v  0.2503 1.3435 -0.0480
v  0.2943 1.3746 -0.0308
v  0.1824 1.2963 -0.0529
v  0.1075 1.2671 -0.0780
v  0.1693 1.1947 -0.0299
v  0.0819 1.1787 -0.0547
v  0.0000 1.0733 -0.0528
v  0.1333 1.1013 -0.0055
v  0.0972 1.0063 0.0098
v  0.0000 1.0029 -0.0304
v  0.0755 0.9252 0.0242
v  0.0000 0.9286 -0.0019
v  -0.0755 0.9252 0.0242
v  -0.0971 1.0063 0.0098
v  -0.1333 1.1013 -0.0055
v  -0.1693 1.1947 -0.0299
v  -0.0819 1.1787 -0.0547
v  -0.1075 1.2671 -0.0780
v  -0.1824 1.2963 -0.0529
v  0.3374 1.7734 0.0908
v  0.3393 1.7854 0.0898
v  0.4019 1.7966 0.0430
v  0.4274 1.8123 0.0327
v  0.2279 1.2734 0.0037
v  0.2053 1.2076 0.0316
v  0.2106 1.2285 0.0993
v  0.1504 1.2375 0.1801
v  0.2932 1.7564 0.1211
v  0.2773 1.7669 0.1249
v  0.3761 1.7039 0.0467
v  0.3603 1.7050 0.0531
v  0.2042 1.6507 0.1873
v  0.2354 1.7195 0.1590
v  0.2201 1.6022 0.1415
v  0.2529 1.6541 0.1029
v  0.3012 1.5948 0.0920
v  0.2355 1.5567 0.1297
v  0.0733 1.7289 0.1182
v  0.0833 1.7373 0.2020
v  0.0000 1.7336 0.1212
v  0.0000 1.7376 0.2119
v  -0.0832 1.7373 0.2020
v  -0.0733 1.7289 0.1182
v  0.2161 1.7369 0.1644
v  0.1754 1.7010 0.1874
v  0.1665 1.7038 0.1079
v  0.2365 1.7373 0.0940
v  0.2804 1.7578 0.0804
v  0.3487 1.7795 0.0575
v  0.3691 1.7485 0.0226
v  0.3272 1.6791 0.0358
v  0.3457 1.6514 0.0593
v  0.3072 1.5890 0.0831
v  0.2879 1.6220 0.0412
v  0.2356 1.5354 0.1164
v  0.2146 1.5658 0.0532
v  0.1814 1.6011 0.0350
v  0.2537 1.6888 0.0379
v  0.1691 1.6710 0.0603
v  -0.3373 1.7734 0.0908
v  -0.3392 1.7854 0.0898
v  -0.2932 1.7564 0.1211
v  -0.2772 1.7669 0.1249
v  -0.3761 1.7039 0.0467
v  -0.4274 1.8123 0.0327
v  -0.3602 1.7050 0.0531
v  -0.4018 1.7966 0.0430
v  -0.2943 1.3746 -0.0308
v  -0.2503 1.3435 -0.0480
v  -0.2270 1.4128 -0.0394
v  0.0369 0.7980 0.1537
v  0.0000 0.7917 0.1580
v  0.0472 0.8717 0.1451
v  0.0000 0.8699 0.1575
v  0.0706 0.9590 0.1365
v  0.0000 0.9456 0.1527
v  0.1257 1.1117 0.1597
v  0.0575 1.0892 0.1780
v  0.0000 1.0697 0.1846
v  -0.0575 1.0892 0.1780
v  -0.1256 1.1117 0.1597
v  -0.0706 0.9590 0.1365
v  -0.0472 0.8717 0.1451
v  -0.0368 0.7980 0.1537
v  -0.4888 0.7636 -0.0022
v  -0.4244 0.9554 -0.0248
v  -0.5053 0.7703 0.0241
v  -0.4561 0.9648 0.0195
v  -0.4873 0.7667 0.0465
v  -0.4351 0.9641 0.0612
v  -0.4189 1.0160 0.0638
v  -0.4438 1.0186 0.0255
v  -0.4042 1.0533 0.0638
v  -0.4105 1.0830 0.0311
v  -0.3516 1.2235 0.0991
v  -0.3658 1.2330 0.0435
v  -0.3475 1.3019 0.0508
v  -0.3312 1.2902 0.1068
v  -0.4941 0.7066 0.0867
v  -0.4315 0.7358 0.0591
v  -0.4934 0.7383 0.0646
v  -0.5074 0.7445 0.0306
v  -0.4970 0.7230 -0.0328
v  -0.4650 0.7583 -0.0055
v  -0.4737 0.7381 -0.0237
v  -0.4494 0.7524 0.0167
v  -0.4369 0.7314 0.0143
v  -0.4611 0.7562 0.0505
v  -0.3751 0.9574 -0.0164
v  -0.4149 1.0040 -0.0249
v  -0.3602 0.9990 -0.0157
v  -0.4018 1.0438 -0.0289
v  -0.3429 1.0629 -0.0123
v  -0.3827 1.0740 -0.0190
v  -0.3398 1.2114 -0.0366
v  -0.3003 1.1745 -0.0296
v  -0.3140 1.2929 -0.0400
v  -0.2646 1.2566 -0.0354
v  -0.3215 1.3889 0.0611
v  -0.2983 1.3764 0.1250
v  -0.2429 1.4216 0.1197
v  -0.2402 1.4397 0.0662
v  -0.1795 1.5249 0.0244
v  -0.2130 1.4682 0.1260
v  -0.2356 1.5354 0.1164
v  -0.2146 1.5658 0.0532
v  -0.1814 1.6011 0.0350
v  -0.1404 1.5465 -0.0174
v  -0.1495 1.4571 -0.0449
v  -0.0823 1.4685 -0.0594
v  -0.0822 1.5576 -0.0360
v  -0.0795 1.6338 -0.0064
v  -0.1334 1.6185 0.0043
v  -0.2041 1.6507 0.1873
v  -0.2201 1.6022 0.1415
v  -0.2354 1.7195 0.1590
v  -0.2528 1.6541 0.1029
v  -0.2915 1.6903 0.0785
v  -0.3435 1.7445 0.0566
v  -0.3380 1.6546 0.0669
v  -0.3011 1.5948 0.0920
v  -0.2355 1.5567 0.1297
v  -0.2161 1.7369 0.1644
v  -0.2483 1.3067 0.1241
v  -0.1969 1.3677 0.1649
v  -0.1611 1.3178 0.1807
v  -0.1326 0.9893 0.0620
v  -0.1748 1.1176 0.0458
v  -0.1229 0.9795 0.0960
v  -0.1740 1.1288 0.0955
v  -0.1434 1.3739 -0.0708
v  -0.1866 1.3683 -0.0499
v  -0.2240 1.3061 -0.0298
v  -0.1753 1.7010 0.1874
v  -0.1665 1.7038 0.1079
v  -0.2365 1.7373 0.0940
v  -0.1691 1.6710 0.0603
v  -0.2537 1.6888 0.0379
v  -0.2878 1.6220 0.0412
v  -0.3071 1.5890 0.0831
v  -0.3271 1.6791 0.0358
v  -0.3457 1.6514 0.0593
v  -0.3690 1.7485 0.0226
v  -0.3486 1.7795 0.0575
v  -0.2804 1.7578 0.0804
v  -0.1123 0.9059 0.0692
v  -0.0984 0.8916 0.1000
v  -0.1504 1.2375 0.1801
v  -0.2106 1.2285 0.0993
v  -0.2053 1.2076 0.0316
v  -0.0889 0.6222 0.1692
v  -0.0579 0.7003 0.1386
v  -0.0287 0.6003 0.0699
v  0.0000 0.6364 0.0613
v  -0.0794 0.4172 0.0569
v  -0.0730 0.4847 0.0587
v  -0.1415 0.4298 -0.0413
v  -0.1263 0.5007 -0.0267
v  -0.2048 0.4504 -0.0266
v  -0.1757 0.5279 -0.0182
v  -0.0749 0.8506 0.0181
v  0.0000 0.8531 0.0064
v  -0.0688 0.8788 0.0231
v  0.0000 0.8804 0.0164
v  0.0688 0.8788 0.0231
v  0.0749 0.8506 0.0181
v  -0.2246 0.3878 -0.0316
v  -0.2348 0.3544 -0.0449
v  -0.1502 0.3774 -0.0490
v  -0.1479 0.3380 -0.0695
v  -0.2674 0.3635 0.1145
v  -0.2853 0.3509 0.0289
v  -0.2595 0.4004 0.1116
v  -0.2747 0.3864 0.0330
v  -0.0588 0.5465 0.0743
v  -0.1170 0.5505 0.1657
v  -0.0932 0.5149 0.1268
v  -0.1022 0.4840 0.1300
v  -0.1880 0.5955 0.0565
v  -0.1814 0.5670 0.1565
v  -0.2097 0.5285 0.0435
v  -0.2066 0.5522 0.1076
v  -0.2166 0.5107 0.0961
v  -0.2193 0.5114 0.0998
v  -0.1102 0.8597 0.0704
v  -0.1159 0.8362 0.0623
v  -0.0915 0.8012 0.1108
v  -0.0962 0.8351 0.1058
v  -0.0349 0.7668 0.1513
v  -0.2370 0.4245 0.1161
v  -0.2427 0.4440 0.0348
v  -0.2181 0.4779 0.1167
v  -0.0784 0.3662 0.0494
v  -0.1217 0.3836 0.1521
v  -0.1233 0.4116 0.1509
v  -0.1265 0.7683 0.0910
v  -0.1051 0.7582 0.0289
v  -0.0506 0.8151 -0.0049
v  0.0000 0.8219 -0.0096
v  0.0506 0.8151 -0.0049
v  0.1159 0.8362 0.0623
v  0.1051 0.7581 0.0289
v  0.1265 0.7683 0.0910
v  0.0889 0.6223 0.1693
v  0.0288 0.6003 0.0700
v  0.0579 0.7003 0.1386
v  0.0787 0.3676 0.0497
v  0.1505 0.3788 -0.0487
v  0.0796 0.4172 0.0570
v  0.1418 0.4299 -0.0411
v  0.0732 0.4847 0.0589
v  0.1265 0.5007 -0.0265
v  0.2051 0.4505 -0.0263
v  0.1759 0.5280 -0.0179
v  0.2430 0.4441 0.0350
v  0.2099 0.5286 0.0437
v  0.1218 0.3809 0.1523
v  0.0783 0.3278 0.0501
v  0.1171 0.3414 0.1490
v  -0.1261 0.4587 0.1458
v  0.1646 0.6882 0.0802
v  0.1881 0.5956 0.0567
v  0.1440 0.6685 0.1571
v  0.1815 0.5671 0.1567
v  0.1171 0.5505 0.1659
v  0.0589 0.5465 0.0745
v  0.2750 0.3879 0.0333
v  0.2249 0.3892 -0.0313
v  0.2351 0.3559 -0.0445
v  0.1475 0.3431 -0.0656
v  0.2676 0.3650 0.1148
v  0.2597 0.4019 0.1120
v  0.2856 0.3524 0.0293
v  0.0933 0.5149 0.1270
v  0.1024 0.4840 0.1302
v  0.2068 0.5523 0.1079
v  0.2167 0.5108 0.0964
v  0.2194 0.5115 0.1001
v  0.1102 0.8597 0.0704
v  0.0915 0.8012 0.1108
v  0.0962 0.8351 0.1058
v  0.0349 0.7668 0.1513
v  0.2372 0.4246 0.1163
v  0.2182 0.4780 0.1169
v  0.1263 0.4587 0.1460
v  0.1235 0.4116 0.1511
v  -0.5592 0.6731 0.0374
v  -0.5385 0.6757 0.0805
v  -0.1638 0.4991 0.0885
v  -0.5393 0.6821 -0.0219
v  -0.2519 0.3797 0.1819
v  -0.1531 0.3640 0.2012
v  -0.1171 0.3414 0.1490
v  0.0000 1.1691 -0.0747
v  0.0000 1.2737 -0.0959
v  -0.0780 0.3265 0.0499
v  0.1640 0.4992 0.0887
v  0.1516 0.4669 0.1721
v  0.1357 0.4941 0.1769
v  0.1265 0.5225 0.1726
v  0.2030 0.5381 0.1593
v  0.2125 0.5101 0.1625
v  0.2074 0.4789 0.1592
v  -0.1608 0.6004 0.0032
v  -0.1109 0.5880 -0.0041
v  0.0000 0.7607 0.1545
v  0.0000 0.6838 0.1403
v  -0.1646 0.6881 0.0800
v  -0.1440 0.6684 0.1570
v  -0.0939 0.7622 0.1302
v  0.3215 1.3889 0.0611
v  0.2403 1.4397 0.0662
v  0.1795 1.5249 0.0244
v  0.2131 1.4682 0.1260
v  0.1404 1.5465 -0.0174
v  0.0824 1.4685 -0.0594
v  0.0822 1.5576 -0.0360
v  0.0795 1.6338 -0.0064
v  0.3381 1.6546 0.0669
v  0.0000 1.5649 -0.0528
v  0.0000 1.6393 -0.0166
v  0.1326 0.9893 0.0620
v  0.1229 0.9795 0.0960
v  0.1749 1.1176 0.0458
v  0.1741 1.1288 0.0955
v  0.0717 1.3808 -0.0938
v  0.0000 1.3806 -0.0951
v  -0.0717 1.3808 -0.0938
v  -0.3919 0.9589 0.0700
v  -0.3500 0.9560 0.0345
v  -0.3292 1.0270 0.0360
v  -0.2577 1.1666 0.0133
v  -0.2394 1.2150 0.0089
v  -0.2279 1.2734 0.0037
v  0.4369 0.7314 0.0143
v  0.4494 0.7524 0.0167
v  0.4737 0.7381 -0.0237
v  0.4651 0.7583 -0.0055
v  0.3751 0.9574 -0.0164
v  0.3603 0.9990 -0.0157
v  0.3429 1.0629 -0.0123
v  0.3003 1.1745 -0.0296
v  0.2647 1.2566 -0.0354
v  0.2394 1.2150 0.0089
v  0.2578 1.1666 0.0133
v  0.3292 1.0270 0.0360
v  0.3500 0.9560 0.0345
v  0.3401 1.0213 0.0591
v  0.2727 1.1599 0.0589
v  0.2481 1.2246 0.0616
v  0.0000 1.4740 -0.0807
v  0.0000 1.7037 0.0420
v  0.0749 1.6979 0.0465
v  -0.0749 1.6979 0.0465
v  0.2948 1.7223 0.0349
v  -0.0891 0.6332 0.0000
v  -0.1303 0.6843 0.0138
v  -0.0650 0.6814 -0.0046
v  -0.1514 0.4669 0.1719
v  -0.1356 0.4940 0.1767
v  -0.1263 0.5225 0.1724
v  -0.2029 0.5380 0.1590
v  -0.2124 0.5100 0.1622
v  -0.2072 0.4788 0.1590
v  -0.2233 0.4284 0.1587
v  -0.2428 0.4112 0.1717
v  -0.1474 0.3961 0.1970
v  -0.1494 0.4165 0.1772
v  -0.2781 1.2483 0.1063
v  -0.3109 1.1849 0.1000
v  -0.3719 1.0183 0.0727
v  -0.3400 1.0213 0.0591
v  -0.2726 1.1599 0.0589
v  -0.2481 1.2246 0.0616
v  0.1377 1.7125 0.1953
v  0.1271 1.7072 0.1140
v  0.1269 1.6797 0.0562
v  0.1334 1.6185 0.0043
v  -0.1269 1.6797 0.0562
v  -0.1270 1.7072 0.1140
v  -0.1377 1.7125 0.1953
v  0.0984 0.8916 0.1000
v  0.1124 0.9059 0.0692
v  0.1111 0.5880 -0.0039
v  0.0892 0.6332 0.0001
v  0.0650 0.6813 -0.0046
v  0.1304 0.6843 0.0139
v  0.1610 0.6005 0.0034
v  0.0939 0.7622 0.1302
v  -0.2947 1.7223 0.0349
v  0.2519 0.3797 0.1819
v  0.1531 0.3640 0.2012
v  0.0000 0.6819 0.0118
v  0.0000 0.7505 -0.0201
v  -0.0512 0.7482 -0.0167
v  0.0512 0.7482 -0.0167
v  0.2916 1.6903 0.0785
v  0.3435 1.7445 0.0566
v  0.1496 0.4165 0.1774
v  0.1492 0.3936 0.1900
v  0.2428 0.4112 0.1717
v  0.2235 0.4285 0.1590
v  -0.1593 1.6281 0.2983
v  -0.1386 1.6337 0.3305
v  -0.1462 1.5788 0.3022
v  -0.1288 1.5967 0.3310
v  -0.0886 1.5764 0.3392
v  -0.1057 1.5634 0.3285
v  -0.0562 1.5772 0.3380
v  -0.0697 1.5690 0.3366
v  -0.0344 1.5760 0.3289
v  -0.0330 1.5867 0.3337
v  -0.0102 1.6101 0.3224
v  -0.0168 1.6105 0.3293
v  -0.0146 1.6548 0.3220
v  -0.0187 1.6460 0.3305
v  -0.0352 1.6907 0.3193
v  -0.0421 1.6827 0.3283
v  -0.0881 1.6923 0.3298
v  -0.0899 1.7006 0.3197
v  -0.1363 1.6836 0.3025
v  -0.1274 1.6734 0.3289
v  -0.0898 1.6252 0.3484
v  -0.0840 1.6043 0.3476
v  -0.0696 1.5903 0.3447
v  -0.0510 1.5875 0.3408
v  -0.0342 1.5969 0.3369
v  -0.0316 1.6555 0.3359
v  -0.0633 1.6623 0.3418
v  -0.0555 1.4850 0.4662
v  -0.1037 1.5120 0.3829
v  -0.0949 1.5332 0.3878
v  -0.1349 1.5332 0.3390
v  -0.1147 1.5478 0.3483
v  -0.1623 1.5571 0.2779
v  -0.1550 1.5726 0.2957
v  -0.1138 1.5573 0.3441
v  -0.0706 1.5667 0.3499
v  -0.0641 1.5477 0.3615
v  -0.0553 1.5387 0.3954
v  -0.0474 1.5027 0.4673
v  -0.0325 1.5166 0.4691
v  0.0000 1.5102 0.5279
v  -0.0162 1.5000 0.5312
v  -0.0163 1.4811 0.5334
v  0.1140 1.4171 0.1358
v  0.0759 1.4137 0.1149
v  0.1429 1.5142 0.1033
v  0.0933 1.5033 0.1249
v  0.0384 1.5098 0.1157
v  0.0342 1.4149 0.0942
v  0.0000 1.5131 0.1113
v  0.0000 1.4137 0.0953
v  -0.0342 1.4149 0.0942
v  -0.0945 1.3474 0.2199
v  -0.0759 1.4137 0.1149
v  -0.1249 1.3884 0.1896
v  -0.1140 1.4171 0.1358
v  -0.1469 1.4260 0.1706
v  -0.1429 1.5142 0.1033
v  -0.1690 1.4922 0.1678
v  -0.1435 1.4815 0.2162
v  -0.1054 1.4629 0.2504
v  -0.0932 1.5033 0.1249
v  -0.0530 1.4451 0.2734
v  -0.0384 1.5098 0.1157
v  0.0000 1.4397 0.2842
v  0.1128 1.4438 0.2839
v  0.0580 1.4320 0.3056
v  0.0577 1.4373 0.3094
v  0.0000 1.4265 0.3163
v  0.0000 1.4290 0.3197
v  -0.0577 1.4373 0.3094
v  -0.0579 1.4320 0.3056
v  -0.1128 1.4438 0.2839
v  -0.1179 1.4491 0.2869
v  -0.1483 1.4640 0.2371
v  -0.1528 1.4751 0.2369
v  -0.1810 1.4926 0.1900
v  0.0886 1.5764 0.3392
v  0.1288 1.5967 0.3293
v  0.0840 1.6043 0.3476
v  0.1386 1.6337 0.3305
v  0.0898 1.6252 0.3484
v  0.1274 1.6734 0.3289
v  0.0850 1.6462 0.3469
v  0.0881 1.6923 0.3298
v  0.0421 1.6827 0.3283
v  0.0162 1.5000 0.5312
v  0.0163 1.4811 0.5334
v  0.0379 1.4932 0.5827
v  0.0000 1.4515 0.5679
v  0.0000 1.4683 0.5338
v  -0.0378 1.4932 0.5827
v  -0.0382 1.5200 0.5869
v  0.0000 1.5496 0.5766
v  0.0000 1.5216 0.6238
v  0.0000 1.4954 0.6228
v  0.0382 1.5200 0.5869
v  -0.0919 1.7279 0.3231
v  0.0476 1.2577 0.2152
v  0.0410 1.2095 0.2080
v  0.0000 1.2064 0.2109
v  -0.0410 1.2095 0.2080
v  -0.0475 1.2577 0.2152
v  0.0000 1.2532 0.2170
v  0.0462 1.2917 0.2152
v  0.0000 1.2891 0.2188
v  -0.0461 1.2917 0.2152
v  -0.1688 1.3833 0.1633
v  -0.1901 1.4787 0.1526
v  -0.2179 1.5188 0.1425
v  -0.2105 1.5541 0.1653
v  -0.2149 1.5629 0.2232
v  -0.1806 1.5866 0.2435
v  -0.1735 1.6390 0.2533
v  -0.1513 1.6964 0.2374
v  -0.0886 1.7273 0.2481
v  -0.1452 1.6977 0.2845
v  -0.0894 1.7233 0.3007
v  -0.1431 1.6899 0.3196
v  -0.1681 1.6306 0.2972
v  -0.1456 1.6965 0.3072
v  -0.0362 1.7206 0.2898
v  -0.0355 1.7013 0.3330
v  -0.2106 1.5248 0.2081
v  -0.2036 1.5282 0.2337
v  -0.1572 1.5147 0.2802
v  -0.1253 1.4885 0.3335
v  -0.0801 1.4601 0.3782
v  -0.0376 1.4418 0.4615
v  0.0953 1.3487 0.2389
v  0.0536 1.3379 0.2551
v  0.0945 1.3474 0.2199
v  0.0484 1.3352 0.2438
v  0.0000 1.3324 0.2557
v  0.0000 1.3332 0.2653
v  -0.0535 1.3379 0.2551
v  -0.0483 1.3352 0.2438
v  -0.0953 1.3487 0.2389
v  -0.1227 1.3792 0.2097
v  -0.1487 1.4224 0.1905
v  -0.1674 1.4799 0.1954
v  -0.0047 1.6080 0.3232
v  -0.0093 1.5681 0.3372
v  -0.2080 1.5083 0.1817
v  -0.1996 1.4878 0.1717
v  -0.1650 1.3982 0.1661
v  -0.1651 1.4058 0.1752
v  -0.1426 1.3497 0.1889
v  -0.1435 1.3558 0.1987
v  -0.1034 1.3243 0.2330
v  -0.1401 1.3661 0.2089
v  -0.1651 1.4142 0.1876
v  -0.1912 1.5029 0.1821
v  -0.1572 1.4805 0.2367
v  -0.1569 1.4205 0.1898
v  -0.1318 1.3750 0.2085
v  0.1180 1.4491 0.2869
v  0.1484 1.4640 0.2371
v  0.1528 1.4751 0.2369
v  0.1811 1.4926 0.1900
v  0.1674 1.4799 0.1954
v  0.1487 1.4224 0.1905
v  0.1569 1.4205 0.1898
v  0.1227 1.3792 0.2097
v  0.1318 1.3750 0.2085
v  0.0991 1.3417 0.2368
v  0.0528 1.3265 0.2594
v  0.0000 1.3221 0.2675
v  -0.0528 1.3265 0.2594
v  -0.0991 1.3417 0.2368
v  0.2106 1.5248 0.2081
v  0.2080 1.5083 0.1817
v  0.2037 1.5282 0.2337
v  0.1662 1.4799 0.2532
v  0.1209 1.4590 0.2955
v  0.1573 1.5147 0.2802
v  0.0992 1.4407 0.3308
v  0.1254 1.4885 0.3335
v  0.0390 1.4217 0.3844
v  0.0801 1.4601 0.3782
v  0.0376 1.4418 0.4615
v  0.0000 1.4158 0.3891
v  0.0000 1.4106 0.3481
v  0.0449 1.4202 0.3394
v  0.0574 1.4426 0.3133
v  0.0000 1.4314 0.3231
v  -0.0574 1.4426 0.3133
v  -0.0448 1.4202 0.3394
v  -0.0389 1.4217 0.3844
v  0.1913 1.5029 0.1821
v  0.1997 1.4878 0.1717
v  0.1652 1.4142 0.1876
v  0.1651 1.4058 0.1752
v  0.1436 1.3558 0.1987
v  0.1401 1.3661 0.2089
v  0.1042 1.3158 0.2224
v  0.1035 1.3243 0.2330
v  0.0509 1.2962 0.2431
v  0.0521 1.3070 0.2567
v  0.0000 1.2917 0.2482
v  0.0000 1.3036 0.2629
v  -0.0520 1.3070 0.2567
v  -0.0509 1.2962 0.2431
v  -0.1042 1.3158 0.2224
v  -0.1034 1.3177 0.2064
v  -0.0489 1.3001 0.2182
v  0.0000 1.2979 0.2200
v  0.0489 1.3001 0.2182
v  0.1034 1.3177 0.2064
v  0.1426 1.3497 0.1889
v  0.1057 1.5634 0.3285
v  0.1462 1.5788 0.3022
v  0.1593 1.6281 0.2983
v  0.1363 1.6836 0.3025
v  0.0899 1.7006 0.3197
v  0.0352 1.6907 0.3193
v  0.0187 1.6460 0.3305
v  0.0146 1.6548 0.3220
v  0.0168 1.6105 0.3293
v  0.0102 1.6101 0.3224
v  0.0330 1.5867 0.3337
v  0.0345 1.5760 0.3289
v  0.0562 1.5772 0.3380
v  0.0698 1.5690 0.3366
v  0.0250 1.6373 0.3340
v  0.2180 1.5188 0.1425
v  0.2105 1.5541 0.1653
v  0.2149 1.5629 0.2232
v  0.1624 1.5571 0.2779
v  0.1349 1.5332 0.3390
v  0.1038 1.5120 0.3829
v  0.0555 1.4850 0.4662
v  0.1573 1.4805 0.2367
v  0.1231 1.4544 0.2899
v  0.0000 1.6995 0.3001
v  0.0048 1.6080 0.3232
v  0.0093 1.5681 0.3372
v  0.0941 1.2188 0.1993
v  0.1024 1.2747 0.2028
v  0.1041 1.3123 0.2018
v  -0.1041 1.3123 0.2018
v  -0.1023 1.2747 0.2028
v  -0.0941 1.2188 0.1993
v  -0.1749 1.6347 0.2873
v  0.1514 1.6964 0.2374
v  0.0886 1.7273 0.2481
v  0.1452 1.6977 0.2845
v  0.1456 1.6965 0.3072
v  0.0895 1.7233 0.3007
v  0.0919 1.7279 0.3231
v  0.0362 1.7206 0.2898
v  0.0360 1.7341 0.2508
v  0.1431 1.6899 0.3196
v  -0.1327 1.3410 0.1851
v  -0.0992 1.4407 0.3308
v  -0.1209 1.4590 0.2955
v  -0.1662 1.4799 0.2532
v  0.1689 1.3833 0.1633
v  0.1249 1.3884 0.1896
v  0.1470 1.4260 0.1706
v  0.1690 1.4922 0.1678
v  0.1435 1.4815 0.2162
v  0.1055 1.4629 0.2504
v  0.0531 1.4451 0.2734
v  0.1806 1.5866 0.2435
v  0.1735 1.6390 0.2533
v  0.1681 1.6306 0.2972
v  0.1750 1.6347 0.2873
v  0.1551 1.5726 0.2957
v  0.1138 1.5573 0.3441
v  0.0706 1.5667 0.3499
v  0.0000 1.5515 0.3960
v  -0.1231 1.4544 0.2899
v  0.0950 1.5332 0.3878
v  0.0474 1.5027 0.4673
v  0.0325 1.5166 0.4691
v  0.0554 1.5387 0.3954
v  0.1148 1.5478 0.3483
v  0.0641 1.5477 0.3615
v  0.0000 1.4228 0.4591
v  0.0000 1.7275 0.2529
v  -0.0360 1.7341 0.2508
v  0.1901 1.4787 0.1526
v  0.1650 1.3982 0.1661
v  0.0000 1.5254 0.4676
v  0.1327 1.3410 0.1851
v  0.0633 1.6623 0.3418
v  0.0355 1.6555 0.3359
v  0.0552 1.6265 0.3474
v  0.0245 1.6155 0.3344
v  -0.0850 1.6462 0.3469
v  -0.0552 1.6265 0.3474
v  -0.0250 1.6373 0.3340
v  -0.0245 1.6155 0.3344
v  0.0342 1.5969 0.3369
v  0.0696 1.5903 0.3447
v  0.0510 1.5875 0.3408
v  -0.5337 0.7070 0.0655
v  -0.0914 1.7088 0.3302
v  0.0352 1.7268 0.3185
v  0.0116 1.6642 0.3341
v  -0.0351 1.7268 0.3185
v  -0.0116 1.6642 0.3341
v  0.0914 1.7088 0.3302
v  0.0355 1.7013 0.3330
v  -0.4691 0.7118 0.0874
v  -0.4941 0.7066 0.0867
v  -0.4315 0.7358 0.0591
v  -0.5337 0.7070 0.0655
v  -0.4970 0.7230 -0.0328
v  -0.5700 0.5335 0.0109
v  -0.5650 0.5117 0.0020
v  -0.5887 0.5946 -0.0084
v  -0.6034 0.5413 -0.0167
v  -0.5778 0.5651 -0.0356
v  -0.5639 0.5250 -0.0398
v  -0.4957 0.7650 0.1135
v  -0.5225 0.7621 0.0957
v  -0.5350 0.7301 0.0638
v  -0.5568 0.5180 0.0620
v  -0.5919 0.5828 0.0454
v  -0.5789 0.5746 0.0962
v  -0.5592 0.6731 0.0374
v  -0.5385 0.6757 0.0805
v  -0.5380 0.6071 0.1048
v  -0.3983 0.5860 0.1053
v  -0.3987 0.6185 0.0880
v  -0.4393 0.5565 0.1003
v  -0.4491 0.5884 0.0738
v  -0.4029 0.6164 0.0635
v  -0.4761 0.5996 0.0570
v  -0.5144 0.5633 0.0793
v  -0.5400 0.5492 0.1162
v  -0.5290 0.5011 0.0794
v  -0.5464 0.5054 0.1150
v  -0.5897 0.5195 0.0994
v  -0.5647 0.4973 0.0702
v  -0.5698 0.4951 0.0593
v  -0.6099 0.5162 0.0413
v  -0.5648 0.4992 0.0130
v  -0.5841 0.7290 0.0269
v  -0.5992 0.7825 0.0299
v  -0.5583 0.7370 0.0384
v  -0.5698 0.7887 0.0402
v  -0.4406 0.7788 -0.0379
v  -0.4719 0.7408 -0.0264
v  -0.3993 0.7608 0.0185
v  -0.4351 0.7341 0.0116
v  -0.4159 0.7588 0.0745
v  -0.4066 0.7013 0.0763
v  -0.4316 0.6470 0.1308
v  -0.4257 0.6048 0.1327
v  -0.5571 0.5518 -0.0837
v  -0.5300 0.5427 -0.0644
v  -0.5138 0.6187 -0.0740
v  -0.4894 0.6037 -0.0473
v  -0.4516 0.6658 -0.0378
v  -0.5302 0.7842 -0.0276
v  -0.5250 0.7235 -0.0222
v  -0.5393 0.6821 -0.0219
v  -0.5628 0.6013 -0.0539
v  -0.5518 0.4866 0.1165
v  -0.6017 0.4807 0.1010
v  -0.5727 0.4823 0.0732
v  -0.5941 0.4324 0.1000
v  -0.5684 0.4386 0.0670
v  -0.5993 0.3889 0.1004
v  -0.5731 0.3984 0.0672
v  -0.5667 0.3796 0.0908
v  -0.5573 0.3976 0.1215
v  -0.5576 0.4393 0.1244
v  -0.5336 0.4851 0.0809
v  -0.5244 0.4503 0.0774
v  -0.5293 0.4065 0.0768
v  -0.5732 0.4797 0.0134
v  -0.5393 0.4831 0.0294
v  -0.5424 0.4751 0.0287
v  -0.5778 0.4717 0.0578
v  -0.5484 0.4762 0.0289
v  -0.5650 0.4324 0.0601
v  -0.5402 0.4031 0.0228
v  -0.5744 0.3821 0.0493
v  -0.5751 0.3745 0.0263
v  -0.5865 0.3919 0.0013
v  -0.5820 0.4398 0.0010
v  -0.5602 0.5403 -0.0502
v  -0.5782 0.4899 -0.0524
v  -0.5791 0.5542 -0.0637
v  -0.5816 0.5080 -0.0778
v  -0.5450 0.5097 -0.1079
v  -0.5915 0.4837 -0.0822
v  -0.5616 0.4841 -0.1031
v  -0.5742 0.4659 -0.0812
v  -0.5794 0.4705 -0.0648
v  -0.6138 0.4855 0.0411
v  -0.6062 0.4256 0.0332
v  -0.6099 0.3801 0.0293
v  -0.5761 0.4918 -0.0033
v  -0.6115 0.5099 -0.0226
v  -0.5660 0.4988 -0.0452
v  -0.6058 0.4646 -0.0353
v  -0.5640 0.4777 -0.0564
v  -0.6088 0.4265 -0.0386
v  -0.5678 0.4434 -0.0580
v  -0.5758 0.4208 -0.0384
v  -0.5862 0.4270 -0.0141
v  -0.5784 0.4572 -0.0061
v  -0.5316 0.5196 -0.0102
v  -0.5414 0.5091 -0.0131
v  -0.5370 0.4585 -0.0235
v  -0.5313 0.4429 -0.0315
v  -0.5070 0.5613 0.0336
v  -0.5002 0.5779 -0.0033
v  -0.5368 0.7797 -0.0083
v  -0.5378 0.7332 -0.0116
v  -0.4760 0.6602 0.0144
v  -0.4012 0.6837 0.0464
v  -0.5249 0.5082 -0.0741
v  -0.5378 0.4761 -0.0797
v  -0.4721 0.6206 0.1220
v  -0.4687 0.5913 0.1339
v  -0.4313 0.5090 0.1104
v  -0.3799 0.5404 0.1152
v  -0.4155 0.5499 0.1501
v  -0.4670 0.5452 0.1488
v  -0.4385 0.5140 0.1719
v  -0.4187 0.4930 0.1343
v  -0.3779 0.5089 0.1475
v  -0.4051 0.5237 0.1679
v  -0.4033 0.5033 0.1720
v  0.4691 0.7118 0.0874
v  0.4315 0.7358 0.0591
v  0.4941 0.7066 0.0867
v  0.5337 0.7070 0.0655
v  0.5592 0.6731 0.0374
v  0.5385 0.6757 0.0805
v  0.5393 0.6821 -0.0219
v  0.4970 0.7230 -0.0328
v  0.4957 0.7650 0.1135
v  0.5225 0.7621 0.0957
v  0.5350 0.7301 0.0638
v  0.4406 0.7788 -0.0379
v  0.3993 0.7608 0.0185
v  0.4737 0.7360 -0.0246
v  0.4369 0.7294 0.0134
v  0.4516 0.6658 -0.0378
v  0.4983 0.5944 -0.0473
v  0.5228 0.6095 -0.0740
v  0.5300 0.5427 -0.0644
v  0.5571 0.5518 -0.0837
v  0.5778 0.5651 -0.0356
v  0.5002 0.5779 -0.0033
v  0.5639 0.5250 -0.0398
v  0.5316 0.5196 -0.0102
v  0.5650 0.5117 0.0020
v  0.5700 0.5335 0.0109
v  0.5070 0.5613 0.0336
v  0.5648 0.4992 0.0130
v  0.5393 0.4831 0.0294
v  0.5568 0.5180 0.0620
v  0.5698 0.4951 0.0593
v  0.5380 0.6071 0.1048
v  0.5698 0.7887 0.0402
v  0.5583 0.7370 0.0384
v  0.4159 0.7588 0.0745
v  0.4066 0.7013 0.0763
v  0.4316 0.6470 0.1308
v  0.3987 0.6185 0.0880
v  0.4012 0.6837 0.0464
v  0.4760 0.6602 0.0144
v  0.5602 0.5403 -0.0502
v  0.5464 0.5054 0.1150
v  0.5290 0.5011 0.0794
v  0.5400 0.5492 0.1162
v  0.5144 0.5633 0.0793
v  0.4491 0.5884 0.0738
v  0.4761 0.5996 0.0570
v  0.4029 0.6164 0.0635
v  0.5789 0.5746 0.0962
v  0.5897 0.5195 0.0994
v  0.5647 0.4973 0.0702
v  0.5791 0.5542 -0.0637
v  0.5628 0.6013 -0.0539
v  0.5302 0.7842 -0.0276
v  0.5250 0.7235 -0.0222
v  0.5919 0.5828 0.0454
v  0.6099 0.5162 0.0413
v  0.5368 0.7797 -0.0083
v  0.5378 0.7332 -0.0116
v  0.5727 0.4823 0.0732
v  0.5336 0.4851 0.0809
v  0.5684 0.4386 0.0670
v  0.5244 0.4503 0.0774
v  0.5731 0.3984 0.0672
v  0.5293 0.4065 0.0768
v  0.5667 0.3796 0.0908
v  0.5573 0.3976 0.1215
v  0.5576 0.4393 0.1244
v  0.5518 0.4866 0.1165
v  0.5732 0.4797 0.0134
v  0.5424 0.4751 0.0287
v  0.5778 0.4717 0.0578
v  0.5484 0.4762 0.0289
v  0.5650 0.4324 0.0601
v  0.5402 0.4031 0.0228
v  0.5744 0.3821 0.0493
v  0.5751 0.3745 0.0263
v  0.5865 0.3919 0.0013
v  0.5820 0.4398 0.0010
v  0.5450 0.5097 -0.1079
v  0.5249 0.5082 -0.0741
v  0.5616 0.4841 -0.1031
v  0.5378 0.4761 -0.0797
v  0.5742 0.4659 -0.0812
v  0.5794 0.4705 -0.0648
v  0.5782 0.4899 -0.0524
v  0.5887 0.5946 -0.0084
v  0.6034 0.5413 -0.0167
v  0.4393 0.5565 0.1003
v  0.3983 0.5860 0.1053
v  0.4313 0.5090 0.1104
v  0.3799 0.5404 0.1152
v  0.4257 0.6048 0.1327
v  0.4155 0.5499 0.1501
v  0.4687 0.5913 0.1339
v  0.4670 0.5452 0.1488
v  0.4385 0.5140 0.1719
v  0.4187 0.4930 0.1343
v  0.3779 0.5089 0.1475
v  0.4051 0.5237 0.1679
v  0.4033 0.5033 0.1720
v  0.5761 0.4918 -0.0033
v  0.6106 0.5097 -0.0225
v  0.5784 0.4572 -0.0061
v  0.6058 0.4646 -0.0353
v  0.5862 0.4270 -0.0141
v  0.6088 0.4265 -0.0386
v  0.5758 0.4208 -0.0384
v  0.5678 0.4434 -0.0580
v  0.5640 0.4777 -0.0564
v  0.5660 0.4988 -0.0452
v  0.5816 0.5080 -0.0778
v  0.5915 0.4837 -0.0822
v  0.5414 0.5091 -0.0131
v  0.5370 0.4585 -0.0235
v  0.5313 0.4429 -0.0315
v  0.5841 0.7290 0.0269
v  0.5992 0.7825 0.0299
v  0.4721 0.6206 0.1220
v  0.6006 0.4805 0.0977
v  0.5941 0.4324 0.0977
v  0.5993 0.3889 0.1004
v  0.6129 0.4855 0.0387
v  0.6062 0.4256 0.0322
v  0.6099 0.3801 0.0293
v  0.0244 1.4968 -0.0924
v  0.0181 1.4268 -0.0851
v  0.0212 1.5544 -0.0674
v  0.0473 1.4947 -0.0577
v  0.0546 1.5498 -0.0420
v  0.0599 1.6391 -0.0217
v  0.0673 1.6881 0.0434
v  -0.0521 1.8617 0.1748
v  -0.0830 1.9498 0.1628
v  -0.0390 1.8525 0.2020
v  0.0598 1.7638 0.2076
v  0.0457 1.7765 0.2426
v  0.0280 1.7919 0.2210
v  0.0416 1.8325 0.2954
v  0.0165 1.8431 0.2685
v  0.0169 1.9475 0.3685
v  -0.0216 1.8190 0.2431
v  0.0255 1.8024 0.3083
v  0.0306 1.7501 0.2702
v  0.0252 1.7389 0.0607
v  0.0670 1.7162 0.1058
v  -0.0358 1.7779 0.2185
v  -0.0188 1.8531 0.2024
v  -0.0061 1.8642 0.1764
v  0.0383 1.8032 0.1658
v  0.1200 1.8938 0.1933
v  0.0680 1.7261 0.1672
v  0.0423 1.7791 0.1395
v  0.0351 1.7954 0.1379
v  0.0175 1.7769 0.1381
v  -0.0101 1.8562 0.1560
v  -0.0295 1.8555 0.1555
v  -0.0399 1.7693 0.1689
v  -0.0052 1.7777 0.1372
v  0.0196 1.8014 0.1090
v  0.0200 1.7588 0.0861
v  0.0581 1.8553 0.0471
v  0.0050 1.8017 0.0528
v  -0.0408 1.8685 0.0381
v  -0.0132 1.7962 0.0506
v  -0.0069 1.7452 0.0565
v  -0.0271 1.7559 0.0847
v  0.1403 0.0712 0.1346
v  0.1179 0.0507 0.2647
v  0.1378 0.0042 0.1310
v  0.1178 -0.0011 0.2612
v  0.1284 0.0467 0.2989
v  0.1693 0.0596 0.3995
v  0.1301 -0.0027 0.2994
v  0.1707 0.0186 0.4003
v  0.2859 0.0616 0.4124
v  0.3465 0.0575 0.3583
v  0.2876 0.0213 0.4132
v  0.3486 0.0153 0.3640
v  0.3392 -0.0003 0.2054
v  0.3530 -0.0023 0.2513
v  0.3484 0.0577 0.1945
v  0.3554 0.0540 0.2392
v  0.3693 -0.0039 0.2858
v  0.3654 0.0510 0.2861
v  0.2961 0.0586 0.0785
v  0.2773 0.0613 0.0060
v  0.2941 0.0054 0.0757
v  0.2745 0.0087 0.0003
v  0.2381 0.0718 -0.0484
v  0.1549 0.0768 -0.0519
v  0.2335 0.0242 -0.0531
v  0.1503 0.0288 -0.0565
v  0.1245 0.0747 0.0069
v  0.1362 0.0760 0.0114
v  0.1525 0.0736 0.1334
v  0.2867 0.0614 0.0798
v  0.3390 0.0571 0.1945
v  0.2720 0.0645 0.0092
v  0.2360 0.0724 -0.0371
v  0.0881 1.7254 0.2008
v  0.1286 0.0529 0.2641
v  0.1200 0.0098 0.0009
v  0.2833 0.0677 0.4010
v  0.1728 0.0660 0.3878
v  0.3572 0.0500 0.2851
v  0.3407 0.0610 0.3527
v  0.1417 0.1029 0.1304
v  0.1403 0.1312 0.0195
v  0.1607 0.0776 -0.0414
v  0.1481 0.1295 -0.0048
v  0.1598 0.1315 -0.0304
v  0.1629 0.1485 -0.0245
v  0.2332 0.1277 -0.0359
v  0.2290 0.1487 -0.0302
v  0.2554 0.1241 -0.0080
v  0.2702 0.1241 0.0122
v  0.1356 0.0499 0.2857
v  0.3465 0.0532 0.2387
v  0.2776 0.0915 0.0798
v  0.2617 0.1824 0.0233
v  0.2799 0.1606 0.1063
v  0.2425 0.2322 0.0301
v  0.2544 0.2336 0.0879
v  0.3399 0.0971 0.2008
v  0.3462 0.0948 0.2320
v  0.3560 0.0932 0.2868
v  0.1746 0.1564 0.2051
v  0.1750 0.1427 0.2401
v  0.1306 0.0952 0.2651
v  0.1387 0.0896 0.2877
v  0.1784 0.1393 0.2917
v  0.1488 0.1660 0.1289
v  0.1458 0.1866 0.0289
v  0.1499 0.2238 0.1132
v  0.1479 0.2234 0.0390
v  0.3392 0.0984 0.3468
v  0.2956 0.1328 0.2866
v  0.2916 0.1267 0.3411
v  0.1778 0.1352 0.3340
v  0.1732 0.1101 0.3755
v  0.2837 0.1119 0.3887
v  0.2621 0.1756 0.1549
v  0.2745 0.1513 0.1860
v  0.2842 0.1387 0.2269
v  0.2387 0.2308 0.1197
v  0.1766 0.2273 0.1301
v  0.1741 0.1820 0.1720
v  0.1646 0.1986 -0.0109
v  0.1613 0.2259 0.0040
v  0.2185 0.1951 -0.0114
v  0.1465 0.2493 0.1014
v  0.1450 0.2484 0.0379
v  0.2510 0.2598 0.0847
v  0.2278 0.2577 0.1109
v  0.1793 0.2529 0.1174
v  0.1582 0.2496 0.0081
v  0.2256 0.2573 0.0718
v  0.1998 0.2536 0.0898
v  0.1721 0.2517 0.0824
v  0.1700 0.2509 0.0495
v  0.2050 0.2540 0.0041
v  0.2395 0.2577 0.0294
v  0.1888 0.2538 0.0263
v  0.2186 0.2560 0.0434
v  0.2080 0.2291 -0.0006
v  -0.1245 0.0747 0.0069
v  -0.1200 0.0096 0.0009
v  -0.1403 0.0712 0.1346
v  -0.1378 0.0044 0.1310
v  -0.1179 0.0507 0.2647
v  -0.1178 -0.0006 0.2612
v  -0.1284 0.0467 0.2989
v  -0.1301 -0.0022 0.2994
v  -0.1693 0.0596 0.3995
v  -0.1707 0.0186 0.4003
v  -0.2859 0.0616 0.4124
v  -0.2876 0.0213 0.4132
v  -0.3484 0.0577 0.1945
v  -0.3392 -0.0001 0.2054
v  -0.2961 0.0586 0.0785
v  -0.2941 0.0053 0.0757
v  -0.2381 0.0718 -0.0484
v  -0.2335 0.0242 -0.0531
v  -0.1549 0.0768 -0.0519
v  -0.1503 0.0288 -0.0565
v  -0.1362 0.0760 0.0114
v  -0.1525 0.0736 0.1334
v  -0.2867 0.0614 0.0798
v  -0.3390 0.0571 0.1945
v  -0.2773 0.0613 0.0060
v  -0.2720 0.0645 0.0092
v  -0.2360 0.0724 -0.0371
v  -0.1607 0.0776 -0.0414
v  -0.1286 0.0529 0.2641
v  -0.1356 0.0499 0.2857
v  -0.3465 0.0575 0.3583
v  -0.3486 0.0153 0.3640
v  -0.3654 0.0510 0.2861
v  -0.3693 -0.0035 0.2858
v  -0.2745 0.0084 0.0003
v  -0.1728 0.0660 0.3878
v  -0.3407 0.0610 0.3527
v  -0.2833 0.0677 0.4010
v  -0.3554 0.0540 0.2392
v  -0.3465 0.0532 0.2387
v  -0.3572 0.0500 0.2851
v  -0.2702 0.1241 0.0122
v  -0.2776 0.0915 0.0798
v  -0.2799 0.1606 0.1063
v  -0.3399 0.0971 0.2008
v  -0.2617 0.1824 0.0233
v  -0.2425 0.2322 0.0301
v  -0.2544 0.2336 0.0879
v  -0.1481 0.1295 -0.0048
v  -0.1629 0.1485 -0.0245
v  -0.1598 0.1315 -0.0304
v  -0.2332 0.1277 -0.0359
v  -0.2290 0.1487 -0.0302
v  -0.2554 0.1241 -0.0080
v  -0.3462 0.0948 0.2320
v  -0.3560 0.0932 0.2868
v  -0.2745 0.1513 0.1860
v  -0.2842 0.1387 0.2269
v  -0.2956 0.1328 0.2866
v  -0.2621 0.1756 0.1549
v  -0.1499 0.2238 0.1132
v  -0.1465 0.2493 0.1014
v  -0.1479 0.2234 0.0390
v  -0.1450 0.2484 0.0379
v  -0.1766 0.2273 0.1301
v  -0.1793 0.2529 0.1174
v  -0.1721 0.2517 0.0824
v  -0.1700 0.2509 0.0495
v  -0.2256 0.2573 0.0718
v  -0.1998 0.2536 0.0898
v  -0.2510 0.2598 0.0847
v  -0.2278 0.2577 0.1109
v  -0.2050 0.2540 0.0041
v  -0.1888 0.2538 0.0263
v  -0.2395 0.2577 0.0294
v  -0.2186 0.2560 0.0434
v  -0.0112 1.7102 0.0122
v  -0.0037 1.7560 0.0115
v  0.0205 1.7551 0.0124
v  0.0353 1.7128 0.0113
v  -0.0327 1.7957 -0.0710
v  0.0062 1.7214 -0.0569
v  -0.0221 1.6167 -0.0634
v  -0.0173 1.7320 -0.1116
v  -0.0006 1.6287 -0.0930
v  0.0214 1.6528 -0.0664
v  0.0286 1.7189 -0.0561
v  0.0959 1.8159 0.3011
v  0.1421 1.9162 0.3460
v  0.1116 1.8134 0.2871
v  0.0797 1.8194 0.2750
v  0.0700 1.8210 0.2786
v  0.0995 1.7390 -0.0239
v  0.0929 1.8012 0.0482
v  0.1903 0.4653 0.0685
v  0.1519 0.4615 0.0350
v  0.1194 0.4614 0.0679
v  0.1140 0.4656 0.1205
v  0.1517 0.4680 0.1377
v  0.1930 0.4695 0.1149
v  -0.1417 0.1029 0.1304
v  -0.1403 0.1312 0.0195
v  -0.0649 1.7660 0.2285
v  -0.1688 1.8862 0.3232
v  -0.0002 1.7347 0.2826
v  -0.1458 0.1866 0.0289
v  -0.1646 0.1986 -0.0109
v  -0.1613 0.2259 0.0040
v  -0.1741 0.1820 0.1720
v  -0.1488 0.1660 0.1289
v  -0.1746 0.1564 0.2051
v  -0.1306 0.0952 0.2651
v  -0.2387 0.2308 0.1197
v  -0.2080 0.2291 -0.0006
v  -0.1582 0.2496 0.0081
v  -0.1387 0.0896 0.2877
v  -0.0020 1.6916 0.2998
v  0.0584 1.7252 0.2504
v  -0.0580 1.7262 0.2505
v  -0.0691 1.7267 0.1846
v  -0.0457 1.7276 0.1389
v  -0.0453 1.7237 0.1355
v  -0.0403 1.7039 0.0748
v  -0.0446 1.6394 -0.0011
v  -0.0412 1.4960 -0.0591
v  -0.0319 1.5120 -0.0844
v  -0.0305 1.4251 -0.0828
v  -0.0242 1.4901 -0.1002
v  -0.0114 1.4440 -0.0726
v  0.0035 1.4019 -0.0890
v  -0.3530 -0.0020 0.2513
v  -0.0707 1.5533 -0.1421
v  -0.0074 1.5346 -0.1111
v  0.0510 1.5877 -0.1448
v  0.0080 1.4896 -0.1341
v  -0.2185 0.1951 -0.0114
v  -0.1778 0.1352 0.3340
v  -0.1732 0.1101 0.3755
v  -0.2916 0.1267 0.3411
v  -0.2837 0.1119 0.3887
v  -0.3392 0.0984 0.3468
v  -0.1784 0.1393 0.2917
v  -0.1750 0.1427 0.2401
v  -0.1903 0.4653 0.0685
v  -0.1519 0.4615 0.0350
v  -0.1194 0.4614 0.0679
v  -0.1140 0.4656 0.1205
v  -0.1517 0.4680 0.1377
v  -0.1930 0.4695 0.1149
v  0.0774 1.3952 0.0926
v  0.0000 1.3995 0.0926
v  0.0744 1.4015 0.1219
v  0.0000 1.4056 0.1219
v  -0.0774 1.3952 0.0926
v  -0.0744 1.4015 0.1219
v  0.0000 1.4019 0.1585
v  -0.0620 1.3994 0.1585
v  -0.0514 1.3851 0.2042
v  0.0000 1.3869 0.2042
v  0.0514 1.3851 0.2042
v  0.0620 1.3994 0.1585
v  -0.0166 1.3569 0.2568
v  0.0000 1.3578 0.2677
v  0.0166 1.3569 0.2568
v  0.0000 1.4640 0.6019
v  0.1071 1.4409 0.1486
v  0.1267 1.4452 0.1519
v  0.1000 1.4155 0.1815
v  0.1234 1.4196 0.1873
v  0.0832 1.3953 0.2109
v  0.1105 1.4020 0.2180
v  0.0665 1.3850 0.2351
v  0.0820 1.3886 0.2510
v  0.0396 1.3796 0.2447
v  0.0468 1.3824 0.2677
v  0.0000 1.3793 0.2761
v  0.0000 1.3771 0.2496
v  -0.0395 1.3796 0.2447
v  -0.0468 1.3824 0.2677
v  -0.0820 1.3886 0.2510
v  -0.0664 1.3850 0.2351
v  -0.1105 1.4020 0.2180
v  -0.0832 1.3953 0.2109
v  -0.1234 1.4196 0.1873
v  -0.0999 1.4155 0.1815
v  -0.1267 1.4452 0.1519
v  -0.1071 1.4409 0.1486
v  -0.0475 1.4013 0.2167
v  -0.0584 1.4154 0.1709
v  0.0000 1.4237 0.1890
v  -0.0696 1.4221 0.1335
v  0.0000 1.4274 0.1499
v  0.0696 1.4221 0.1335
v  0.0585 1.4154 0.1709
v  0.0476 1.4013 0.2167
v  0.1249 1.4100 0.2296
v  0.1000 1.3885 0.2647
v  0.1359 1.5035 0.2358
v  0.1056 1.4794 0.2751
v  0.1074 1.4131 0.2166
v  0.0889 1.3926 0.2462
v  0.1268 1.4573 0.1721
v  0.1447 1.4530 0.1858
v  -0.0889 1.3926 0.2462
v  -0.1074 1.4131 0.2166
v  -0.0999 1.3885 0.2647
v  -0.1249 1.4100 0.2296
v  -0.1446 1.4530 0.1858
v  -0.1563 1.5260 0.1933
v  -0.1358 1.5035 0.2358
v  0.0902 1.3442 0.2402
v  0.0509 1.3374 0.2541
v  0.0000 1.3320 0.2613
v  -0.0508 1.3374 0.2541
v  -0.0901 1.3442 0.2402
v  0.1191 1.3566 0.2129
v  0.1323 1.4001 0.1776
v  0.0494 1.3802 0.2891
v  0.0000 1.3778 0.2981
v  0.0519 1.4684 0.3029
v  0.0000 1.4661 0.3093
v  -0.0519 1.4684 0.3029
v  -0.0494 1.3802 0.2891
v  -0.1055 1.4794 0.2751
v  -0.1190 1.3566 0.2129
v  -0.1322 1.4001 0.1776
v  0.0764 1.4133 0.0966
v  0.0000 1.4213 0.1118
v  -0.0763 1.4133 0.0966
v  -0.0209 1.3808 0.2490
v  0.0000 1.3793 0.2599
v  0.0209 1.3808 0.2490
v  0.0000 1.4087 0.2321
v  0.0448 1.3834 0.2724
v  0.0000 1.3810 0.2799
v  -0.0447 1.3834 0.2724
v  0.1564 1.5260 0.1933
v  -0.1268 1.4573 0.1721
v  0.1358 1.4091 0.1425
v  -0.1358 1.4091 0.1425
v  0.0000 1.4515 0.5679
v  0.0000 1.4954 0.6228
v  -0.1905 1.7038 0.2752
v  -0.1626 1.7137 0.3164
v  -0.1602 1.7049 0.3060
v  -0.1255 1.7065 0.3225
v  -0.1278 1.7185 0.3329
v  -0.1310 1.7357 0.3291
v  -0.1625 1.7273 0.3114
v  0.1737 1.7583 0.2901
v  0.1230 1.7656 0.3363
v  0.1214 1.7767 0.3310
v  0.0789 1.7735 0.3431
v  0.0803 1.7592 0.3518
v  0.0347 1.7409 0.3353
v  0.0502 1.7367 0.3493
v  0.0302 1.7123 0.3398
v  0.0763 1.7416 0.3348
v  0.0881 1.7508 0.3383
v  0.1246 1.7585 0.3262
v  -0.1213 1.7767 0.3310
v  -0.0789 1.7735 0.3431
v  -0.1230 1.7656 0.3363
v  -0.0803 1.7592 0.3518
v  -0.0347 1.7409 0.3353
v  -0.0501 1.7367 0.3493
v  0.0249 1.7489 0.3365
v  0.0425 1.7600 0.3408
v  0.0104 1.7110 0.3291
v  -0.0932 1.7398 0.3356
v  -0.0763 1.7416 0.3348
v  -0.0881 1.7508 0.3383
v  -0.1246 1.7585 0.3262
v  -0.1736 1.7583 0.2901
v  0.1905 1.7038 0.2752
v  0.1602 1.7049 0.3060
v  0.1625 1.7273 0.3114
v  0.1310 1.7357 0.3291
v  0.1256 1.7065 0.3225
v  0.0919 1.7194 0.3426
v  0.1278 1.7185 0.3329
v  0.1626 1.7137 0.3164
v  0.0933 1.7398 0.3356
v  0.0287 1.7425 0.3381
v  -0.0249 1.7489 0.3365
v  -0.0104 1.7110 0.3291
v  -0.0425 1.7600 0.3408
v  -0.0919 1.7194 0.3426
v  -0.0287 1.7425 0.3381
v  -0.0116 1.6642 0.3341
v  -0.0914 1.7088 0.3302
v  -0.0355 1.7013 0.3330
v  -0.0301 1.7123 0.3398
v  0.0116 1.6642 0.3341
v  -0.0919 1.7279 0.3231
v  0.0355 1.7013 0.3330
v  0.0919 1.7279 0.3231
v  -0.0351 1.7268 0.3185
v  0.0914 1.7088 0.3302
v  0.0352 1.7268 0.3185
v  -0.1593 1.6281 0.2983
v  -0.1462 1.5788 0.3022
v  -0.1057 1.5634 0.3285
v  -0.0697 1.5690 0.3366
v  -0.0344 1.5760 0.3289
v  -0.0102 1.6101 0.3224
v  -0.0146 1.6548 0.3220
v  -0.0352 1.6907 0.3193
v  -0.0899 1.7006 0.3197
v  -0.1363 1.6836 0.3025
v  0.1057 1.5634 0.3285
v  0.1462 1.5788 0.3022
v  0.1593 1.6281 0.2983
v  0.1363 1.6836 0.3025
v  0.0899 1.7006 0.3197
v  0.0352 1.6907 0.3193
v  0.0146 1.6548 0.3220
v  0.0102 1.6101 0.3224
v  0.0345 1.5760 0.3289
v  0.0698 1.5690 0.3366
v  -0.4691 0.7118 0.0874
# 1443 vertices

vn 0.1926 0.8601 0.4725
vn 0.1922 0.6250 0.7566
vn -0.3725 0.8331 0.4088
vn 0.2886 0.6129 0.7355
vn 0.7574 0.5700 0.3186
vn 0.9063 0.4226 0.0071
vn 0.8366 0.5477 0.0074
vn 0.8615 0.3200 0.3942
vn 0.7058 0.6963 -0.1305
vn 0.6636 0.6153 -0.4255
vn 0.6016 0.2929 -0.7431
vn 0.9795 0.2003 -0.0209
vn 0.4461 0.3310 0.8315
vn -0.4048 0.2878 0.8679
vn 0.5973 0.1228 0.7925
vn -0.2085 -0.1615 0.9646
vn -0.0990 -0.0996 0.9901
vn 0.5520 0.1581 0.8187
vn 0.6048 0.1624 0.7796
vn -0.2407 -0.2346 0.9418
vn 0.6166 0.0784 0.7834
vn -0.2853 -0.3325 0.8989
vn 0.6334 0.0674 0.7709
vn 0.2925 -0.3062 0.9059
vn 0.4956 0.3283 0.8041
vn 0.9631 0.2637 -0.0536
vn 0.9619 0.2726 -0.0199
vn 0.3507 0.0544 -0.9349
vn 0.9651 0.2437 -0.0961
vn 0.9535 0.3008 0.0188
vn 0.4271 0.0671 -0.9017
vn 0.3570 0.2506 -0.8998
vn 0.9299 0.3653 -0.0419
vn 0.3550 0.2744 -0.8937
vn 0.4720 0.1707 -0.8649
vn 0.5082 0.0894 -0.8566
vn 0.6225 0.4783 0.6195
vn 0.3940 0.1399 0.9084
vn 0.4313 -0.0187 0.9020
vn 0.3747 0.1046 -0.9212
vn 0.2519 0.2730 -0.9285
vn 0.3545 0.0256 -0.9347
vn 0.4309 0.4122 -0.8028
vn -0.0022 -0.3590 -0.9333
vn -0.0475 -0.0293 -0.9984
vn 0.5987 0.4449 -0.6661
vn 0.2802 -0.1763 -0.9436
vn 0.4719 -0.1495 -0.8689
vn 0.6116 -0.3526 -0.7082
vn 0.2873 -0.2819 -0.9154
vn -0.0001 -0.2964 -0.9551
vn 0.5947 -0.3682 -0.7146
vn 0.5559 -0.3044 -0.7735
vn -0.0001 -0.3102 -0.9507
vn 0.5074 -0.2251 -0.8318
vn -0.0001 -0.3566 -0.9343
vn -0.5074 -0.2251 -0.8318
vn -0.5560 -0.3044 -0.7735
vn -0.5948 -0.3682 -0.7146
vn -0.6116 -0.3526 -0.7082
vn -0.2873 -0.2819 -0.9154
vn -0.2803 -0.1763 -0.9436
vn -0.4719 -0.1495 -0.8689
vn 0.1663 0.8272 0.5367
vn 0.6227 -0.2966 0.7241
vn 0.5142 -0.3145 0.7979
vn 0.7397 0.6521 -0.1662
vn -0.0849 -0.7427 -0.6642
vn 0.9144 -0.3638 -0.1776
vn 0.8689 -0.3628 0.3368
vn 0.5877 -0.1620 0.7927
vn 0.5783 -0.0686 0.8130
vn -0.0489 0.8701 0.4905
vn 0.3396 0.0465 0.9394
vn 0.8861 -0.4562 0.0825
vn 0.6080 -0.0045 0.7940
vn 0.8351 0.0517 0.5476
vn 0.8175 0.0244 0.5755
vn 0.6657 -0.0307 0.7456
vn 0.6029 -0.1238 0.7881
vn 0.7088 -0.2033 0.6755
vn 0.2371 0.9711 0.0280
vn 0.2029 0.9468 -0.2498
vn 0.0000 0.9773 -0.2119
vn 0.0000 0.9981 0.0609
vn -0.2371 0.9711 0.0280
vn -0.2029 0.9468 -0.2498
vn -0.1061 0.7812 0.6152
vn 0.3536 0.8046 0.4771
vn -0.2056 0.9312 -0.3009
vn -0.4702 0.7870 -0.3993
vn -0.4429 0.7871 -0.4294
vn -0.4263 0.7463 -0.5112
vn 0.0524 0.0785 -0.9955
vn 0.1805 -0.2813 -0.9425
vn 0.8336 -0.5436 -0.0980
vn 0.7334 -0.6791 -0.0322
vn 0.3044 -0.3874 -0.8702
vn 0.8685 -0.4894 0.0784
vn 0.5553 -0.3924 -0.7333
vn 0.3705 0.1685 -0.9134
vn -0.2256 0.2971 -0.9278
vn -0.0795 0.5756 -0.8139
vn -0.6227 -0.2966 0.7241
vn -0.5783 -0.0686 0.8130
vn -0.1663 0.8272 0.5367
vn 0.0489 0.8701 0.4905
vn -0.8861 -0.4562 0.0825
vn -0.3396 0.0465 0.9394
vn -0.7397 0.6521 -0.1662
vn -0.5142 -0.3145 0.7979
vn -0.5990 0.4763 -0.6436
vn -0.4309 0.4122 -0.8028
vn 0.1256 0.0135 -0.9920
vn 0.3875 -0.0191 0.9217
vn 0.4571 -0.0083 0.8894
vn -0.0001 -0.0325 0.9995
vn -0.0001 0.0245 0.9997
vn 0.4723 -0.1507 0.8685
vn -0.0001 -0.0822 0.9966
vn 0.5958 -0.2885 0.7495
vn 0.2651 -0.2470 0.9320
vn -0.0001 -0.2329 0.9725
vn -0.2651 -0.2470 0.9320
vn -0.5958 -0.2885 0.7495
vn -0.4724 -0.1507 0.8684
vn -0.4572 -0.0083 0.8893
vn -0.3873 -0.0187 0.9218
vn -0.6016 0.2931 -0.7431
vn -0.9795 0.2003 -0.0209
vn -0.3507 0.0544 -0.9349
vn -0.9651 0.2437 -0.0961
vn -0.4462 0.3310 0.8315
vn -0.5973 0.1228 0.7925
vn -0.5520 0.1581 0.8187
vn -0.9535 0.3007 0.0188
vn -0.6048 0.1624 0.7796
vn -0.9299 0.3653 -0.0419
vn -0.6166 0.0784 0.7834
vn -0.9631 0.2637 -0.0536
vn -0.9619 0.2726 -0.0199
vn -0.6334 0.0674 0.7709
vn -0.1922 0.6251 0.7565
vn 0.3726 0.8331 0.4088
vn -0.2884 0.6130 0.7355
vn -0.7573 0.5702 0.3183
vn -0.9062 0.4229 0.0072
vn -0.6636 0.6155 -0.4251
vn 0.4738 0.1036 -0.8745
vn 0.0891 0.6660 -0.7406
vn 0.9751 0.0866 -0.2043
vn 0.7522 0.6120 -0.2443
vn 0.4048 0.2879 0.8679
vn 0.5673 -0.2386 -0.7882
vn -0.4271 0.0671 -0.9017
vn 0.6059 -0.1784 -0.7753
vn -0.3570 0.2506 -0.8999
vn 0.5558 -0.2136 -0.8034
vn -0.3549 0.2744 -0.8937
vn -0.5082 0.0894 -0.8566
vn 0.3623 -0.2654 -0.8935
vn -0.5431 0.1205 -0.8310
vn 0.3955 -0.2431 -0.8857
vn -0.8049 0.5929 0.0261
vn -0.4956 0.3283 0.8041
vn -0.6225 0.4783 0.6195
vn -0.6972 0.7169 0.0048
vn -0.8370 0.2406 -0.4915
vn -0.9365 0.0741 0.3427
vn -0.8685 -0.4894 0.0784
vn -0.5553 -0.3924 -0.7333
vn -0.3705 0.1685 -0.9134
vn -0.4968 0.3126 -0.8096
vn -0.2519 0.2730 -0.9285
vn -0.2427 0.2716 -0.9313
vn -0.2796 0.3020 -0.9114
vn -0.2340 0.5132 -0.8257
vn -0.4431 0.4488 -0.7761
vn -0.8351 0.0517 0.5476
vn -0.6080 -0.0045 0.7940
vn -0.8175 0.0244 0.5755
vn -0.6657 -0.0307 0.7456
vn -0.5525 -0.1150 0.8256
vn -0.4877 -0.2567 0.8344
vn -0.5206 0.0022 0.8538
vn -0.6029 -0.1238 0.7881
vn -0.7088 -0.2033 0.6755
vn 0.1061 0.7812 0.6152
vn -0.2925 -0.3062 0.9059
vn -0.3940 0.1399 0.9084
vn -0.4313 -0.0187 0.9020
vn -0.9077 -0.3634 -0.2100
vn -0.9287 -0.3056 -0.2100
vn -0.8421 -0.2421 0.4819
vn -0.8851 -0.3235 0.3345
vn -0.3545 0.0256 -0.9347
vn -0.3747 0.1046 -0.9212
vn 0.0022 -0.3590 -0.9333
vn -0.3536 0.8046 0.4771
vn 0.2056 0.9312 -0.3009
vn 0.4702 0.7870 -0.3993
vn 0.0795 0.5756 -0.8139
vn 0.2256 0.2971 -0.9278
vn -0.3044 -0.3874 -0.8702
vn -0.7334 -0.6791 -0.0322
vn -0.1805 -0.2813 -0.9425
vn -0.8336 -0.5436 -0.0980
vn -0.0524 0.0785 -0.9955
vn 0.4263 0.7463 -0.5112
vn 0.4429 0.7871 -0.4294
vn -0.9697 -0.1716 -0.1742
vn -0.8191 -0.0901 0.5666
vn -0.5877 -0.1620 0.7927
vn -0.8689 -0.3628 0.3368
vn -0.9144 -0.3638 -0.1776
vn 0.4029 -0.0570 0.9135
vn 0.8681 -0.4957 -0.0260
vn 0.1798 -0.1251 0.9757
vn 0.0003 -0.9948 -0.1015
vn 0.9986 -0.0206 -0.0493
vn 0.3936 0.0794 -0.9159
vn 0.9862 -0.1449 -0.0797
vn 0.4465 0.0942 -0.8898
vn -0.5241 0.2871 -0.8018
vn -0.4713 0.3054 -0.8274
vn -0.5635 0.2017 -0.8011
vn -0.4553 0.1095 -0.8836
vn 0.0000 0.3889 -0.9213
vn 0.0000 0.0568 -0.9984
vn 0.4554 0.1093 -0.8836
vn 0.5633 0.2014 -0.8013
vn -0.5155 0.3386 -0.7872
vn 0.3641 0.2965 -0.8829
vn -0.4836 -0.6739 -0.5586
vn 0.1482 -0.6607 -0.7359
vn -0.3798 -0.8786 0.2893
vn -0.8713 0.4726 0.1324
vn -0.6035 -0.7859 -0.1349
vn -0.9021 0.3784 -0.2076
vn 0.9371 -0.3492 0.0014
vn 0.4157 -0.0515 0.9080
vn 0.9355 0.1713 0.3091
vn 0.8202 -0.3464 0.4552
vn -0.5830 0.3603 0.7283
vn -0.9366 0.3268 -0.1268
vn -0.9028 0.3647 -0.2277
vn -0.5719 0.8046 -0.1600
vn -0.8131 0.4698 -0.3438
vn -0.9339 0.3141 -0.1707
vn -0.9926 0.0971 -0.0735
vn -0.9638 0.2151 -0.1572
vn -0.6523 0.2252 0.7237
vn -0.8121 -0.0116 0.5834
vn -0.2720 -0.0463 0.9612
vn -0.8933 0.4160 -0.1701
vn -0.8471 0.5034 0.1702
vn -0.9677 0.1501 0.2023
vn 0.9928 0.0425 -0.1120
vn 0.8953 0.0567 0.4419
vn 0.8478 0.1293 0.5144
vn -0.9055 0.3774 0.1941
vn -0.7464 0.2056 -0.6329
vn -0.3672 0.2603 -0.8930
vn 0.0000 0.3218 -0.9468
vn 0.3672 0.2603 -0.8930
vn 0.9639 0.2145 -0.1575
vn 0.7465 0.2057 -0.6328
vn 0.9053 0.3778 0.1943
vn -0.4037 -0.0564 0.9132
vn -0.1805 -0.1249 0.9756
vn -0.8676 -0.4965 -0.0263
vn -0.9926 0.0403 -0.1145
vn -0.9985 -0.0208 -0.0497
vn -0.3595 0.2845 -0.8887
vn -0.3940 0.0793 -0.9157
vn -0.9861 -0.1456 -0.0801
vn -0.4461 0.0939 -0.8901
vn 0.5232 0.2893 -0.8016
vn 0.4716 0.3056 -0.8272
vn 0.8920 0.4189 -0.1700
vn 0.8979 0.3723 -0.2347
vn -0.4357 -0.8988 0.0488
vn -0.8705 0.0531 0.4892
vn -0.1699 -0.9413 0.2916
vn 0.7997 -0.1399 0.5838
vn 0.9364 0.3274 -0.1263
vn 0.9355 0.3492 -0.0547
vn 0.5562 0.2996 0.7752
vn 0.5821 0.3612 0.7284
vn -0.4162 -0.0511 0.9078
vn -0.9367 -0.3501 0.0011
vn 0.9003 0.3835 -0.2060
vn 0.5155 0.3412 -0.7860
vn 0.4786 -0.6738 -0.5630
vn -0.1837 -0.6687 -0.7205
vn 0.8639 0.4856 0.1338
vn 0.3862 -0.8776 0.2842
vn 0.6055 -0.7843 -0.1350
vn -0.9358 0.1705 0.3086
vn -0.8202 -0.3470 0.4548
vn 0.5717 0.8048 -0.1598
vn 0.3279 0.9441 -0.0343
vn 0.9396 0.3391 -0.0473
vn 0.9926 0.0964 -0.0738
vn 0.6524 0.2249 0.7237
vn 0.8123 -0.0122 0.5831
vn 0.2720 -0.0464 0.9612
vn 0.8395 0.5169 0.1677
vn 0.9675 0.1506 0.2029
vn -0.7999 -0.1406 0.5834
vn -0.8367 0.1087 0.5368
vn -0.1460 -0.9886 -0.0367
vn -0.5747 -0.6118 0.5436
vn 0.0348 -0.7702 0.6368
vn 0.1836 -0.9521 0.2445
vn -0.0001 -0.2384 -0.9712
vn 0.0000 -0.1223 -0.9925
vn 0.4381 -0.8966 0.0645
vn 0.1469 -0.9883 -0.0401
vn -0.1907 -0.0882 0.9777
vn -0.3365 -0.1267 0.9331
vn -0.3878 0.0507 0.9204
vn 0.6322 0.3862 0.6717
vn 0.7317 0.0867 0.6761
vn 0.6694 -0.0024 0.7429
vn -0.5540 0.3268 -0.7657
vn 0.3596 0.0341 -0.9325
vn 0.0000 -0.1340 0.9910
vn -0.0001 -0.6114 0.7913
vn -0.9357 0.3485 -0.0551
vn -0.5570 0.2985 0.7750
vn -0.4247 0.3506 0.8347
vn 0.8049 0.5929 0.0261
vn 0.6972 0.7169 0.0048
vn 0.8370 0.2406 -0.4915
vn 0.9365 0.0741 0.3427
vn 0.4968 0.3126 -0.8096
vn 0.2427 0.2716 -0.9313
vn 0.2795 0.3020 -0.9114
vn 0.2340 0.5132 -0.8257
vn 0.5206 0.0022 0.8538
vn 0.0000 0.3396 -0.9406
vn 0.0000 0.5596 -0.8288
vn 0.9287 -0.3056 -0.2100
vn 0.9077 -0.3634 -0.2100
vn 0.8421 -0.2421 0.4819
vn 0.8851 -0.3235 0.3345
vn 0.1656 0.1585 -0.9734
vn 0.0000 0.1380 -0.9904
vn -0.1656 0.1585 -0.9734
vn 0.2085 -0.1615 0.9646
vn 0.9053 -0.3929 0.1615
vn 0.9358 -0.3483 -0.0548
vn 0.8729 -0.4140 -0.2582
vn 0.9171 -0.3086 -0.2524
vn 0.0848 -0.7427 -0.6642
vn -0.7522 0.6120 -0.2443
vn -0.9750 0.0869 -0.2046
vn -0.0894 0.6659 -0.7407
vn -0.4733 0.1046 -0.8747
vn -0.5673 -0.2386 -0.7882
vn -0.6059 -0.1784 -0.7753
vn -0.5558 -0.2136 -0.8034
vn -0.3623 -0.2654 -0.8935
vn -0.3881 -0.2143 -0.8964
vn -0.9171 -0.3086 -0.2523
vn -0.8729 -0.4140 -0.2582
vn -0.9358 -0.3483 -0.0548
vn -0.9053 -0.3928 0.1615
vn -0.6759 -0.2879 0.6784
vn -0.7819 -0.3607 0.5085
vn -0.8581 -0.3066 0.4118
vn -0.0001 0.2238 -0.9746
vn 0.2259 0.7872 -0.5739
vn 0.0000 0.8138 -0.5811
vn -0.2260 0.7872 -0.5739
vn -0.3084 0.3282 -0.8929
vn 0.2446 -0.1242 -0.9616
vn -0.5694 0.3032 -0.7641
vn -0.0106 -0.2002 -0.9797
vn 0.1903 -0.0877 0.9778
vn 0.3361 -0.1263 0.9333
vn 0.3872 0.0507 0.9206
vn -0.6328 0.3857 0.6714
vn -0.7321 0.0864 0.6757
vn -0.6697 -0.0026 0.7426
vn -0.5659 0.5635 0.6018
vn -0.5899 0.5947 0.5462
vn 0.3990 0.3408 0.8512
vn 0.3323 0.4565 0.8253
vn 0.2853 -0.3325 0.8989
vn 0.2407 -0.2346 0.9418
vn 0.0990 -0.0996 0.9901
vn 0.6759 -0.2879 0.6784
vn 0.7819 -0.3607 0.5085
vn 0.8582 -0.3067 0.4118
vn 0.3577 0.9304 0.0795
vn 0.2089 0.9411 -0.2660
vn 0.3099 0.7270 -0.6127
vn 0.4431 0.4488 -0.7761
vn -0.3099 0.7270 -0.6127
vn -0.2089 0.9411 -0.2660
vn -0.3577 0.9304 0.0795
vn 0.8191 -0.0901 0.5666
vn 0.9697 -0.1716 -0.1742
vn -0.3588 0.0330 -0.9328
vn -0.2435 -0.1256 -0.9617
vn 0.0110 -0.2009 -0.9796
vn 0.5697 0.3029 -0.7640
vn 0.5544 0.3267 -0.7655
vn 0.4242 0.3510 0.8348
vn 0.3084 0.3282 -0.8929
vn 0.5244 -0.6204 0.5831
vn -0.0483 -0.6994 0.7131
vn 0.0000 -0.6050 -0.7963
vn 0.0000 -0.0696 -0.9976
vn -0.3465 0.0202 -0.9378
vn 0.3466 0.0201 -0.9378
vn 0.5525 -0.1150 0.8256
vn 0.4877 -0.2567 0.8344
vn -0.8365 0.5479 0.0074
vn -0.8615 0.3200 0.3942
vn -0.7058 0.6963 -0.1305
vn -0.3411 0.3169 0.8850
vn -0.4122 0.3216 0.8525
vn 0.5750 0.5821 0.5749
vn 0.5625 0.5612 0.6071
vn -0.8438 0.0370 0.5354
vn -0.6886 -0.3034 0.6586
vn -0.6567 0.0592 0.7518
vn -0.5342 -0.3148 0.7846
vn -0.1485 -0.4552 0.8779
vn -0.4617 -0.0873 0.8827
vn 0.1838 -0.4357 0.8811
vn -0.1818 0.1274 0.9750
vn 0.4384 -0.4371 0.7853
vn 0.5075 -0.3385 0.7924
vn 0.7162 -0.1015 0.6905
vn 0.6438 -0.1300 0.7541
vn 0.6875 0.2981 0.6622
vn 0.6178 0.1649 0.7688
vn 0.3708 0.5489 0.7492
vn 0.3095 0.4912 0.8142
vn -0.1179 0.5989 0.7921
vn -0.2096 0.7355 0.6443
vn -0.7013 0.5267 0.4804
vn -0.5470 0.4543 0.7031
vn -0.0893 0.2144 0.9727
vn -0.1105 0.0003 0.9939
vn -0.1283 -0.1350 0.9825
vn 0.0925 -0.2948 0.9511
vn 0.2312 -0.2118 0.9496
vn 0.3929 -0.1640 0.9049
vn 0.4626 -0.0410 0.8856
vn 0.3996 0.0652 0.9144
vn 0.7299 0.3304 0.5984
vn 0.1074 0.2698 0.9569
vn -0.8668 -0.0632 0.4947
vn -0.5488 0.6182 0.5627
vn -0.8559 -0.1251 0.5017
vn -0.8468 0.1389 0.5134
vn -0.5159 0.5553 0.6524
vn -0.8369 -0.0400 0.5459
vn -0.7713 -0.1163 0.6258
vn -0.3533 0.6483 0.6745
vn -0.0931 0.8074 0.5827
vn -0.0960 0.8332 0.5446
vn -0.2164 0.9044 0.3677
vn -0.7132 0.5055 0.4856
vn -0.4728 0.7988 0.3721
vn -0.0005 0.9934 -0.1148
vn -0.8683 0.4926 -0.0581
vn -0.8987 -0.4266 0.1016
vn -0.5255 0.5909 0.6121
vn -0.3886 -0.6314 0.6711
vn -0.3369 0.4635 0.8195
vn 0.1516 -0.8970 0.4152
vn -0.1815 -0.8627 0.4719
vn -0.1858 0.3765 0.9076
vn 0.0001 -0.8721 0.4893
vn 0.0000 0.4587 0.8886
vn 0.1858 0.3765 0.9076
vn 0.4442 0.8640 0.2371
vn 0.3369 0.4635 0.8195
vn 0.6500 0.6715 0.3558
vn 0.5255 0.5909 0.6121
vn 0.8223 0.4520 0.3457
vn 0.3886 -0.6314 0.6711
vn 0.8747 -0.4844 0.0154
vn 0.1876 -0.8913 -0.4129
vn -0.0807 -0.9101 -0.4064
vn -0.1516 -0.8970 0.4152
vn -0.0719 -0.9236 -0.3764
vn 0.1816 -0.8627 0.4719
vn 0.0000 -0.9245 -0.3811
vn 0.3096 -0.9492 0.0555
vn 0.3052 -0.5532 0.7751
vn 0.2365 -0.9338 0.2685
vn 0.0000 -0.9840 0.1780
vn -0.0001 -0.8054 0.5927
vn -0.3053 -0.5532 0.7751
vn -0.2365 -0.9338 0.2685
vn -0.3096 -0.9492 0.0555
vn -0.5430 -0.7313 0.4128
vn -0.4300 -0.8975 -0.0985
vn -0.8174 -0.4874 0.3071
vn -0.7687 -0.4456 0.4588
vn -0.2312 -0.2118 0.9496
vn 0.1630 -0.3844 0.9087
vn -0.0471 -0.2937 0.9547
vn 0.5434 -0.3117 0.7795
vn 0.1559 -0.2127 0.9646
vn 0.6601 0.0400 0.7501
vn 0.1105 0.0003 0.9939
vn 0.5543 0.4364 0.7087
vn 0.0868 0.2147 0.9728
vn -0.1198 0.2569 0.9590
vn 0.0868 0.5891 0.8034
vn -0.3110 0.4836 0.8181
vn 0.8680 0.4932 -0.0581
vn 0.9236 -0.3416 0.1741
vn 0.8985 -0.4271 0.1017
vn -0.0003 -0.9972 0.0751
vn -0.0006 -0.9941 0.1088
vn -0.9237 -0.3415 0.1739
vn -0.9013 0.4027 0.1598
vn -0.0002 0.9931 -0.1175
vn -0.0002 0.4090 0.9125
vn -0.0002 -0.3931 0.9195
vn 0.9012 0.4029 0.1600
vn 0.1553 -0.0844 0.9843
vn 0.0000 -0.1671 0.9859
vn 0.1470 -0.1781 0.9730
vn -0.1470 -0.1780 0.9730
vn -0.1553 -0.0844 0.9843
vn 0.0000 -0.0822 0.9966
vn 0.1625 -0.1814 0.9699
vn 0.0000 -0.1074 0.9942
vn -0.1625 -0.1814 0.9699
vn -0.4231 0.1434 0.8946
vn -0.9170 -0.2910 0.2729
vn -0.9039 -0.3397 0.2600
vn -0.9790 -0.0570 0.1957
vn -0.9055 0.1967 0.3759
vn -0.8273 0.2359 0.5099
vn -0.9505 0.2011 0.2369
vn -0.6674 0.7103 0.2235
vn -0.2743 0.9511 0.1420
vn -0.7027 0.7100 0.0459
vn -0.2083 0.9746 -0.0829
vn 0.5037 -0.6863 0.5246
vn -0.4088 -0.1118 0.9057
vn -0.5756 -0.0557 0.8158
vn -0.1591 -0.0430 0.9863
vn -0.7386 0.6388 0.2153
vn -0.2143 0.8594 0.4642
vn 0.4967 0.8083 0.3163
vn 0.3228 0.9305 0.1731
vn -0.6149 0.1823 0.7672
vn -0.0645 0.9398 0.3355
vn -0.1010 0.9701 0.2205
vn -0.9014 -0.2041 0.3818
vn -0.3506 0.0788 0.9332
vn -0.5593 -0.6499 0.5146
vn 0.0899 -0.0308 0.9955
vn -0.9269 -0.3259 0.1860
vn -0.8293 -0.2668 0.4909
vn -0.7998 -0.2004 0.5658
vn -0.8219 -0.3530 0.4471
vn -0.7620 -0.5684 0.3102
vn -0.6273 -0.6884 0.3641
vn 0.1271 0.6497 0.7495
vn -0.4442 0.8640 0.2371
vn 0.0500 0.8252 0.5627
vn -0.0948 0.9855 0.1406
vn 0.0000 0.9901 0.1400
vn 0.0000 0.7545 0.6563
vn -0.0500 0.8252 0.5627
vn 0.0948 0.9855 0.1407
vn -0.1271 0.6497 0.7495
vn 0.2028 0.6670 0.7169
vn 0.5124 0.4200 0.7490
vn -0.1888 -0.9481 0.2558
vn -0.0373 0.1011 0.9942
vn -0.2048 0.0441 0.9778
vn -0.0776 0.7210 0.6886
vn -0.0724 0.6046 0.7932
vn -0.7849 -0.5866 0.1993
vn -0.9317 -0.3047 0.1976
vn -0.7912 -0.1692 0.5877
vn -0.9085 -0.3375 0.2465
vn -0.7939 -0.6045 0.0657
vn -0.8436 -0.3982 0.3602
vn -0.6122 -0.3580 0.7050
vn -0.6065 -0.0071 0.7951
vn -0.7298 -0.1538 0.6661
vn -0.5138 -0.7288 0.4526
vn -0.5635 -0.8259 0.0170
vn -0.2269 0.0907 0.9697
vn -0.2887 0.2879 0.9131
vn 0.5430 -0.7313 0.4128
vn 0.4300 -0.8975 -0.0985
vn 0.8174 -0.4874 0.3071
vn 0.7687 -0.4456 0.4588
vn 0.1888 -0.9481 0.2558
vn -0.5124 0.4200 0.7490
vn 0.2269 0.0907 0.9697
vn -0.2028 0.6670 0.7169
vn 0.2887 0.2879 0.9131
vn 0.5411 0.0142 0.8408
vn 0.2898 0.0771 0.9540
vn 0.0000 -0.0237 0.9997
vn -0.2898 0.0771 0.9540
vn -0.5411 0.0142 0.8408
vn 0.9269 -0.3259 0.1860
vn 0.8293 -0.2668 0.4909
vn 0.7849 -0.5866 0.1993
vn 0.6216 -0.7453 0.2410
vn 0.6973 -0.5927 0.4030
vn 0.7998 -0.2004 0.5658
vn 0.6128 -0.7689 0.1823
vn 0.8219 -0.3530 0.4471
vn 0.4033 -0.8919 0.2046
vn 0.7620 -0.5684 0.3102
vn 0.6271 -0.6885 0.3642
vn -0.0001 -0.9850 0.1724
vn -0.0001 -0.9701 -0.2427
vn 0.1993 -0.9362 -0.2896
vn 0.2343 -0.9698 0.0673
vn -0.0001 -0.9934 -0.1150
vn -0.2343 -0.9698 0.0673
vn -0.1993 -0.9362 -0.2896
vn -0.4034 -0.8919 0.2046
vn 0.5138 -0.7288 0.4526
vn 0.7298 -0.1538 0.6661
vn 0.9317 -0.3047 0.1976
vn 0.9085 -0.3375 0.2465
vn 0.8310 -0.4170 0.3682
vn 0.6039 -0.0195 0.7968
vn 0.5804 -0.7885 0.2033
vn 0.6182 -0.3564 0.7006
vn 0.2539 -0.9368 0.2406
vn 0.3211 -0.4891 0.8110
vn 0.0000 -0.9685 0.2488
vn 0.0000 -0.5367 0.8438
vn -0.3212 -0.4891 0.8110
vn -0.2539 -0.9368 0.2406
vn -0.5681 -0.7948 0.2135
vn -0.5777 -0.7651 0.2843
vn -0.2504 -0.8518 0.4602
vn 0.0000 -0.8184 0.5747
vn 0.2504 -0.8518 0.4602
vn 0.6028 -0.7395 0.2995
vn 0.7837 -0.6149 0.0876
vn -0.0988 -0.1870 0.9774
vn -0.0370 -0.7885 0.6139
vn 0.4615 -0.0876 0.8828
vn 0.6774 -0.2739 0.6828
vn 0.8327 0.0232 0.5533
vn 0.7151 0.5233 0.4634
vn 0.1606 0.7737 0.6128
vn -0.3710 0.5496 0.7485
vn -0.6190 0.1651 0.7678
vn -0.6889 0.2987 0.6605
vn -0.6450 -0.1304 0.7530
vn -0.7180 -0.1021 0.6885
vn -0.5084 -0.3393 0.7914
vn -0.4387 -0.4384 0.7845
vn -0.1839 -0.4363 0.8808
vn 0.1825 0.1293 0.9747
vn -0.3929 -0.1640 0.9049
vn -0.4593 -0.0344 0.8876
vn -0.3389 0.0668 0.9384
vn -0.4821 0.2692 0.8337
vn 0.9039 -0.3397 0.2600
vn 0.9790 -0.0570 0.1957
vn 0.9055 0.1967 0.3759
vn 0.8369 -0.0400 0.5459
vn 0.8468 0.1389 0.5134
vn 0.8559 -0.1251 0.5017
vn 0.8668 -0.0632 0.4947
vn 0.5635 -0.8259 0.0170
vn 0.6929 -0.5560 0.4590
vn 0.3503 0.0789 0.9333
vn 0.0001 0.7609 0.6488
vn 0.0372 0.1011 0.9942
vn 0.0776 0.7209 0.6886
vn 0.2886 -0.1672 0.9428
vn 0.3199 -0.0521 0.9460
vn 0.4933 -0.2325 0.8382
vn -0.4933 -0.2325 0.8382
vn -0.3199 -0.0521 0.9460
vn -0.2886 -0.1672 0.9428
vn -0.9617 0.0888 0.2594
vn 0.6674 0.7103 0.2235
vn 0.2743 0.9511 0.1420
vn 0.7027 0.7100 0.0459
vn 0.2083 0.9746 -0.0829
vn 0.7386 0.6388 0.2153
vn 0.2143 0.8594 0.4642
vn -0.4966 0.8083 0.3163
vn -0.3226 0.9306 0.1731
vn -0.0280 0.9635 0.2661
vn 0.4088 -0.1113 0.9058
vn 0.0987 -0.1870 0.9774
vn -0.5028 -0.6864 0.5254
vn 0.0372 -0.7886 0.6138
vn -0.6538 -0.3806 0.6539
vn -0.6128 -0.7689 0.1823
vn -0.6973 -0.5927 0.4030
vn -0.6216 -0.7453 0.2410
vn 0.4231 0.1434 0.8946
vn -0.6500 0.6715 0.3558
vn -0.8223 0.4520 0.3457
vn -0.8747 -0.4844 0.0154
vn -0.1876 -0.8913 -0.4129
vn 0.0807 -0.9101 -0.4064
vn 0.0719 -0.9236 -0.3764
vn 0.8273 0.2359 0.5099
vn 0.9505 0.2011 0.2369
vn 0.5756 -0.0557 0.8158
vn 0.9617 0.0888 0.2594
vn 0.5592 -0.6499 0.5146
vn -0.0898 -0.0309 0.9955
vn 0.7713 -0.1163 0.6258
vn 0.6149 0.1823 0.7672
vn 0.3532 0.6483 0.6745
vn 0.0648 0.9399 0.3352
vn 0.0931 0.8074 0.5827
vn 0.1010 0.9702 0.2205
vn 0.9011 -0.2040 0.3825
vn -0.0001 0.9463 0.3234
vn -0.6929 -0.5560 0.4590
vn 0.5488 0.6182 0.5627
vn 0.7132 0.5055 0.4856
vn 0.4727 0.7988 0.3723
vn 0.2164 0.9044 0.3677
vn 0.5159 0.5553 0.6524
vn 0.0960 0.8332 0.5446
vn -0.0002 -0.9561 0.2931
vn 0.0001 0.9207 0.3903
vn 0.0281 0.9635 0.2662
vn 0.1591 -0.0429 0.9863
vn 0.0723 0.6046 0.7932
vn 0.2043 0.0443 0.9779
vn 0.9170 -0.2910 0.2729
vn 0.7912 -0.1692 0.5877
vn -0.0001 0.9546 0.2978
vn 0.6538 -0.3806 0.6539
vn -0.2081 0.0455 0.9770
vn 0.2000 0.0364 0.9791
vn -0.1926 0.8601 0.4725
vn -0.8473 -0.4892 -0.2067
vn -0.9634 0.1930 -0.1862
vn 0.0154 -0.3002 0.9537
vn -0.9862 0.1462 0.0781
vn -0.7911 -0.0476 -0.6098
vn 0.1438 0.1082 -0.9837
vn 0.2101 0.1895 0.9591
vn -0.0417 -0.4015 0.9149
vn -0.2599 0.0041 0.9656
vn -0.6245 -0.3071 0.7181
vn -0.5821 0.0724 0.8099
vn -0.8513 -0.1647 0.4981
vn 0.0722 -0.9733 0.2177
vn -0.8135 0.1050 0.5720
vn -0.9922 0.0498 0.1142
vn -0.9046 0.4166 0.0902
vn -0.5386 0.3803 0.7519
vn -0.1895 0.1559 0.9694
vn 0.9591 0.0301 -0.2816
vn -0.3637 -0.3767 -0.8520
vn 0.9810 -0.1859 0.0564
vn 0.1015 -0.8523 -0.5130
vn 0.7030 -0.5306 -0.4735
vn 0.5398 -0.6205 -0.5688
vn 0.6557 -0.7543 -0.0349
vn 0.2183 -0.0763 0.9729
vn 0.8893 -0.2998 -0.3455
vn 0.3982 -0.0451 0.9162
vn -0.9396 0.2303 0.2534
vn -0.2560 -0.1604 -0.9533
vn 0.1060 -0.1476 0.9834
vn -0.9780 0.2031 0.0471
vn -0.0087 -0.0319 -0.9995
vn -0.3638 -0.1550 0.9185
vn -0.5988 -0.1939 0.7771
vn -0.3265 -0.1180 0.9378
vn -0.5337 -0.1460 0.8330
vn 0.3149 -0.5038 -0.8044
vn 0.6041 -0.7722 -0.1969
vn 0.3353 -0.3736 -0.8648
vn 0.7880 -0.3544 -0.5034
vn 0.5316 -0.7343 0.4221
vn 0.8897 -0.0583 0.4528
vn 0.7645 0.5057 0.3997
vn 0.2537 0.3071 0.9172
vn 0.3604 0.2485 0.8991
vn 0.9611 -0.2016 0.1889
vn -0.1657 0.3583 -0.9188
vn 0.2134 0.1880 -0.9587
vn 0.7758 -0.4335 -0.4585
vn 0.0451 0.1502 -0.9876
vn 0.8133 -0.1218 -0.5689
vn -0.5908 -0.1019 -0.8004
vn -0.4510 0.0091 -0.8925
vn -0.6963 0.4221 -0.5806
vn -0.6959 0.3517 -0.6261
vn 0.3392 0.0736 0.9378
vn -0.9773 0.1169 0.1765
vn -0.3821 0.0609 -0.9221
vn -0.9852 -0.0113 0.1713
vn -0.3006 0.0532 -0.9523
vn -0.8487 -0.4953 0.1854
vn -0.2843 -0.3644 -0.8868
vn 0.1179 -0.9886 -0.0938
vn 0.2689 -0.4388 0.8574
vn 0.1991 -0.0226 0.9797
vn 0.8915 -0.0119 -0.4528
vn 0.9270 0.0644 -0.3695
vn 0.8454 -0.3906 -0.3643
vn 0.9098 -0.3939 -0.1311
vn -0.1088 0.1011 -0.9889
vn 0.6721 -0.7198 -0.1734
vn 0.0323 -0.0291 0.9991
vn 0.2780 -0.9319 -0.2328
vn 0.2584 -0.0631 0.9640
vn 0.9302 -0.2832 -0.2335
vn 0.1144 -0.6059 0.7873
vn 0.2519 -0.9539 -0.1628
vn -0.1585 -0.3469 -0.9244
vn -0.1393 0.1614 -0.9770
vn 0.0290 -0.2240 0.9742
vn -0.9666 0.1409 -0.2141
vn -0.4515 -0.2685 0.8509
vn -0.9233 0.2207 -0.3143
vn 0.2834 0.0496 -0.9577
vn -0.9792 -0.0849 -0.1844
vn -0.0436 -0.3629 -0.9308
vn -0.2098 -0.9489 -0.2355
vn -0.4171 -0.6876 0.5943
vn -0.9954 0.0437 0.0858
vn -0.9848 0.0235 0.1720
vn -0.8290 -0.5521 0.0893
vn -0.1082 -0.1233 0.9865
vn -0.9898 0.1377 -0.0352
vn 0.1912 0.2764 -0.9418
vn -0.9716 0.0417 -0.2327
vn 0.2287 0.2799 -0.9324
vn -0.8348 -0.5122 -0.2020
vn 0.1509 -0.2483 -0.9569
vn 0.1559 -0.9561 -0.2480
vn -0.2157 -0.6124 0.7605
vn -0.1452 -0.1851 0.9719
vn 0.8480 -0.5129 0.1335
vn 0.8014 -0.5318 0.2736
vn 0.9551 0.0254 0.2952
vn 0.9682 -0.2466 -0.0428
vn 0.7299 -0.6766 -0.0975
vn 0.7464 -0.6170 -0.2494
vn -0.9009 -0.0841 -0.4259
vn -0.6039 0.0688 -0.7941
vn 0.8508 -0.4495 -0.2721
vn 0.8857 0.0668 -0.4594
vn 0.9669 -0.1755 0.1851
vn 0.7461 -0.6657 0.0140
vn -0.4337 -0.0954 0.8960
vn -0.8756 0.0822 0.4760
vn -0.3074 -0.6348 -0.7089
vn 0.9162 0.0380 -0.3989
vn 0.3375 0.4877 0.8051
vn -0.9012 -0.0707 0.4277
vn -0.5290 -0.2918 0.7969
vn -0.1060 -0.9670 -0.2319
vn 0.9316 -0.3371 0.1361
vn 0.3694 0.4524 0.8117
vn 0.2925 -0.5249 0.7993
vn -0.2101 0.1895 0.9591
vn 0.2599 0.0041 0.9656
vn 0.0417 -0.4015 0.9149
vn 0.6245 -0.3071 0.7181
vn 0.5821 0.0724 0.8099
vn 0.8513 -0.1647 0.4981
vn -0.3132 -0.4955 -0.8102
vn -0.3654 -0.3845 -0.8477
vn -0.6373 -0.7419 -0.2084
vn -0.7987 -0.3174 -0.5112
vn -0.0669 0.1647 -0.9841
vn -0.8087 -0.1203 -0.5757
vn -0.7495 -0.4780 -0.4579
vn -0.1882 0.1930 -0.9630
vn -0.9667 -0.1818 0.1803
vn 0.1577 0.3605 -0.9193
vn 0.7948 -0.0498 -0.6049
vn -0.1412 0.1067 -0.9842
vn -0.7540 -0.6164 -0.2271
vn -0.8480 -0.5129 0.1335
vn -0.0154 -0.3002 0.9537
vn 0.8473 -0.4892 -0.2067
vn -0.7299 -0.6766 -0.0975
vn 0.0019 -0.0288 -0.9996
vn -0.9098 -0.3939 -0.1311
vn -0.0722 -0.9733 0.2177
vn -0.1060 -0.1476 0.9834
vn 0.1895 0.1559 0.9694
vn 0.5386 0.3803 0.7519
vn 0.5337 -0.1460 0.8330
vn 0.5988 -0.1939 0.7771
vn -0.5319 -0.7265 0.4351
vn -0.8931 -0.0786 0.4430
vn -0.7645 0.5057 0.3997
vn -0.2537 0.3071 0.9172
vn -0.9810 -0.1859 0.0564
vn -0.8815 0.0764 -0.4660
vn -0.8505 -0.4513 -0.2702
vn -0.0290 -0.2240 0.9742
vn -0.8893 -0.2998 -0.3455
vn -0.3982 -0.0451 0.9162
vn -0.2183 -0.0763 0.9729
vn -0.6557 -0.7543 -0.0349
vn -0.1015 -0.8523 -0.5130
vn -0.5398 -0.6205 -0.5688
vn -0.7030 -0.5306 -0.4735
vn 0.8135 0.1050 0.5720
vn 0.9405 0.2150 0.2632
vn 0.2478 -0.1571 -0.9560
vn 0.9673 0.1382 -0.2128
vn 0.7023 0.3542 -0.6175
vn 0.5859 -0.1084 -0.8031
vn 0.4510 0.0091 -0.8925
vn 0.6963 0.4221 -0.5806
vn 0.9922 0.0498 0.1142
vn 0.9773 0.2040 0.0569
vn 0.9009 -0.0841 -0.4259
vn 0.6039 0.0688 -0.7941
vn 0.3585 0.0541 -0.9320
vn -0.8915 -0.0119 -0.4528
vn 0.2882 0.0496 -0.9563
vn -0.9270 0.0644 -0.3695
vn 0.2843 -0.3644 -0.8868
vn -0.8454 -0.3906 -0.3643
vn -0.1179 -0.9886 -0.0938
vn -0.2603 -0.4333 0.8628
vn -0.1739 -0.0171 0.9846
vn -0.3173 0.0644 0.9461
vn 0.0927 0.0942 -0.9912
vn -0.6721 -0.7198 -0.1734
vn 0.0011 -0.0467 0.9989
vn -0.2780 -0.9319 -0.2328
vn -0.2470 -0.0589 0.9672
vn -0.9302 -0.2832 -0.2335
vn -0.1110 -0.6037 0.7895
vn -0.2519 -0.9539 -0.1628
vn 0.1585 -0.3469 -0.9244
vn 0.1349 0.1599 -0.9779
vn -0.2834 0.0496 -0.9577
vn -0.9669 -0.1755 0.1851
vn 0.0436 -0.3629 -0.9308
vn -0.7461 -0.6657 0.0140
vn 0.2098 -0.9489 -0.2355
vn 0.4171 -0.6876 0.5943
vn 0.4515 -0.2685 0.8509
vn 0.9634 0.1930 -0.1862
vn 0.9877 0.1365 0.0756
vn 0.9046 0.4166 0.0902
vn 0.3637 -0.3767 -0.8520
vn 0.3074 -0.6348 -0.7089
vn -0.9591 0.0301 -0.2816
vn -0.9162 0.0380 -0.3989
vn -0.3604 0.2485 0.8991
vn -0.3375 0.4877 0.8051
vn 0.8756 0.0822 0.4760
vn 0.9012 -0.0707 0.4277
vn 0.5290 -0.2918 0.7969
vn 0.1060 -0.9670 -0.2319
vn -0.9316 -0.3371 0.1361
vn -0.3694 0.4524 0.8117
vn -0.2925 -0.5249 0.7993
vn 0.1126 -0.1241 0.9859
vn 0.9907 0.1312 -0.0372
vn 0.1467 -0.1834 0.9720
vn 0.9722 0.0493 -0.2291
vn 0.2157 -0.6124 0.7605
vn 0.8348 -0.5122 -0.2020
vn -0.1559 -0.9561 -0.2480
vn -0.1509 -0.2483 -0.9569
vn -0.2287 0.2799 -0.9324
vn -0.1883 0.2785 -0.9418
vn 0.9233 0.2207 -0.3143
vn 0.9792 -0.0849 -0.1844
vn -0.8014 -0.5318 0.2736
vn -0.9551 0.0254 0.2952
vn -0.9682 -0.2466 -0.0428
vn 0.3638 -0.1550 0.9185
vn 0.3265 -0.1180 0.9378
vn 0.4337 -0.0954 0.8960
vn 0.9880 0.1048 0.1134
vn 0.9923 -0.0036 0.1238
vn 0.8510 -0.4874 0.1957
vn 0.9997 0.0204 0.0130
vn 0.9869 0.0316 0.1581
vn 0.8302 -0.5495 0.0938
vn 0.9898 -0.0562 -0.1309
vn 0.9386 0.1156 -0.3249
vn -0.0401 -0.1035 -0.9938
vn 0.5614 0.1111 -0.8201
vn 0.6696 0.1263 -0.7319
vn 0.8941 0.0807 -0.4404
vn 0.9482 0.2090 0.2393
vn -0.5067 0.8511 -0.1375
vn -0.9523 -0.2315 -0.1990
vn -0.4977 0.1784 0.8488
vn 0.7745 0.6326 -0.0072
vn 0.6399 0.7661 0.0596
vn 0.2244 0.9255 -0.3052
vn 0.9859 0.1565 0.0584
vn 0.3927 0.6571 -0.6434
vn -0.0015 0.8172 0.5763
vn -0.1930 0.8966 -0.3985
vn 0.0893 -0.3419 0.9355
vn 0.4374 -0.2053 0.8755
vn 0.6168 0.5450 -0.5680
vn 0.9711 0.1770 -0.1600
vn -0.7401 0.5879 -0.3265
vn 0.2845 0.4746 0.8329
vn 0.7662 0.6385 0.0727
vn 0.1205 0.9397 -0.3201
vn 0.4808 0.8636 0.1516
vn 0.9392 0.2299 -0.2551
vn 0.7806 0.4507 -0.4331
vn 0.1590 0.8936 -0.4198
vn -0.0292 0.9344 -0.3551
vn 0.5374 0.3950 -0.7451
vn -0.3304 0.0211 -0.9436
vn -0.8830 0.2809 -0.3761
vn -0.6068 0.6173 -0.5007
vn 0.3948 0.6545 0.6448
vn 0.6358 0.7698 -0.0558
vn 0.4977 0.8080 -0.3152
vn 0.1892 0.2839 -0.9400
vn -0.4047 0.8315 -0.3805
vn -0.2768 -0.2270 -0.9337
vn -0.6525 0.4410 -0.6162
vn -0.9356 0.3100 -0.1686
vn -0.8006 0.5844 0.1321
vn -0.7138 0.6983 0.0530
vn -0.6865 -0.7261 -0.0383
vn -0.7518 -0.6588 0.0273
vn -0.5441 0.4502 0.7081
vn -0.8152 0.5222 0.2505
vn -0.6325 -0.7255 0.2714
vn -0.4667 -0.5396 0.7007
vn 0.7286 0.5434 0.4169
vn 0.2645 0.4891 0.8311
vn 0.2410 -0.5586 0.7936
vn 0.6641 -0.5221 0.5351
vn 0.5986 -0.7630 -0.2439
vn 0.7287 0.6500 -0.2153
vn 0.5891 -0.7678 -0.2518
vn 0.6749 0.7317 -0.0955
vn 0.7514 -0.6597 0.0158
vn 0.7182 0.6957 -0.0123
vn 0.7700 0.5953 -0.2298
vn 0.6538 -0.7211 -0.2293
vn 0.8161 0.4797 -0.3223
vn 0.6320 -0.6708 -0.3881
vn 0.4212 0.6205 -0.6615
vn 0.3217 -0.5154 -0.7943
vn -0.3747 0.6405 -0.6703
vn -0.4350 -0.4168 -0.7982
vn -0.7587 0.6420 -0.1103
vn -0.6600 0.7446 -0.0995
vn -0.8994 0.4371 0.0006
vn 0.7209 0.6685 -0.1827
vn 0.6076 0.7739 -0.1785
vn 0.7647 0.5833 -0.2739
vn 0.3709 0.7870 -0.4929
vn 0.9469 0.1935 -0.2568
vn -0.7035 0.6863 0.1843
vn -0.7479 -0.6246 -0.2248
vn 0.2349 0.6666 0.7074
vn -0.5445 0.6382 0.5443
vn 0.5632 0.8260 -0.0235
vn 0.6878 0.6275 0.3649
vn -0.9959 -0.0860 -0.0271
vn -0.9840 0.1106 -0.1396
vn -0.9152 0.1369 -0.3790
vn -0.2269 0.8602 -0.4567
vn -0.5537 0.2373 -0.7982
vn -0.5207 0.2856 -0.8045
vn 0.4036 0.1774 -0.8976
vn 0.3631 0.3284 -0.8719
vn 0.7845 0.1478 -0.6022
vn 0.9252 0.1430 -0.3514
vn -0.6933 0.6679 0.2706
vn 0.6746 0.7332 -0.0857
vn 0.8687 0.3054 -0.3901
vn 0.9560 0.2015 -0.2134
vn 0.9343 0.3437 -0.0950
vn 0.8353 0.2376 -0.4957
vn 0.9610 0.2500 0.1179
vn 0.8969 0.3810 -0.2244
vn 0.8890 0.4348 -0.1435
vn 0.8934 0.4481 0.0315
vn -0.3091 0.8520 0.4227
vn -0.8920 0.3879 0.2321
vn -0.3420 0.9057 0.2507
vn -0.8947 0.3275 0.3036
vn -0.3948 0.9147 0.0859
vn -0.9529 0.2392 0.1866
vn -0.9769 0.1211 -0.1759
vn -0.8467 0.1711 0.5038
vn -0.9874 -0.0167 -0.1572
vn 0.7631 0.4938 0.4170
vn 0.3251 0.9433 0.0676
vn 0.2577 0.9370 0.2358
vn -0.4064 0.8719 0.2732
vn -0.5372 0.5332 0.6535
vn 0.2332 0.6417 0.7306
vn 0.5786 0.6950 0.4269
vn 0.4312 0.8622 0.2658
vn 0.3392 0.9329 0.1207
vn 0.5251 0.4779 0.7042
vn -0.2871 0.4845 0.8263
vn -0.4246 0.6787 0.5992
vn -0.5091 0.3381 -0.7915
vn -0.6191 0.1630 -0.7682
vn 0.3467 0.4162 -0.8406
vn -0.7380 0.5987 0.3113
vn -0.8075 0.5731 -0.1397
vn 0.6709 0.7328 0.1132
vn 0.2060 0.8159 0.5402
vn -0.1806 0.8057 0.5641
vn -0.5324 0.5938 -0.6033
vn 0.4132 0.8958 0.1639
vn 0.0570 0.7892 0.6115
vn -0.5417 0.7500 0.3795
vn -0.6708 0.7096 -0.2159
vn 0.1605 0.6952 -0.7006
vn -0.1541 0.8638 -0.4798
vn 0.5861 0.6869 -0.4297
vn 0.3681 0.8654 -0.3400
vn 0.2712 0.2823 -0.9202
vn 0.7588 0.6419 -0.1104
vn 0.7138 0.6984 0.0530
vn 0.7477 -0.6249 -0.2245
vn 0.6868 -0.7259 -0.0363
vn 0.8006 0.5844 0.1322
vn 0.8153 0.5220 0.2506
vn 0.7520 -0.6586 0.0285
vn 0.6335 -0.7247 0.2710
vn 0.5441 0.4501 0.7081
vn -0.2645 0.4891 0.8311
vn 0.4669 -0.5412 0.6993
vn -0.2410 -0.5586 0.7936
vn -0.5983 -0.7637 -0.2423
vn -0.7290 0.6498 -0.2154
vn -0.7700 0.5953 -0.2297
vn -0.6538 -0.7216 -0.2277
vn -0.3217 -0.5135 -0.7955
vn -0.4212 0.6205 -0.6615
vn 0.3747 0.6405 -0.6703
vn 0.4352 -0.4156 -0.7987
vn 0.6600 0.7446 -0.0995
vn 0.8994 0.4371 0.0006
vn -0.6076 0.7739 -0.1785
vn -0.7209 0.6685 -0.1827
vn -0.8161 0.4797 -0.3223
vn -0.7647 0.5833 -0.2739
vn -0.3709 0.7870 -0.4929
vn 0.2269 0.8602 -0.4567
vn 0.7035 0.6863 0.1843
vn 0.6933 0.6679 0.2706
vn -0.7286 0.5434 0.4169
vn -0.7181 0.6959 -0.0122
vn -0.6639 -0.5239 0.5337
vn -0.7518 -0.6592 0.0153
vn -0.6313 -0.6717 -0.3876
vn 0.5445 0.6382 0.5443
vn -0.6878 0.6275 0.3649
vn -0.2349 0.6666 0.7074
vn -0.6751 0.7315 -0.0956
vn -0.6746 0.7332 -0.0857
vn -0.5632 0.8260 -0.0235
vn -0.9252 0.1430 -0.3514
vn -0.9560 0.2015 -0.2134
vn -0.9343 0.3437 -0.0950
vn -0.8969 0.3810 -0.2244
vn -0.8634 0.2984 -0.4069
vn -0.8353 0.2376 -0.4957
vn -0.9610 0.2500 0.1179
vn 0.9128 0.1486 -0.3803
vn 0.5537 0.2373 -0.7982
vn 0.5375 0.3001 -0.7881
vn -0.4036 0.1774 -0.8976
vn -0.3987 0.3586 -0.8441
vn -0.7785 0.1682 -0.6046
vn -0.8890 0.4348 -0.1435
vn -0.8934 0.4481 0.0315
vn -0.4312 0.8622 0.2658
vn -0.3392 0.9329 0.1207
vn -0.3251 0.9433 0.0676
vn -0.5786 0.6950 0.4269
vn 0.8467 0.1711 0.5038
vn 0.9874 -0.0167 -0.1572
vn 0.7380 0.5987 0.3113
vn 0.8075 0.5731 -0.1397
vn 0.2871 0.4845 0.8263
vn 0.1806 0.8057 0.5641
vn 0.5417 0.7500 0.3795
vn 0.6708 0.7096 -0.2159
vn -0.4132 0.8958 0.1639
vn -0.6709 0.7328 0.1132
vn -0.0570 0.7892 0.6115
vn -0.2060 0.8159 0.5402
vn -0.1605 0.6952 -0.7006
vn -0.5861 0.6869 -0.4297
vn 0.1541 0.8638 -0.4798
vn -0.3681 0.8654 -0.3400
vn -0.9450 0.2623 -0.1956
vn -0.5725 0.7317 0.3698
vn 0.6553 0.7553 0.0127
vn 0.3679 0.6697 -0.6451
vn -0.4273 0.7000 -0.5722
vn -0.8509 0.3152 -0.4202
vn -0.9030 0.1928 -0.3840
vn -0.3413 0.6709 -0.6583
vn 0.0012 0.1060 -0.9944
vn 0.8147 0.0710 -0.5755
vn 0.8666 0.3370 -0.3681
vn -0.0576 -0.3546 0.9332
vn 0.9864 -0.1337 -0.0951
vn 0.3973 0.7909 0.4654
vn 0.1123 0.6721 -0.7319
vn -0.6945 0.7189 0.0298
vn 0.6156 0.5676 -0.5467
vn 0.5767 0.5945 -0.5603
vn 0.8876 0.1836 -0.4224
vn -0.1111 0.0318 -0.9933
vn -0.9096 -0.1863 -0.3715
vn -0.7960 -0.2985 0.5265
vn 0.0149 -0.2101 0.9776
vn 0.8277 0.0133 0.5610
vn 0.9959 -0.0860 -0.0271
vn 0.9840 0.1106 -0.1396
vn -0.7191 0.5706 0.3967
vn -0.9588 0.1064 -0.2634
vn -0.1573 0.1437 0.9770
vn 0.9760 0.1175 -0.1836
vn 0.5163 0.3272 -0.7914
vn 0.6191 0.1630 -0.7682
vn 0.4246 0.6787 0.5992
vn 0.3091 0.8520 0.4227
vn 0.9529 0.2392 0.1866
vn 0.8920 0.3879 0.2321
vn -0.5251 0.4779 0.7042
vn -0.2712 0.2823 -0.9202
vn 0.5324 0.5938 -0.6033
vn 0.8947 0.3275 0.3036
vn 0.6166 -0.5246 0.5870
vn 0.0448 0.2225 0.9739
vn -0.7047 0.2443 0.6661
vn -0.8863 0.4071 -0.2206
vn -0.7510 0.4112 -0.5165
vn -0.8483 0.4408 -0.2933
vn -0.8544 0.3911 -0.3422
vn -0.8317 0.3753 -0.4092
vn -0.9409 0.0503 -0.3349
vn -0.9949 -0.0995 -0.0138
vn 0.0680 0.1396 -0.9879
vn -0.7239 -0.3129 -0.6149
vn -0.0119 -0.2183 -0.9758
vn -0.0908 0.3340 -0.9382
vn -0.5889 -0.7685 -0.2501
vn -0.6941 0.1641 -0.7009
vn 0.0381 0.0154 -0.9992
vn 0.6063 0.3315 -0.7228
vn 0.1809 -0.0690 -0.9811
vn -0.3624 0.3997 -0.8420
vn 0.5372 0.5332 0.6535
vn 0.4064 0.8719 0.2732
vn -0.2577 0.9370 0.2358
vn -0.2332 0.6417 0.7306
vn -0.7631 0.4938 0.4170
vn 0.3948 0.9147 0.0859
vn 0.3420 0.9057 0.2507
vn -0.8876 0.1836 -0.4224
vn 0.1111 0.0318 -0.9933
vn 0.9096 -0.1863 -0.3715
vn 0.7960 -0.2985 0.5265
vn -0.0149 -0.2101 0.9776
vn -0.8277 0.0133 0.5610
vn 0.5894 -0.7754 0.2264
vn 0.7566 -0.6198 0.2084
vn 0.0003 -0.9791 0.2034
vn 0.0002 -0.9987 0.0516
vn -0.5943 -0.7613 0.2590
vn -0.7821 -0.5963 0.1807
vn 0.0000 -0.9795 -0.2014
vn -0.7031 -0.7059 0.0861
vn -0.7232 -0.6903 0.0206
vn 0.0000 -0.9312 -0.3646
vn 0.7168 -0.6959 0.0444
vn 0.6888 -0.7187 0.0953
vn -0.0005 -0.6428 0.7660
vn -0.3145 -0.8930 0.3219
vn 0.3409 -0.8885 0.3071
vn 1.0000 0.0000 -0.0000
vn -0.2655 0.7909 0.5514
vn -0.2642 0.8307 0.4901
vn 0.3875 0.7448 0.5432
vn 0.4724 0.6667 0.5766
vn -0.2864 0.9164 0.2796
vn 0.4307 0.6530 0.6229
vn -0.2531 0.9660 0.0530
vn 0.3206 0.6383 0.6998
vn -0.1374 0.9881 -0.0693
vn 0.1437 0.6085 0.7804
vn 0.0000 0.5636 0.8261
vn 0.0000 0.9966 -0.0823
vn 0.1374 0.9881 -0.0693
vn -0.1438 0.6085 0.7804
vn -0.3206 0.6383 0.6998
vn 0.2531 0.9660 0.0530
vn -0.4308 0.6530 0.6229
vn 0.2864 0.9164 0.2797
vn -0.4724 0.6667 0.5766
vn 0.2642 0.8307 0.4901
vn -0.3875 0.7448 0.5432
vn 0.2655 0.7909 0.5514
vn -0.7183 0.4711 0.5120
vn -0.0001 0.9673 0.2537
vn -0.7207 0.6121 0.3256
vn -0.6709 0.7347 0.1009
vn -0.0041 0.9998 -0.0179
vn 0.6678 0.7366 0.1074
vn 0.7167 0.6149 0.3289
vn 0.7193 0.4471 0.5318
vn 0.5624 -0.7473 0.3540
vn 0.7473 -0.6634 -0.0391
vn 0.8901 -0.1288 0.4372
vn 0.6924 -0.1295 0.7098
vn 0.2704 -0.8084 -0.5229
vn 0.2148 -0.9203 -0.3270
vn 0.2912 -0.7437 -0.6017
vn 0.8182 -0.5491 -0.1704
vn -0.2148 -0.9203 -0.3270
vn -0.5624 -0.7473 0.3540
vn -0.2704 -0.8084 -0.5229
vn -0.7473 -0.6634 -0.0391
vn -0.8182 -0.5491 -0.1704
vn -0.9318 -0.1489 0.3311
vn -0.8901 -0.1288 0.4372
vn 0.5767 -0.0894 0.8120
vn 0.2646 -0.2577 0.9293
vn -0.0001 -0.2872 0.9579
vn -0.2646 -0.2577 0.9293
vn -0.5767 -0.0894 0.8120
vn 0.7570 0.0750 0.6491
vn 0.9095 0.1948 0.3671
vn 0.2640 -0.7904 0.5527
vn 0.3272 -0.1452 0.9337
vn -0.0001 -0.7826 0.6225
vn 0.0000 -0.1265 0.9920
vn -0.3272 -0.1452 0.9337
vn -0.2640 -0.7905 0.5527
vn -0.6924 -0.1295 0.7098
vn -0.7570 0.0750 0.6491
vn -0.9095 0.1948 0.3671
vn 0.8475 0.5305 -0.0158
vn -0.0140 0.9859 -0.1670
vn -0.8624 0.5037 0.0497
vn -0.5329 0.3761 0.7580
vn -0.0003 0.4640 0.8858
vn 0.5823 0.3486 0.7344
vn -0.0001 0.8254 0.5646
vn 0.0491 -0.9789 -0.1983
vn 0.0000 -0.9851 -0.1720
vn -0.0491 -0.9789 -0.1983
vn 0.9318 -0.1489 0.3311
vn -0.2912 -0.7437 -0.6017
vn 0.9670 0.2048 0.1518
vn -0.9670 0.2048 0.1518
vn -0.6102 -0.2314 -0.7577
vn 0.2546 -0.9024 -0.3476
vn -0.6002 -0.2676 0.7537
vn -0.0303 -0.9241 -0.3810
vn -0.3069 -0.2704 0.9125
vn -0.3871 0.9186 0.0793
vn -0.3570 0.9203 -0.1601
vn 0.7722 -0.1259 -0.6228
vn 0.1143 0.9889 -0.0945
vn 0.4917 -0.1276 0.8614
vn -0.2869 0.9571 -0.0415
vn 0.0889 -0.0251 0.9957
vn -0.3644 0.9304 -0.0387
vn -0.1320 -0.0651 0.9891
vn -0.1040 -0.1505 0.9831
vn 0.5949 0.7496 -0.2903
vn 0.3203 -0.8378 -0.4422
vn -0.0901 -0.9146 -0.3941
vn -0.1143 0.9889 -0.0945
vn -0.4917 -0.1276 0.8614
vn 0.2869 0.9571 -0.0415
vn -0.0889 -0.0251 0.9957
vn 0.3645 0.9304 -0.0387
vn 0.1320 -0.0651 0.9891
vn -0.9788 0.1499 -0.1393
vn -0.7210 0.6812 -0.1271
vn 0.6399 0.7471 0.1799
vn -0.3514 0.6006 -0.7182
vn -0.7003 -0.2564 0.6662
vn -0.0986 0.9553 0.2787
vn 0.0323 0.4571 -0.8888
vn 0.3515 0.6006 -0.7182
vn -0.5949 0.7496 -0.2903
vn -0.3203 -0.8378 -0.4422
vn 0.0902 -0.9146 -0.3941
vn -0.7722 -0.1259 -0.6228
vn 0.0249 -0.9633 0.2674
vn 0.6102 -0.2314 -0.7577
vn -0.2546 -0.9024 -0.3476
vn 0.3570 0.9203 -0.1601
vn 0.3871 0.9186 0.0793
vn 0.0303 -0.9241 -0.3810
vn -0.0249 -0.9633 0.2674
vn 0.0931 -0.2402 0.9663
vn 0.3069 -0.2704 0.9125
vn 0.6002 -0.2676 0.7537
vn 0.0986 0.9553 0.2787
vn 0.3081 -0.3895 0.8680
vn -0.0881 -0.0506 0.9948
vn -0.6399 0.7471 0.1799
vn 0.7210 0.6811 -0.1271
vn 0.9789 0.1498 -0.1393
vn 0.7004 -0.2565 0.6661
vn -0.0323 0.4571 -0.8888
vn -0.0931 -0.2402 0.9663
vn 0.1041 -0.1505 0.9831
vn -0.3082 -0.3894 0.8680
vn 0.0881 -0.0506 0.9948
# 1441 vertex normals

vt 0.9794 0.0561 0.0000
vt 0.9547 0.0518 0.0000
vt 0.9549 0.0379 0.0000
vt 0.9426 0.0380 0.0000
vt 0.9426 0.0518 0.0000
vt 0.9966 0.0514 0.0000
vt 0.9787 0.0517 0.0000
vt 0.9966 0.0371 0.0000
vt 0.9790 0.0381 0.0000
vt 0.9965 0.0517 0.0000
vt 0.9786 0.0517 0.0000
vt 0.9739 0.0517 0.0000
vt 0.9742 0.0379 0.0000
vt 0.9744 0.0517 0.0000
vt 0.9707 0.0518 0.0000
vt 0.9428 0.0380 0.0000
vt 0.9427 0.0517 0.0000
vt 0.9542 0.0379 0.0000
vt 0.9548 0.0516 0.0000
vt 0.9428 0.0517 0.0000
vt 0.9480 0.0377 0.0000
vt 0.9475 0.0744 0.0000
vt 0.9550 0.0519 0.0000
vt 0.9431 0.0365 0.0000
vt 0.9446 0.0228 0.0000
vt 0.9437 0.0256 0.0000
vt 0.9618 -0.9584 0.0000
vt 0.9624 -0.9519 0.0000
vt 0.9727 -0.9348 0.0000
vt 0.9703 -0.9581 0.0000
vt 0.9787 -0.9708 0.0000
vt 0.9788 -0.9495 0.0000
vt 0.9873 -0.9491 0.0000
vt 0.9822 -0.9623 0.0000
vt 0.9945 -0.9517 0.0000
vt 0.9901 -0.9561 0.0000
vt 0.9578 0.0130 0.0000
vt 0.9578 0.0450 0.0000
vt 0.9919 0.0445 0.0000
vt 0.9919 0.0136 0.0000
vt 0.9578 0.0469 0.0000
vt 0.9919 0.0469 0.0000
vt 0.9919 0.0104 0.0000
vt 0.9578 0.0104 0.0000
vt 0.9603 0.0046 0.0000
vt 0.9605 0.0529 0.0000
vt 0.9970 0.0526 0.0000
vt 0.9968 0.0060 0.0000
vt 0.9617 0.1436 0.0000
vt 0.9490 0.1500 0.0000
vt 0.9490 0.1673 0.0000
vt 0.9628 0.1673 0.0000
vt 0.9483 0.1557 0.0000
vt 0.9483 0.1663 0.0000
vt 0.9638 0.1663 0.0000
vt 0.9638 0.1557 0.0000
vt 0.9578 0.0529 0.0000
vt 0.9919 0.0529 0.0000
vt 0.9919 0.0066 0.0000
vt 0.9578 0.0066 0.0000
vt 1.9425 0.0051 0.0000
vt 1.9512 0.0051 0.0000
vt 1.9428 0.0085 0.0000
vt 1.9563 0.0123 0.0000
vt 1.9636 0.0077 0.0000
vt 1.9648 0.0153 0.0000
vt 1.9863 0.0152 0.0000
vt 1.9842 0.0049 0.0000
vt 1.9973 0.0287 0.0000
vt 1.9874 0.0485 0.0000
vt 1.9886 0.0565 0.0000
vt 1.9775 0.0516 0.0000
vt 1.9727 0.0515 0.0000
vt 1.9634 0.0578 0.0000
vt 1.9621 0.0522 0.0000
vt 1.9485 0.0563 0.0000
vt 1.9474 0.0534 0.0000
vt 1.9434 0.0426 0.0000
vt 1.9587 0.0323 0.0000
vt 1.9432 0.0219 0.0000
vt 0.9511 0.0378 0.0000
vt 0.7110 0.0367 0.0000
vt 0.7071 0.0219 0.0000
vt 0.9067 0.0376 0.0000
vt 0.9142 0.0049 0.0000
vt 0.7071 0.0212 0.0000
vt 0.9142 0.0056 0.0000
vt 0.8934 0.0056 0.0000
vt 0.9278 0.0056 0.0000
vt 0.9424 0.0517 0.0000
vt 0.9441 0.0044 0.0000
vt 0.9441 0.0344 0.0000
vt 0.9444 0.0041 0.0000
vt 0.9444 0.0269 0.0000
vt 0.9441 0.0536 0.0000
vt 0.9444 0.0575 0.0000
vt 0.9760 0.1673 0.0000
vt 0.9753 0.1434 0.0000
vt 0.9849 0.1673 0.0000
vt 0.9887 0.1432 0.0000
vt 0.9980 0.1432 0.0000
vt 0.9500 0.0500 0.0000
vt 0.9715 0.0689 0.0000
vt 0.9815 0.0709 0.0000
vt 0.9822 0.0893 0.0000
vt 0.9689 0.0799 0.0000
vt 0.9603 0.0756 0.0000
vt 0.1339 0.3134 0.0000
vt 0.0352 0.3134 0.0000
vt 0.1326 0.2305 0.0000
vt 0.0352 0.2304 0.0000
vt 0.0065 0.2311 0.0000
vt 0.1828 0.2311 0.0000
vt 0.0055 0.3115 0.0000
vt 0.1839 0.3115 0.0000
vt 0.2324 0.2311 0.0000
vt 0.2440 0.3115 0.0000
vt 0.2521 0.7057 0.0000
vt 0.2521 0.6140 0.0000
vt 0.2521 0.7062 0.0000
vt 0.2521 0.6145 0.0000
vt 0.1577 0.9187 0.0000
vt 0.1593 0.9191 0.0000
vt 0.1575 0.9968 0.0000
vt 0.1596 0.9968 0.0000
vt 0.1603 0.9968 0.0000
vt 0.1603 0.9162 0.0000
vt 0.1575 0.9162 0.0000
vt 0.0355 0.3127 0.0000
vt 0.1265 0.3128 0.0000
vt 0.0355 0.2305 0.0000
vt 0.1004 0.2662 0.0000
vt 0.1058 0.2319 0.0000
vt 0.2094 0.3132 0.0000
vt 0.3262 0.3132 0.0000
vt 0.3262 0.2289 0.0000
vt 0.2699 0.2782 0.0000
vt 0.2717 0.2292 0.0000
vt 0.2664 0.2291 0.0000
vt 0.2521 0.6142 0.0000
vt 0.2521 0.7055 0.0000
vt 0.2521 0.7056 0.0000
vt 0.1842 0.7086 0.0000
vt 0.1841 0.6114 0.0000
vt 0.3258 0.2307 0.0000
vt 0.2183 0.2311 0.0000
vt 0.2179 0.2876 0.0000
vt 0.2740 0.3140 0.0000
vt 0.2841 0.3139 0.0000
vt 0.3258 0.3141 0.0000
vt 0.0214 0.3106 0.0000
vt 0.0349 0.2313 0.0000
vt 0.1280 0.3111 0.0000
vt 0.1345 0.2312 0.0000
vt 0.8622 0.4915 0.0000
vt 0.9945 0.4865 0.0000
vt 0.7883 0.3639 0.0000
vt 0.8937 0.3139 0.0000
vt 0.9952 0.3403 0.0000
vt 0.9956 0.2279 0.0000
vt 0.9169 0.2279 0.0000
vt 0.0067 0.3115 0.0000
vt 0.1591 0.3115 0.0000
vt 0.4033 0.2311 0.0000
vt 0.4055 0.3115 0.0000
vt 0.0943 0.2306 0.0000
vt 0.1291 0.2590 0.0000
vt 0.0355 0.2306 0.0000
vt 0.0355 0.3132 0.0000
vt 0.1368 0.3132 0.0000
vt 0.3259 0.3104 0.0000
vt 0.3258 0.2304 0.0000
vt 0.2242 0.2306 0.0000
vt 0.2255 0.3113 0.0000
vt 0.4051 0.3115 0.0000
vt 0.2004 0.3115 0.0000
vt 0.1596 0.9162 0.0000
vt 0.2432 0.6761 0.0000
vt 0.2049 0.6696 0.0000
vt 0.2431 0.6648 0.0000
vt 0.9688 -0.9710 0.0000
vt 0.9572 -0.9698 0.0000
vt 0.0248 0.1178 0.0000
vt 0.0957 0.0979 0.0000
vt 0.0240 0.0979 0.0000
vt 0.0668 0.0709 0.0000
vt 0.0251 0.0684 0.0000
vt 0.0672 0.0422 0.0000
vt 0.0368 0.0238 0.0000
vt 0.1182 0.0192 0.0000
vt 0.3734 0.0456 0.0000
vt 0.3546 0.0166 0.0000
vt 0.4059 0.0465 0.0000
vt 0.3441 0.0716 0.0000
vt 0.4019 0.0699 0.0000
vt 0.3736 0.0986 0.0000
vt 0.2961 0.0977 0.0000
vt 0.4074 0.2323 0.0000
vt 0.2433 0.2323 0.0000
vt 0.4058 0.3128 0.0000
vt 0.2442 0.3128 0.0000
vt 0.1855 0.2323 0.0000
vt 0.1841 0.3128 0.0000
vt 0.0060 0.2323 0.0000
vt 0.0058 0.3128 0.0000
vt 0.0274 0.7081 0.0000
vt 0.1059 0.7078 0.0000
vt 0.0258 0.6091 0.0000
vt 0.1094 0.6090 0.0000
vt 0.1944 0.6090 0.0000
vt 0.1943 0.7078 0.0000
vt 0.5879 1.3958 0.0000
vt 0.6052 1.1624 0.0000
vt 0.5068 1.3947 0.0000
vt 0.5043 1.1536 0.0000
vt 0.5027 1.0048 0.0000
vt 0.3258 0.3300 0.0000
vt 0.3265 0.4402 0.0000
vt 0.4226 0.3334 0.0000
vt 0.4321 0.3783 0.0000
vt 0.3268 0.4899 0.0000
vt 0.4162 0.4908 0.0000
vt 0.4954 0.4904 0.0000
vt 0.4939 0.3933 0.0000
vt 0.4951 0.3365 0.0000
vt 0.9611 0.0529 0.0000
vt 0.9609 0.0066 0.0000
vt 0.9493 0.0529 0.0000
vt 0.9493 0.0066 0.0000
vt 0.9532 -0.9573 0.0000
vt 0.9497 -0.9620 0.0000
vt 0.9467 -0.9679 0.0000
vt 0.9494 0.0529 0.0000
vt 0.9492 0.0046 0.0000
vt 0.9658 0.0526 0.0000
vt 0.9656 0.0060 0.0000
vt 0.9423 0.1579 0.0000
vt 0.9422 0.1642 0.0000
vt 0.9488 0.1634 0.0000
vt 0.9653 0.1577 0.0000
vt 1.9735 0.0291 0.0000
vt 0.0057 0.2311 0.0000
vt 0.1852 0.2311 0.0000
vt 0.0042 0.3115 0.0000
vt 0.1796 0.3115 0.0000
vt 0.2430 0.2311 0.0000
vt 0.2468 0.3115 0.0000
vt 0.4071 0.2311 0.0000
vt 0.4060 0.3115 0.0000
vt 0.4055 0.2311 0.0000
vt 0.2415 0.2311 0.0000
vt 0.1801 0.2311 0.0000
vt 0.0028 0.2311 0.0000
vt 0.3258 0.3122 0.0000
vt 0.3258 0.2191 0.0000
vt 0.2417 0.3119 0.0000
vt 0.2466 0.2189 0.0000
vt 0.2876 0.1214 0.0000
vt 0.3873 0.1255 0.0000
vt 0.3930 0.1489 0.0000
vt 0.2847 0.1573 0.0000
vt 0.3958 0.2154 0.0000
vt 0.2860 0.2151 0.0000
vt 0.1039 0.1529 0.0000
vt 0.0986 0.2149 0.0000
vt 0.0277 0.2120 0.0000
vt 0.0300 0.1521 0.0000
vt 0.0719 0.1183 0.0000
vt 0.9467 0.1654 0.0000
vt 0.9449 0.1557 0.0000
vt 0.9659 0.1654 0.0000
vt 0.9630 0.1557 0.0000
vt 0.9854 0.0811 0.0000
vt 0.9864 0.1218 0.0000
vt 0.9803 0.0901 0.0000
vt 0.9807 0.1216 0.0000
vt 0.9765 0.1215 0.0000
vt 0.9767 0.0894 0.0000
vt 0.9709 0.1215 0.0000
vt 0.9716 0.0883 0.0000
vt 0.9701 0.1215 0.0000
vt 0.9686 0.0881 0.0000
vt 0.6999 0.3338 0.0000
vt 0.7320 0.2280 0.0000
vt 0.6310 0.2280 0.0000
vt 0.8276 0.2279 0.0000
vt 0.8303 0.3089 0.0000
vt 0.9685 0.7528 0.0000
vt 0.9407 0.8465 0.0000
vt 0.9299 0.7456 0.0000
vt 0.9082 0.8187 0.0000
vt 0.8445 0.8511 0.0000
vt 0.8543 0.8758 0.0000
vt 0.7794 0.8496 0.0000
vt 0.7775 0.8652 0.0000
vt 0.7023 0.8519 0.0000
vt 0.7174 0.8315 0.0000
vt 0.6506 0.7870 0.0000
vt 0.6771 0.7759 0.0000
vt 0.6600 0.7020 0.0000
vt 0.6820 0.7061 0.0000
vt 0.7038 0.6337 0.0000
vt 0.7187 0.6490 0.0000
vt 0.8169 0.6307 0.0000
vt 0.8205 0.6149 0.0000
vt 0.9247 0.6474 0.0000
vt 0.9006 0.6666 0.0000
vt 0.8765 0.6858 0.0000
vt 0.8913 0.7384 0.0000
vt 0.8758 0.7908 0.0000
vt 0.8348 0.8264 0.0000
vt 0.7814 0.8340 0.0000
vt 0.7325 0.8110 0.0000
vt 0.7036 0.7649 0.0000
vt 0.7040 0.7102 0.0000
vt 0.7335 0.6644 0.0000
vt 0.8132 0.6464 0.0000
vt 0.9802 0.0669 0.0000
vt 0.9621 0.0322 0.0000
vt 0.9705 0.0671 0.0000
vt 0.9650 0.0668 0.0000
vt 0.9547 0.0314 0.0000
vt 0.9553 0.0646 0.0000
vt 0.9435 0.0295 0.0000
vt 0.9524 0.0049 0.0000
vt 0.9506 0.0039 0.0000
vt 0.9548 0.0047 0.0000
vt 0.9603 0.0048 0.0000
vt 0.9746 0.0322 0.0000
vt 0.9718 0.0047 0.0000
vt 0.9958 0.0040 0.0000
vt 0.9959 0.0299 0.0000
vt 0.9962 0.0648 0.0000
vt 2.9434 0.2032 0.0000
vt 2.9843 0.2030 0.0000
vt 2.9127 0.2033 0.0000
vt 2.8750 0.2035 0.0000
vt 2.8471 0.2036 0.0000
vt 2.8939 0.2034 0.0000
vt 2.8326 0.2037 0.0000
vt 2.8680 0.2035 0.0000
vt 2.7017 0.2043 0.0000
vt 2.7017 0.2038 0.0000
vt 2.7017 0.2039 0.0000
vt 2.7017 0.2042 0.0000
vt 0.8363 0.0212 0.0000
vt 0.7221 0.8347 0.0000
vt 0.6566 0.8515 0.0000
vt 0.6668 0.8274 0.0000
vt 0.5907 0.8198 0.0000
vt 0.6243 0.7926 0.0000
vt 0.5682 0.7485 0.0000
vt 0.6082 0.7415 0.0000
vt 0.5986 0.6714 0.0000
vt 0.6235 0.6902 0.0000
vt 0.6891 0.6518 0.0000
vt 0.6853 0.6364 0.0000
vt 0.7871 0.6543 0.0000
vt 0.1953 0.9193 0.0000
vt 0.9253 0.0061 0.0000
vt 0.9571 0.1549 0.0000
vt 0.9415 0.1549 0.0000
vt 0.9443 0.1662 0.0000
vt 0.9571 0.1662 0.0000
vt 0.9811 0.0026 0.0000
vt 0.9776 0.0334 0.0000
vt 0.9965 0.0122 0.0000
vt 0.9973 0.0337 0.0000
vt 0.9966 0.0322 0.0000
vt 0.9917 0.0133 0.0000
vt 0.9443 0.1549 0.0000
vt 0.9599 0.1549 0.0000
vt 0.9599 0.1662 0.0000
vt 0.9415 0.1662 0.0000
vt 1.9379 1.0242 0.0000
vt 1.9189 1.0250 0.0000
vt 1.9389 1.0248 0.0000
vt 1.9385 1.0251 0.0000
vt 1.9247 1.0251 0.0000
vt 1.9248 1.0253 0.0000
vt 1.9389 1.0252 0.0000
vt 1.9232 1.0256 0.0000
vt 1.9390 1.0254 0.0000
vt 1.9235 1.0257 0.0000
vt 1.9390 1.0258 0.0000
vt 1.9236 1.0258 0.0000
vt 1.9392 1.0261 0.0000
vt 1.9387 1.0269 0.0000
vt 1.9332 1.0269 0.0000
vt 2.6634 0.2044 0.0000
vt -0.1616 0.0222 0.0000
vt -0.2710 0.0190 0.0000
vt -0.0746 0.0224 0.0000
vt -0.2691 0.0227 0.0000
vt -0.0959 0.0226 0.0000
vt -0.2160 0.0231 0.0000
vt -0.0985 0.0228 0.0000
vt -0.1852 0.0233 0.0000
vt -0.0919 0.0229 0.0000
vt 0.8765 0.0212 0.0000
vt 0.7771 0.1081 0.0000
vt 0.7771 0.0925 0.0000
vt 0.7609 0.0925 0.0000
vt 0.7609 0.1081 0.0000
vt 0.8642 0.0213 0.0000
vt 0.6465 0.8756 0.0000
vt 0.5570 0.8470 0.0000
vt 0.5282 0.7556 0.0000
vt 0.5736 0.6527 0.0000
vt 0.6815 0.6210 0.0000
vt 0.8024 0.6393 0.0000
vt 0.8250 0.7100 0.0000
vt 0.8478 0.7059 0.0000
vt 0.8301 0.7781 0.0000
vt 0.8576 0.7889 0.0000
vt 0.7884 0.8323 0.0000
vt 0.8040 0.8522 0.0000
vt 0.7241 0.8500 0.0000
vt 0.7261 0.8652 0.0000
vt 0.7728 0.8124 0.0000
vt 0.8026 0.7674 0.0000
vt 0.8022 0.7140 0.0000
vt 0.7717 0.6693 0.0000
vt 0.9526 0.0950 0.0000
vt 0.7150 0.0211 0.0000
vt 0.8921 0.0056 0.0000
vt 0.8897 0.0216 0.0000
vt 0.8598 0.0216 0.0000
vt 0.9521 0.0937 0.0000
vt -0.2872 0.0245 0.0000
vt -0.0789 0.0245 0.0000
vt -0.2686 0.0237 0.0000
vt -0.0877 0.0240 0.0000
vt -0.2162 0.0235 0.0000
vt -0.2678 0.0231 0.0000
vt -0.2084 0.0234 0.0000
vt -0.0860 0.0237 0.0000
vt 0.9585 0.0544 0.0000
vt 0.9943 0.0659 0.0000
vt 0.9821 0.0654 0.0000
vt 0.9475 0.0662 0.0000
vt 0.9426 0.0344 0.0000
vt 0.9427 0.0049 0.0000
vt 0.9585 0.0949 0.0000
vt 0.9443 0.1544 0.0000
vt 0.9443 0.1667 0.0000
vt 0.9599 0.1543 0.0000
vt 0.9599 0.1666 0.0000
vt 0.7612 0.1084 0.0000
vt 0.7768 0.1084 0.0000
vt 0.7768 0.0922 0.0000
vt 0.7612 0.0922 0.0000
vt 0.9442 0.1495 0.0000
vt 0.9474 0.1495 0.0000
vt 0.9465 0.1561 0.0000
vt 0.9668 0.1681 0.0000
vt 0.9503 0.1678 0.0000
vt 1.4405 2.2055 0.0000
vt 1.6833 2.2617 0.0000
vt 1.2474 2.3290 0.0000
vt 1.4949 2.4838 0.0000
vt 1.7743 2.5767 0.0000
vt 1.7731 2.4055 0.0000
vt 1.5514 2.1957 0.0000
vt 1.7386 2.3233 0.0000
vt 1.3160 2.2537 0.0000
vt 1.4986 2.4832 0.0000
vt 1.7364 2.6630 0.0000
vt 1.7824 2.4933 0.0000
vt 1.2289 2.4023 0.0000
vt 1.2277 2.5793 0.0000
vt 1.3129 2.7287 0.0000
vt 1.6152 2.7784 0.0000
vt 1.4574 2.8029 0.0000
vt 1.6865 2.7212 0.0000
vt 1.3747 2.7693 0.0000
vt 1.5375 2.7930 0.0000
vt 1.2497 2.6577 0.0000
vt 1.2023 2.4935 0.0000
vt 0.7951 0.1239 0.0000
vt 0.8166 0.1455 0.0000
vt 0.7283 0.1239 0.0000
vt 0.7221 0.1456 0.0000
vt 0.7891 0.1239 0.0000
vt 0.7231 0.1239 0.0000
vt 0.7401 0.1242 0.0000
vt 0.9830 0.1478 0.0000
vt 0.7451 0.1238 0.0000
vt 0.7283 0.1455 0.0000
vt 0.7877 0.1238 0.0000
vt 0.7910 0.1455 0.0000
vt 0.7283 0.1670 0.0000
vt 0.7799 0.1670 0.0000
vt 0.7766 0.1238 0.0000
vt 0.8241 0.1457 0.0000
vt 0.7003 0.1238 0.0000
vt 0.7166 0.1456 0.0000
vt 0.7114 0.1238 0.0000
vt 0.7830 0.1238 0.0000
vt 0.9720 0.1595 0.0000
vt 0.9515 0.0104 0.0000
vt 0.9431 0.0340 0.0000
vt 0.9578 0.0098 0.0000
vt 0.9541 0.0327 0.0000
vt 0.9472 0.0513 0.0000
vt 0.9518 0.0508 0.0000
vt 0.9764 0.0300 0.0000
vt 0.9714 0.0583 0.0000
vt 0.9917 0.0315 0.0000
vt 0.9838 0.0547 0.0000
vt 0.9965 0.0292 0.0000
vt 0.9940 0.0026 0.0000
vt 0.9823 0.0022 0.0000
vt 0.9627 0.0602 0.0000
vt 0.9497 0.0124 0.0000
vt 0.9453 0.0289 0.0000
vt 0.9700 0.0028 0.0000
vt 0.9659 0.0328 0.0000
vt 0.9524 0.0491 0.0000
vt 0.9745 0.0535 0.0000
vt 0.9801 0.0289 0.0000
vt 0.9861 0.0486 0.0000
vt 0.9885 0.0326 0.0000
vt 0.9893 0.0149 0.0000
vt 0.9497 0.0097 0.0000
vt 0.9413 0.0339 0.0000
vt 0.9577 0.0110 0.0000
vt 0.9545 0.0325 0.0000
vt 0.9510 0.0515 0.0000
vt 0.9577 0.0516 0.0000
vt 0.9807 0.0325 0.0000
vt 0.9769 0.0616 0.0000
vt 0.9924 0.0284 0.0000
vt 0.9921 0.0530 0.0000
vt 0.9970 0.0274 0.0000
vt 0.9939 0.0075 0.0000
vt 0.9794 0.0030 0.0000
vt 0.9566 0.0103 0.0000
vt 0.9440 0.0299 0.0000
vt 0.9637 0.0121 0.0000
vt 0.9559 0.0297 0.0000
vt 0.9490 0.0568 0.0000
vt 0.9586 0.0547 0.0000
vt 0.9788 0.0302 0.0000
vt 0.9751 0.0591 0.0000
vt 0.9904 0.0292 0.0000
vt 0.9855 0.0551 0.0000
vt 0.9935 0.0308 0.0000
vt 0.9943 0.0030 0.0000
vt 0.9845 0.0016 0.0000
vt 0.7078 0.1238 0.0000
vt 0.7089 0.1454 0.0000
vt 0.8213 0.1238 0.0000
vt 0.8205 0.1453 0.0000
vt 0.8179 0.1667 0.0000
vt 0.7081 0.1668 0.0000
vt 0.7411 0.0805 0.0000
vt 0.7339 0.0804 0.0000
vt 0.7422 0.0685 0.0000
vt 0.7350 0.0688 0.0000
vt 0.7535 0.1239 0.0000
vt 0.7529 0.1453 0.0000
vt 0.8401 0.1238 0.0000
vt 0.8571 0.1453 0.0000
vt 0.8397 0.1671 0.0000
vt 0.7527 0.1671 0.0000
vt 0.7240 0.1668 0.0000
vt 0.7228 0.1453 0.0000
vt 0.7230 0.1238 0.0000
vt 0.7290 0.0707 0.0000
vt 0.7387 0.0708 0.0000
vt 0.7336 0.0799 0.0000
vt 0.7440 0.0793 0.0000
vt 0.7445 0.0712 0.0000
vt 0.7483 0.0803 0.0000
vt 0.7558 0.0724 0.0000
vt 0.8235 0.0764 0.0000
vt 0.7938 0.0791 0.0000
vt 0.7677 0.0699 0.0000
vt 0.7776 0.0804 0.0000
vt 0.1460 0.9838 0.0000
vt 0.1457 0.9809 0.0000
vt 0.0052 0.9809 0.0000
vt 0.0051 0.9838 0.0000
vt 0.1442 0.9226 0.0000
vt 0.1442 0.9646 0.0000
vt 0.0055 0.9646 0.0000
vt 0.0055 0.9226 0.0000
vt 0.1442 0.9376 0.0000
vt 0.1442 0.9270 0.0000
vt 0.0055 0.9270 0.0000
vt 0.0055 0.9376 0.0000
vt 0.7888 0.0741 0.0000
vt 0.7951 0.0802 0.0000
vt 0.1458 0.9809 0.0000
vt 0.1458 0.9793 0.0000
vt 0.0052 0.9793 0.0000
vt 0.1461 0.9838 0.0000
vt 0.0051 0.9824 0.0000
vt 0.1460 0.9825 0.0000
vt 0.0052 0.9810 0.0000
vt 0.1458 0.9810 0.0000
vt 0.0051 0.9810 0.0000
vt 0.0500 0.9736 0.0000
vt 0.0501 0.9912 0.0000
vt 0.0830 0.9737 0.0000
vt 0.0839 0.9911 0.0000
vt 0.0839 0.9736 0.0000
vt 0.0838 0.9912 0.0000
vt 0.0509 0.9737 0.0000
vt 0.0500 0.9911 0.0000
vt 0.8051 0.0800 0.0000
vt 0.8077 0.0733 0.0000
vt 0.0495 0.9911 0.0000
vt 0.0821 0.9911 0.0000
vt 0.0497 0.9737 0.0000
vt 0.0817 0.9912 0.0000
vt 0.0817 0.9742 0.0000
vt 0.0508 0.9911 0.0000
vt 0.0508 0.9742 0.0000
vt 0.2172 0.9828 0.0000
vt 0.2718 0.9828 0.0000
vt 0.2162 0.9806 0.0000
vt 0.2712 0.9805 0.0000
vt 0.2795 0.7287 0.0000
vt 0.3807 0.7323 0.0000
vt 0.2792 0.7345 0.0000
vt 0.4051 0.7375 0.0000
vt 0.4715 0.7379 0.0000
vt 0.4063 0.7489 0.0000
vt 0.4718 0.7470 0.0000
vt 0.3896 0.7533 0.0000
vt 0.2790 0.7513 0.0000
vt 0.2799 0.7583 0.0000
vt 0.2128 0.9821 0.0000
vt 0.2546 0.9828 0.0000
vt 0.2499 0.9819 0.0000
vt 0.0507 0.9911 0.0000
vt 0.0840 0.9911 0.0000
vt 0.0507 0.9832 0.0000
vt 0.0840 0.9832 0.0000
vt 0.0507 0.9736 0.0000
vt 0.0840 0.9736 0.0000
vt 0.0381 0.4579 0.0000
vt 0.1191 0.4576 0.0000
vt 0.0120 0.3515 0.0000
vt 0.1014 0.3379 0.0000
vt 0.2275 0.4421 0.0000
vt 0.2266 0.3474 0.0000
vt 0.2062 0.9802 0.0000
vt 0.3629 0.9802 0.0000
vt 0.2069 0.9816 0.0000
vt 0.3636 0.9813 0.0000
vt 0.2078 0.9833 0.0000
vt 0.3647 0.9832 0.0000
vt 0.1805 0.9802 0.0000
vt 0.3646 0.9802 0.0000
vt 0.1796 0.9813 0.0000
vt 0.3635 0.9832 0.0000
vt 0.1781 0.9833 0.0000
vt 0.0180 0.4655 0.0000
vt 0.1145 0.4728 0.0000
vt 0.0505 0.3226 0.0000
vt 0.1286 0.3247 0.0000
vt 0.2241 0.4248 0.0000
vt 0.2165 0.3296 0.0000
vt 0.3212 0.5238 0.0000
vt 0.2891 0.5226 0.0000
vt 0.4109 0.5686 0.0000
vt 0.3394 0.5743 0.0000
vt 0.2882 0.6628 0.0000
vt 0.3288 0.6618 0.0000
vt 0.2853 0.7783 0.0000
vt 0.3066 0.7788 0.0000
vt 0.2898 0.8870 0.0000
vt 0.4011 0.7828 0.0000
vt 0.3349 0.9108 0.0000
vt 0.4729 0.7841 0.0000
vt 0.3958 0.6614 0.0000
vt 0.4801 0.6618 0.0000
vt 0.1782 0.9832 0.0000
vt 0.1801 0.9802 0.0000
vt 0.3654 0.9832 0.0000
vt 0.3651 0.9802 0.0000
vt 0.2261 0.7146 0.0000
vt 0.0084 0.7146 0.0000
vt 0.2267 0.7858 0.0000
vt 0.0084 0.7857 0.0000
vt 0.2277 0.9044 0.0000
vt 0.0083 0.9043 0.0000
vt 0.2262 0.8665 0.0000
vt 0.0072 0.8649 0.0000
vt 0.2266 0.7146 0.0000
vt 0.0092 0.7146 0.0000
vt 0.3634 0.9832 0.0000
vt 0.1821 0.9832 0.0000
vt 0.3636 0.9821 0.0000
vt 0.1822 0.9821 0.0000
vt 0.3640 0.9802 0.0000
vt 0.1824 0.9802 0.0000
vt 0.2502 0.9830 0.0000
vt 0.3282 0.9830 0.0000
vt 0.2493 0.9804 0.0000
vt 0.3275 0.9804 0.0000
vt 0.3181 0.9802 0.0000
vt 0.3178 0.9832 0.0000
vt 0.1750 0.9802 0.0000
vt 0.1770 0.9832 0.0000
vt 0.3624 0.9810 0.0000
vt 0.3623 0.9824 0.0000
vt 0.3501 0.9810 0.0000
vt 0.3501 0.9824 0.0000
vt 0.3638 0.9832 0.0000
vt 0.2156 0.9832 0.0000
vt 0.3638 0.9802 0.0000
vt 0.2158 0.9802 0.0000
vt 0.0673 0.9910 0.0000
vt 0.1432 0.9909 0.0000
vt 0.0672 0.9789 0.0000
vt 0.1432 0.9790 0.0000
vt 0.2049 0.9832 0.0000
vt 0.2046 0.9803 0.0000
vt 0.2953 0.9819 0.0000
vt 0.1831 0.9802 0.0000
vt 0.3258 0.9802 0.0000
vt 0.1816 0.9832 0.0000
vt 0.3246 0.9832 0.0000
vt 0.2512 0.9831 0.0000
vt 0.1821 0.9831 0.0000
vt 0.3178 0.9803 0.0000
vt 0.1824 0.9803 0.0000
vt 0.2604 0.9802 0.0000
vt 0.3635 0.9802 0.0000
vt 0.2608 0.9832 0.0000
vt 0.3641 0.9832 0.0000
vt 0.0687 0.9763 0.0000
vt 0.0687 0.9932 0.0000
vt 0.1085 0.9762 0.0000
vt 0.1084 0.9931 0.0000
vt 0.1089 0.9764 0.0000
vt 0.0684 0.9767 0.0000
vt 0.1089 0.9930 0.0000
vt 0.0685 0.9928 0.0000
vt 0.1095 0.9762 0.0000
vt 0.0686 0.9931 0.0000
vt 0.1095 0.9931 0.0000
vt 0.0686 0.9762 0.0000
vt 0.2715 0.9817 0.0000
vt 0.1105 0.9847 0.0000
vt 0.0706 0.9862 0.0000
vt 0.1107 0.9877 0.0000
vt 0.1088 0.9762 0.0000
vt 0.0685 0.9847 0.0000
vt 0.1089 0.9931 0.0000
vt 0.0503 0.9749 0.0000
vt 0.0823 0.9749 0.0000
vt 0.0822 0.9902 0.0000
vt 0.0502 0.9902 0.0000
vt 0.1442 0.9227 0.0000
vt 0.1442 0.9644 0.0000
vt 0.0055 0.9227 0.0000
vt 0.0055 0.9644 0.0000
vt 0.2932 0.9832 0.0000
vt 0.2916 0.9802 0.0000
vt 0.2616 0.9832 0.0000
vt 0.2598 0.9802 0.0000
vt 0.3639 0.9803 0.0000
vt 0.2485 0.9803 0.0000
vt 0.3629 0.9832 0.0000
vt 0.2496 0.9832 0.0000
vt 0.0457 0.3379 0.0000
vt 0.0195 0.4443 0.0000
vt 0.1266 0.3382 0.0000
vt 0.1089 0.4579 0.0000
vt 0.2350 0.3537 0.0000
vt 0.2342 0.4483 0.0000
vt 0.9722 0.0784 0.0000
vt 0.9716 0.0788 0.0000
vt 0.9721 0.1691 0.0000
vt 0.9716 0.1673 0.0000
vt 0.9713 0.0778 0.0000
vt 0.9718 0.0750 0.0000
vt 0.9724 0.1654 0.0000
vt 0.9736 0.1659 0.0000
vt 0.9725 0.0741 0.0000
vt 0.9737 0.1674 0.0000
vt 0.9726 0.0752 0.0000
vt 0.9731 0.1700 0.0000
vt 0.2167 0.9817 0.0000
vt 0.2437 0.9806 0.0000
vt 0.0671 0.9790 0.0000
vt 0.0672 0.9910 0.0000
vt 0.1087 0.9765 0.0000
vt 0.0685 0.9765 0.0000
vt 0.0687 0.9930 0.0000
vt 0.1088 0.9930 0.0000
vt 0.8191 0.0716 0.0000
vt 0.8329 0.0811 0.0000
vt 0.8267 0.0710 0.0000
vt 0.8255 0.0711 0.0000
vt 0.8133 0.0727 0.0000
vt 0.8000 0.0801 0.0000
vt 0.8106 0.0695 0.0000
vt 0.7977 0.0718 0.0000
vt 0.7869 0.0785 0.0000
vt 0.7882 0.0729 0.0000
vt 0.7860 0.0795 0.0000
vt 0.7748 0.0713 0.0000
vt 0.7695 0.0799 0.0000
vt 0.7671 0.0725 0.0000
vt 0.7561 0.0691 0.0000
vt 0.7476 0.0802 0.0000
vt 0.7441 0.0714 0.0000
vt 0.7438 0.0798 0.0000
vt 0.7315 0.0760 0.0000
vt 0.7383 0.0805 0.0000
vt 0.7270 0.0725 0.0000
vt 0.7295 0.0803 0.0000
vt 0.7309 0.0808 0.0000
vt 0.7751 0.0705 0.0000
vt 0.7884 0.0731 0.0000
vt 0.7884 0.0697 0.0000
vt 0.4969 1.0030 0.0000
vt 0.4973 1.0337 0.0000
vt 0.4175 1.0044 0.0000
vt 0.4175 1.0416 0.0000
vt 0.4175 1.1086 0.0000
vt 0.4972 1.0782 0.0000
vt 0.4175 1.2117 0.0000
vt 0.4973 1.1760 0.0000
vt 0.4973 1.2142 0.0000
vt 0.4175 1.2363 0.0000
vt 0.4973 1.2353 0.0000
vt 0.4176 1.3022 0.0000
vt 0.4891 1.3022 0.0000
vt 0.4590 1.3136 0.0000
vt 0.3062 0.9824 0.0000
vt 0.3065 0.9810 0.0000
vt 0.2886 0.9824 0.0000
vt 0.3625 0.9810 0.0000
vt 0.3623 0.9817 0.0000
vt 0.2999 0.9810 0.0000
vt 0.2998 0.9824 0.0000
vt 0.0351 0.3298 0.0000
vt 0.0622 0.4617 0.0000
vt 0.1156 0.3226 0.0000
vt 0.1274 0.4706 0.0000
vt 0.2070 0.3705 0.0000
vt 0.2007 0.4657 0.0000
vt 2.9877 0.1805 0.0000
vt 2.7687 0.1811 0.0000
vt 2.9908 0.1804 0.0000
vt 2.9421 0.1811 0.0000
vt 2.6758 0.1829 0.0000
vt 2.7473 0.1818 0.0000
vt 2.7074 0.1834 0.0000
vt 2.6903 0.1845 0.0000
vt 2.6811 0.1850 0.0000
vt 2.6883 0.1846 0.0000
vt 0.1210 0.5742 0.0000
vt 2.7230 0.1824 0.0000
vt 2.8931 0.1818 0.0000
vt 2.9422 0.1811 0.0000
vt 0.1159 0.5806 0.0000
vt 0.1159 0.5124 0.0000
vt 0.0211 0.5124 0.0000
vt 0.0211 0.5806 0.0000
vt 0.0997 0.5473 0.0000
vt 0.1210 0.5099 0.0000
vt 0.0599 0.5742 0.0000
vt 0.0599 0.5099 0.0000
vt 2.9862 0.1805 0.0000
vt 2.6909 0.1844 0.0000
vt 2.6830 0.1849 0.0000
vt 0.2012 0.9187 0.0000
vt 0.2645 0.9194 0.0000
vt 0.2644 0.9194 0.0000
vt 0.2646 0.9194 0.0000
vt 0.2636 0.9194 0.0000
vt 0.2641 0.9194 0.0000
vt 0.2643 0.9194 0.0000
vt 0.2642 0.9194 0.0000
vt 0.2639 0.9194 0.0000
vt 0.2630 0.9193 0.0000
vt 0.2629 0.9193 0.0000
# 885 texture coords

g CrashBandicoot
usemtl material_158
s 1
f 97/31/97 99/31/98 98/31/99 
f 98/31/99 99/31/98 100/31/100 
f 99/31/98 101/31/101 100/31/100 
f 100/31/100 101/31/101 102/31/102 
f 103/31/103 102/31/102 101/31/101 
f 103/31/103 101/31/101 104/31/104 
f 105/31/105 106/31/106 103/31/103 
f 103/31/103 106/31/106 102/31/102 
f 106/31/106 107/31/107 102/31/102 
f 102/31/102 107/31/107 108/31/108 
f 100/31/100 102/31/102 108/31/108 
f 100/31/100 108/31/108 109/31/109 
f 98/31/99 100/31/100 109/31/109 
f 98/31/99 109/31/109 110/31/110 
f 109/31/109 111/31/111 110/31/110 
f 110/31/110 111/31/111 112/31/112 
f 113/31/113 112/31/112 111/31/111 
f 113/31/113 111/31/111 114/31/114 
f 114/31/114 115/31/115 113/31/113 
f 113/31/113 115/31/115 116/31/116 
f 115/31/115 117/31/117 116/31/116 
f 116/31/116 117/31/117 118/31/118 
f 117/31/117 119/31/119 118/31/118 
f 118/31/118 119/31/119 120/31/120 
f 119/31/119 121/31/121 120/31/120 
f 117/32/117 122/33/122 123/34/123 
f 119/35/119 117/32/117 123/34/123 
f 107/36/107 124/37/124 108/38/108 
f 108/38/108 124/37/124 125/39/125 
f 109/40/109 108/38/108 125/39/125 
f 109/40/109 125/39/125 111/41/111 
f 114/42/114 111/41/111 125/39/125 
f 114/42/114 125/39/125 126/43/126 
f 125/39/125 124/37/124 126/43/126 
f 126/43/126 124/37/124 127/44/127 
f 127/44/127 128/45/128 126/43/126 
f 126/43/126 128/45/128 129/46/129 
f 128/45/128 130/47/130 129/46/129 
f 129/46/129 130/47/130 122/48/122 
f 122/48/122 117/49/117 129/46/129 
f 129/46/129 117/49/117 115/50/115 
f 126/43/126 129/46/129 115/50/115 
f 126/43/126 115/50/115 114/42/114 
f 123/51/123 122/48/122 131/52/131 
f 131/52/131 122/48/122 132/53/132 
f 122/48/122 130/47/130 132/53/132 
f 120/54/120 121/54/121 133/55/133 
f 133/55/133 134/55/134 120/54/120 
f 120/54/120 134/55/134 135/55/135 
f 136/55/136 138/55/137 137/55/138 
f 137/55/138 138/55/137 139/55/139 
f 140/55/140 137/55/138 139/55/139 
f 140/55/140 139/55/139 141/56/141 
f 139/55/139 142/56/142 141/56/141 
f 144/57/143 143/58/144 145/59/145 
f 146/60/146 144/57/143 145/59/145 
f 146/60/146 145/59/145 147/61/147 
f 145/59/145 148/62/148 147/61/147 
f 147/61/147 148/62/148 149/63/149 
f 150/64/150 147/61/147 149/63/149 
f 150/64/150 149/63/149 151/65/151 
f 151/65/151 152/66/152 150/64/150 
f 150/64/150 152/66/152 153/65/153 
f 153/65/153 154/63/154 150/64/150 
f 150/64/150 154/63/154 147/61/147 
f 154/63/154 155/62/155 147/61/147 
f 147/61/147 155/62/155 156/59/156 
f 157/60/157 147/61/147 156/59/156 
f 157/60/157 156/59/156 158/57/158 
f 156/59/156 159/58/159 158/57/158 
f 161/67/160 160/68/161 162/69/162 
f 163/70/163 161/67/160 162/69/162 
f 140/55/140 164/55/164 143/55/144 
f 143/55/144 164/55/164 145/55/145 
f 165/55/165 145/55/145 164/55/164 
f 165/55/165 164/55/164 166/55/166 
f 164/55/164 120/55/120 166/55/166 
f 166/55/166 120/55/120 135/55/135 
f 167/55/167 166/55/166 135/55/135 
f 168/71/168 160/72/161 161/73/160 
f 169/74/169 168/71/168 161/73/160 
f 171/75/170 170/76/171 163/77/163 
f 162/78/162 171/75/170 163/77/163 
f 173/79/172 172/80/173 174/81/174 
f 175/82/175 173/79/172 174/81/174 
f 175/82/175 174/81/174 176/79/176 
f 174/81/174 177/80/177 176/79/176 
f 179/83/178 178/84/179 180/85/180 
f 181/86/181 179/83/178 180/85/180 
f 181/86/181 180/85/180 182/83/182 
f 180/85/180 183/84/183 182/83/182 
f 173/87/172 168/88/168 169/89/169 
f 184/90/184 173/87/172 169/89/169 
f 185/91/185 184/92/184 186/93/186 
f 186/93/186 184/92/184 187/94/187 
f 184/92/184 169/95/169 187/94/187 
f 187/94/187 169/95/169 188/96/188 
f 189/97/189 188/96/188 169/95/169 
f 189/97/189 169/95/169 161/98/160 
f 161/98/160 163/99/163 189/97/189 
f 189/97/189 163/99/163 190/100/190 
f 163/99/163 170/101/171 190/100/190 
f 190/100/190 170/101/171 191/102/191 
f 170/101/171 192/103/192 191/102/191 
f 191/102/191 192/103/192 193/104/193 
f 194/105/194 191/102/191 193/104/193 
f 194/105/194 193/104/193 195/106/195 
f 195/106/195 196/107/196 194/105/194 
f 194/105/194 196/107/196 197/108/197 
f 198/109/198 194/105/194 197/108/197 
f 198/109/198 197/108/197 199/110/199 
f 187/94/187 198/109/198 199/110/199 
f 187/94/187 199/110/199 186/93/186 
f 200/72/200 202/71/201 201/73/202 
f 201/73/202 202/71/201 203/74/203 
f 204/76/204 206/75/205 205/77/206 
f 205/77/206 206/75/205 207/78/207 
f 208/53/208 210/52/209 209/111/210 
f 211/112/211 213/113/212 212/114/213 
f 212/114/213 213/113/212 214/115/214 
f 213/113/212 215/116/215 214/115/214 
f 214/115/214 215/116/215 216/117/216 
f 215/116/215 217/116/217 216/117/216 
f 216/117/216 217/116/217 218/118/218 
f 218/118/218 219/119/219 216/117/216 
f 216/117/216 219/119/219 220/118/220 
f 220/118/220 221/116/221 216/117/216 
f 216/117/216 221/116/221 222/116/222 
f 214/115/214 216/117/216 222/116/222 
f 214/115/214 222/116/222 223/113/223 
f 212/114/213 214/115/214 223/113/223 
f 212/114/213 223/113/223 224/112/224 
f 225/36/225 227/38/226 226/37/227 
f 226/37/227 227/38/226 228/39/228 
f 227/38/226 229/40/229 228/39/228 
f 228/39/228 229/40/229 230/41/230 
f 230/41/230 231/42/231 228/39/228 
f 228/39/228 231/42/231 232/43/232 
f 231/42/231 233/50/233 232/43/232 
f 232/43/232 233/50/233 234/46/234 
f 233/50/233 235/49/235 234/46/234 
f 234/46/234 235/49/235 236/48/236 
f 237/34/237 236/48/236 235/49/235 
f 237/34/237 235/49/235 238/120/238 
f 239/31/239 240/31/240 241/31/241 
f 820/31/242 239/31/239 241/31/241 
f 820/31/242 241/31/241 242/31/243 
f 241/31/241 227/31/226 242/31/243 
f 242/31/243 227/31/226 225/31/225 
f 243/31/244 242/31/243 225/31/225 
f 243/31/244 225/31/225 244/31/245 
f 245/31/246 243/31/244 244/31/245 
f 245/31/246 244/31/245 246/31/247 
f 247/31/248 245/31/246 246/31/247 
f 247/31/248 246/31/247 248/31/249 
f 240/31/240 247/31/248 248/31/249 
f 240/31/240 248/31/249 229/31/229 
f 241/31/241 240/31/240 229/31/229 
f 241/31/241 229/31/229 227/31/226 
f 225/31/225 226/31/227 244/31/245 
f 244/31/245 226/31/227 249/31/250 
f 226/31/227 250/31/251 249/31/250 
f 249/31/250 250/31/251 251/31/252 
f 250/31/251 252/31/253 251/31/252 
f 251/31/252 252/31/253 253/31/254 
f 252/31/253 254/31/255 253/31/254 
f 253/31/254 254/31/255 255/31/256 
f 256/31/257 253/31/254 255/31/256 
f 256/31/257 255/31/256 257/31/258 
f 258/31/259 256/31/257 257/31/258 
f 258/31/259 257/31/258 209/31/210 
f 257/31/258 208/31/208 209/31/210 
f 257/121/258 237/122/237 208/123/208 
f 208/123/208 237/122/237 259/124/260 
f 237/122/237 238/125/238 259/124/260 
f 259/124/260 238/125/238 260/126/261 
f 260/126/261 261/55/262 259/124/260 
f 259/124/260 261/55/262 262/55/263 
f 208/123/208 259/124/260 262/55/263 
f 208/123/208 262/55/263 210/55/209 
f 263/55/264 210/55/209 262/55/263 
f 263/55/264 262/55/263 261/55/262 
f 261/55/262 264/55/265 263/55/264 
f 263/55/264 264/55/265 265/55/266 
f 265/55/266 266/55/267 263/55/264 
f 263/55/264 266/55/267 267/55/268 
f 267/55/268 268/55/269 263/55/264 
f 263/55/264 268/55/269 210/55/209 
f 269/55/270 210/55/209 268/55/269 
f 269/55/270 268/55/269 270/55/271 
f 271/55/272 270/55/271 268/55/269 
f 271/55/272 268/55/269 272/55/273 
f 273/55/274 272/55/273 268/55/269 
f 274/80/275 276/79/276 275/81/277 
f 275/81/277 276/79/276 277/82/278 
f 278/127/279 277/82/278 276/79/276 
f 278/127/279 276/79/276 202/128/201 
f 279/129/280 278/127/279 202/128/201 
f 279/129/280 202/128/201 200/130/200 
f 200/130/200 207/131/207 279/129/280 
f 279/129/280 207/131/207 206/130/205 
f 278/127/279 279/129/280 206/130/205 
f 278/127/279 206/130/205 280/128/281 
f 277/82/278 278/127/279 280/128/281 
f 277/82/278 280/128/281 281/79/282 
f 275/81/277 277/82/278 281/79/282 
f 275/81/277 281/79/282 282/80/283 
f 202/88/201 276/87/276 203/89/203 
f 203/89/203 276/87/276 283/90/284 
f 260/54/261 284/54/285 261/55/262 
f 261/55/262 284/54/285 285/55/286 
f 284/54/285 286/55/287 285/55/286 
f 288/132/288 287/132/289 289/132/290 
f 290/132/291 288/132/288 289/132/290 
f 292/133/292 291/134/293 158/135/158 
f 158/135/158 159/136/159 292/133/292 
f 292/133/292 159/136/159 293/137/294 
f 294/91/295 295/93/296 283/92/284 
f 283/92/284 295/93/296 296/94/297 
f 295/93/296 297/110/298 296/94/297 
f 296/94/297 297/110/298 298/109/299 
f 297/110/298 267/108/268 298/109/299 
f 298/109/299 267/108/268 299/105/300 
f 267/108/268 266/107/267 299/105/300 
f 299/105/300 266/107/267 265/106/266 
f 265/106/266 300/104/301 299/105/300 
f 299/105/300 300/104/301 301/102/302 
f 300/104/301 302/103/303 301/102/302 
f 301/102/302 302/103/303 204/101/204 
f 303/100/304 301/102/302 204/101/204 
f 303/100/304 204/101/204 205/99/206 
f 304/97/305 303/100/304 205/99/206 
f 304/97/305 205/99/206 201/98/202 
f 201/98/202 203/95/203 304/97/305 
f 304/97/305 203/95/203 305/96/306 
f 296/94/297 305/96/306 203/95/203 
f 296/94/297 203/95/203 283/92/284 
f 153/132/153 306/132/307 154/132/154 
f 154/132/154 306/132/307 287/132/289 
f 306/132/307 307/132/308 287/132/289 
f 287/132/289 307/132/308 289/132/290 
f 307/132/308 223/132/223 289/132/290 
f 289/132/290 223/132/223 222/132/222 
f 290/132/291 289/132/290 222/132/222 
f 290/132/291 222/132/222 221/132/221 
f 221/132/221 308/132/309 290/132/291 
f 290/132/291 308/132/309 309/132/310 
f 288/132/288 290/132/291 309/132/310 
f 288/132/288 309/132/310 310/132/311 
f 310/132/311 156/132/156 288/132/288 
f 288/132/288 156/132/156 155/132/155 
f 287/132/289 288/132/288 155/132/155 
f 287/132/289 155/132/155 154/132/154 
f 311/138/312 313/139/313 312/140/314 
f 312/140/314 313/139/313 314/141/315 
f 315/142/316 317/143/317 316/144/318 
f 316/144/318 317/143/317 318/145/319 
f 317/143/317 319/146/320 318/145/319 
f 318/145/319 319/146/320 320/147/321 
f 321/148/322 323/149/323 322/150/324 
f 322/150/324 323/149/323 324/151/325 
f 324/151/325 325/149/326 322/150/324 
f 322/150/324 325/149/326 326/148/327 
f 327/152/328 329/153/329 328/154/330 
f 328/154/330 329/153/329 330/155/331 
f 331/156/332 333/157/333 332/154/334 
f 332/154/334 333/157/333 334/158/335 
f 335/159/336 336/160/337 316/161/318 
f 316/161/318 336/160/337 337/162/338 
f 338/163/339 316/161/318 337/162/338 
f 340/164/340 339/165/341 341/166/342 
f 342/167/343 340/164/340 341/166/342 
f 342/167/343 341/166/342 343/168/344 
f 344/169/345 342/167/343 343/168/344 
f 345/149/346 323/170/323 321/171/322 
f 321/171/322 346/172/347 345/149/346 
f 345/149/346 346/172/347 347/172/348 
f 348/149/349 345/149/346 347/172/348 
f 348/149/349 347/172/348 349/173/350 
f 224/174/224 348/149/349 349/173/350 
f 351/175/351 350/176/352 352/177/353 
f 352/177/353 344/178/345 351/175/351 
f 351/175/351 344/178/345 343/179/344 
f 341/180/342 351/175/351 343/179/344 
f 353/181/354 315/182/316 354/183/355 
f 354/183/355 315/182/316 355/184/356 
f 356/185/357 346/186/347 357/187/358 
f 357/187/358 346/186/347 358/188/359 
f 346/186/347 321/189/322 358/188/359 
f 358/188/359 321/189/322 322/190/324 
f 359/191/360 358/188/359 322/190/324 
f 359/191/360 322/190/324 360/188/361 
f 322/190/324 326/189/327 360/188/361 
f 360/188/361 326/189/327 361/186/362 
f 362/187/363 360/188/361 361/186/362 
f 362/187/363 361/186/362 363/185/364 
f 364/138/365 366/140/366 365/139/367 
f 365/139/367 366/140/366 314/141/315 
f 367/192/368 369/142/369 368/193/370 
f 368/193/370 369/142/369 370/143/371 
f 369/142/369 371/144/372 370/143/371 
f 370/143/371 371/144/372 372/145/373 
f 373/146/374 370/143/371 372/145/373 
f 373/146/374 372/145/373 374/147/375 
f 375/194/376 373/146/374 374/147/375 
f 375/194/376 374/147/375 376/195/377 
f 367/158/368 378/154/378 377/157/379 
f 377/157/379 378/154/378 379/156/380 
f 338/196/339 380/197/381 316/198/318 
f 316/198/318 380/197/381 315/199/316 
f 380/197/381 355/200/356 315/199/316 
f 382/201/382 381/202/383 383/203/384 
f 384/204/385 382/201/382 383/203/384 
f 384/204/385 383/203/384 385/183/386 
f 383/203/384 364/184/365 385/183/386 
f 385/183/386 364/184/365 365/182/367 
f 386/181/387 385/183/386 365/182/367 
f 373/146/374 375/194/376 387/205/388 
f 387/205/388 388/206/389 373/146/374 
f 373/146/374 388/206/389 370/143/371 
f 388/206/389 368/193/370 370/143/371 
f 368/153/370 388/152/389 389/154/390 
f 390/155/391 368/153/370 389/154/390 
f 392/157/392 391/156/393 393/154/394 
f 387/158/388 392/157/392 393/154/394 
f 385/160/386 386/159/387 371/161/372 
f 394/162/395 385/160/386 371/161/372 
f 394/162/395 371/161/372 395/163/396 
f 387/207/388 393/155/394 388/158/389 
f 388/158/389 393/155/394 389/154/390 
f 382/165/382 384/164/385 376/166/377 
f 376/166/377 384/164/385 396/167/397 
f 397/168/398 376/166/377 396/167/397 
f 397/168/398 396/167/397 398/169/399 
f 325/170/326 399/149/400 326/171/327 
f 326/171/327 399/149/400 361/172/362 
f 400/172/401 361/172/362 399/149/400 
f 400/172/401 399/149/400 401/149/402 
f 402/173/403 400/172/401 401/149/402 
f 402/173/403 401/149/402 211/174/211 
f 403/176/404 375/175/376 404/177/405 
f 404/177/405 375/175/376 398/178/399 
f 375/175/376 376/180/377 398/178/399 
f 398/178/399 376/180/377 397/179/398 
f 395/196/396 371/198/372 405/197/406 
f 405/197/406 371/198/372 369/199/369 
f 406/200/407 405/197/406 369/199/369 
f 332/208/334 409/209/408 331/210/332 
f 411/210/409 331/208/332 409/209/408 
f 412/208/410 409/209/408 413/210/411 
f 144/57/143 146/60/146 414/211/412 
f 414/211/412 146/60/146 147/61/147 
f 147/61/147 157/60/157 414/211/412 
f 414/211/412 157/60/157 158/57/158 
f 158/57/158 415/212/413 414/211/412 
f 414/211/412 415/212/413 144/57/143 
f 413/208/411 409/209/408 416/210/414 
f 330/210/331 416/208/414 409/209/408 
f 328/208/330 409/209/408 332/210/334 
f 417/209/415 393/208/394 391/210/393 
f 406/213/407 418/214/416 405/215/406 
f 405/215/406 418/214/416 419/216/417 
f 395/217/396 405/215/406 419/216/417 
f 395/217/396 419/216/417 420/218/418 
f 394/219/395 395/217/396 420/218/418 
f 394/219/395 420/218/418 385/220/386 
f 420/218/418 421/221/419 385/220/386 
f 385/220/386 421/221/419 384/222/385 
f 396/223/397 384/222/385 421/221/419 
f 396/223/397 421/221/419 422/224/420 
f 398/225/399 396/223/397 422/224/420 
f 398/225/399 422/224/420 404/226/405 
f 423/227/421 404/226/405 422/224/420 
f 423/227/421 422/224/420 418/214/416 
f 419/216/417 418/214/416 422/224/420 
f 419/216/417 422/224/420 421/221/419 
f 420/218/418 419/216/417 421/221/419 
f 339/228/341 424/229/422 341/230/342 
f 341/230/342 424/229/422 320/231/321 
f 424/229/422 425/232/423 320/231/321 
f 320/231/321 425/232/423 318/233/319 
f 425/232/423 335/234/336 318/233/319 
f 318/233/319 335/234/336 316/235/318 
f 349/236/350 426/237/424 224/238/224 
f 224/238/224 426/237/424 212/239/213 
f 211/240/211 212/239/213 426/237/424 
f 211/240/211 426/237/424 402/241/403 
f 349/242/350 312/243/314 426/244/424 
f 426/244/424 312/243/314 427/245/425 
f 312/243/314 314/246/315 427/245/425 
f 427/245/425 314/246/315 366/243/366 
f 426/244/424 427/245/425 366/243/366 
f 426/244/424 366/243/366 402/242/403 
f 428/247/426 429/248/427 356/249/357 
f 356/249/357 429/248/427 430/250/428 
f 429/248/427 311/251/312 430/250/428 
f 430/250/428 311/251/312 312/252/314 
f 312/252/314 349/253/350 430/250/428 
f 430/250/428 349/253/350 347/254/348 
f 356/249/357 430/250/428 347/254/348 
f 356/249/357 347/254/348 346/255/347 
f 131/121/131 142/123/142 123/122/123 
f 123/122/123 142/123/142 431/124/429 
f 119/125/119 123/122/123 431/124/429 
f 119/125/119 431/124/429 121/126/121 
f 133/55/133 121/126/121 431/124/429 
f 133/55/133 431/124/429 432/55/430 
f 431/124/429 142/123/142 432/55/430 
f 432/55/430 142/123/142 139/55/139 
f 139/55/139 433/55/431 432/55/430 
f 432/55/430 433/55/431 133/55/133 
f 434/55/432 133/55/133 433/55/431 
f 434/55/432 433/55/431 195/55/195 
f 196/55/196 195/55/195 433/55/431 
f 196/55/196 433/55/431 197/55/197 
f 435/55/433 197/55/197 433/55/431 
f 435/55/433 433/55/431 139/55/139 
f 139/55/139 138/55/137 435/55/433 
f 435/55/433 138/55/137 436/55/434 
f 436/55/434 437/55/435 435/55/433 
f 435/55/433 437/55/435 438/55/436 
f 411/208/409 409/209/408 412/210/410 
f 173/256/172 184/257/184 172/258/173 
f 172/258/173 184/257/184 185/259/185 
f 192/76/192 170/77/171 439/75/437 
f 439/75/437 170/77/171 171/78/170 
f 437/84/435 440/85/438 438/83/436 
f 438/83/436 440/85/438 441/86/439 
f 272/83/273 441/86/439 440/85/438 
f 272/83/273 440/85/438 271/84/272 
f 193/76/193 192/77/192 176/75/176 
f 176/75/176 192/77/192 439/78/437 
f 442/132/440 444/132/441 443/132/442 
f 443/132/442 444/132/441 445/132/443 
f 136/260/136 144/57/143 446/261/444 
f 446/261/444 144/57/143 415/212/413 
f 447/262/445 446/261/444 415/212/413 
f 447/262/445 415/212/413 448/261/446 
f 415/212/413 158/57/158 448/261/446 
f 448/261/446 158/57/158 291/260/293 
f 200/68/200 201/67/202 207/69/207 
f 207/69/207 201/67/202 205/70/206 
f 229/31/229 248/31/249 230/31/230 
f 230/31/230 248/31/249 449/31/447 
f 450/31/448 449/31/447 248/31/249 
f 450/31/448 248/31/249 246/31/247 
f 246/31/247 244/31/245 450/31/448 
f 450/31/448 244/31/245 249/31/250 
f 249/31/250 251/31/252 450/31/448 
f 450/31/448 251/31/252 451/31/449 
f 251/31/252 253/31/254 451/31/449 
f 451/31/449 253/31/254 256/31/257 
f 452/31/450 451/31/449 256/31/257 
f 452/31/450 256/31/257 453/31/451 
f 256/31/257 258/31/259 453/31/451 
f 453/31/451 258/31/259 454/31/452 
f 293/31/294 454/31/452 258/31/259 
f 293/31/294 258/31/259 209/31/210 
f 276/256/276 274/258/275 283/257/284 
f 283/257/284 274/258/275 294/259/295 
f 265/263/266 282/264/283 300/265/301 
f 300/265/301 282/264/283 281/266/282 
f 300/76/301 281/75/282 302/77/303 
f 302/77/303 281/75/282 280/78/281 
f 98/31/99 110/31/110 455/31/453 
f 455/31/453 110/31/110 456/31/454 
f 457/31/455 455/31/453 456/31/454 
f 457/31/455 456/31/454 458/31/456 
f 106/31/106 457/31/455 458/31/456 
f 106/31/106 458/31/456 107/31/107 
f 124/31/124 107/31/107 458/31/456 
f 124/31/124 458/31/456 459/31/457 
f 127/31/127 124/31/124 459/31/457 
f 127/31/127 459/31/457 460/31/458 
f 128/31/128 127/31/127 460/31/458 
f 128/31/128 460/31/458 461/31/459 
f 130/31/130 128/31/128 461/31/459 
f 130/31/130 461/31/459 132/31/132 
f 461/31/459 462/31/460 132/31/132 
f 132/31/132 462/31/460 131/31/131 
f 462/31/460 463/31/461 131/31/131 
f 131/31/131 463/31/461 142/31/142 
f 141/31/141 142/31/142 463/31/461 
f 141/31/141 463/31/461 140/31/140 
f 164/31/164 140/31/140 463/31/461 
f 164/31/164 463/31/461 464/31/462 
f 463/31/461 462/31/460 464/31/462 
f 464/31/462 462/31/460 465/31/463 
f 466/31/464 465/31/463 462/31/460 
f 466/31/464 462/31/460 461/31/459 
f 461/31/459 460/31/458 466/31/464 
f 466/31/464 460/31/458 467/31/465 
f 460/31/458 459/31/457 467/31/465 
f 467/31/465 459/31/457 458/31/456 
f 458/31/456 456/31/454 467/31/465 
f 467/31/465 456/31/454 110/31/110 
f 110/31/110 112/31/112 467/31/465 
f 467/31/465 112/31/112 468/31/466 
f 112/31/112 113/31/113 468/31/466 
f 468/31/466 113/31/113 469/31/467 
f 113/31/113 116/31/116 469/31/467 
f 469/31/467 116/31/116 470/31/468 
f 116/31/116 118/31/118 470/31/468 
f 470/31/468 118/31/118 120/31/120 
f 120/31/120 164/31/164 470/31/468 
f 470/31/468 164/31/164 464/31/462 
f 469/31/467 470/31/468 464/31/462 
f 469/31/467 464/31/462 465/31/463 
f 468/31/466 469/31/467 465/31/463 
f 468/31/466 465/31/463 466/31/464 
f 467/31/465 468/31/466 466/31/464 
f 436/267/434 446/268/444 447/269/445 
f 471/270/469 436/267/434 447/269/445 
f 471/270/469 447/269/445 270/267/271 
f 447/269/445 448/268/446 270/267/271 
f 178/84/179 473/83/470 472/86/471 
f 472/86/471 473/83/470 438/84/436 
f 438/84/436 441/85/439 472/86/471 
f 472/86/471 441/85/439 272/84/273 
f 272/84/273 474/83/472 472/86/471 
f 472/86/471 474/83/472 183/84/183 
f 183/84/183 180/85/180 472/86/471 
f 472/86/471 180/85/180 178/84/179 
f 187/94/187 475/271/473 198/109/198 
f 198/109/198 475/271/473 194/105/194 
f 191/102/191 194/105/194 475/271/473 
f 191/102/191 475/271/473 190/100/190 
f 189/97/189 190/100/190 475/271/473 
f 189/97/189 475/271/473 188/96/188 
f 475/271/473 187/94/187 188/96/188 
f 335/272/336 425/273/423 313/274/313 
f 313/274/313 425/273/423 476/275/474 
f 425/273/423 424/276/422 476/275/474 
f 476/275/474 424/276/422 477/277/475 
f 424/276/422 339/278/341 477/277/475 
f 477/277/475 339/278/341 428/279/426 
f 428/279/426 356/280/357 477/277/475 
f 477/277/475 356/280/357 357/281/358 
f 357/281/358 478/282/476 477/277/475 
f 477/277/475 478/282/476 476/275/474 
f 478/282/476 314/283/315 476/275/474 
f 476/275/474 314/283/315 313/274/313 
f 353/192/354 329/193/329 315/142/316 
f 315/142/316 329/193/329 317/143/317 
f 329/193/329 327/206/328 317/143/317 
f 317/143/317 327/206/328 319/146/320 
f 327/206/328 334/205/335 319/146/320 
f 319/146/320 334/205/335 351/194/351 
f 320/147/321 319/146/320 351/194/351 
f 320/147/321 351/194/351 341/195/342 
f 334/207/335 327/158/328 332/155/334 
f 332/155/334 327/158/328 328/154/330 
f 351/284/351 334/285/335 350/286/352 
f 350/286/352 334/285/335 333/287/333 
f 379/208/380 378/210/378 417/209/415 
f 417/209/415 378/208/378 390/210/391 
f 390/208/391 389/210/390 417/209/415 
f 355/213/356 380/215/381 479/214/477 
f 479/214/477 380/215/381 480/216/478 
f 380/215/381 338/217/339 480/216/478 
f 480/216/478 338/217/339 481/218/479 
f 338/217/339 337/219/338 481/218/479 
f 481/218/479 337/219/338 336/220/337 
f 482/221/480 481/218/479 336/220/337 
f 482/221/480 336/220/337 340/222/340 
f 340/222/340 342/223/343 482/221/480 
f 482/221/480 342/223/343 483/224/481 
f 342/223/343 344/225/345 483/224/481 
f 483/224/481 344/225/345 352/226/353 
f 484/227/482 483/224/481 352/226/353 
f 484/227/482 352/226/353 485/288/483 
f 352/226/353 350/289/352 485/288/483 
f 485/288/483 350/289/352 333/290/333 
f 486/291/484 485/288/483 333/290/333 
f 486/291/484 333/290/333 331/292/332 
f 331/292/332 411/293/409 486/291/484 
f 486/291/484 411/293/409 487/294/485 
f 411/293/409 412/295/410 487/294/485 
f 487/294/485 412/295/410 413/296/411 
f 413/296/411 354/297/355 487/294/485 
f 487/294/485 354/297/355 355/213/356 
f 488/298/486 487/294/485 355/213/356 
f 488/298/486 355/213/356 479/214/477 
f 260/31/261 238/31/238 284/31/285 
f 284/31/285 238/31/238 489/31/487 
f 238/31/238 235/31/235 489/31/487 
f 489/31/487 235/31/235 490/31/488 
f 235/31/235 233/31/233 490/31/488 
f 490/31/488 233/31/233 491/31/489 
f 233/31/233 231/31/231 491/31/489 
f 491/31/489 231/31/231 230/31/230 
f 230/31/230 449/31/447 491/31/489 
f 491/31/489 449/31/447 492/31/490 
f 449/31/447 450/31/448 492/31/490 
f 492/31/490 450/31/448 451/31/449 
f 451/31/449 452/31/450 492/31/490 
f 492/31/490 452/31/450 493/31/491 
f 452/31/450 453/31/451 493/31/491 
f 493/31/491 453/31/451 494/31/492 
f 453/31/451 454/31/452 494/31/492 
f 494/31/492 454/31/452 284/31/285 
f 284/31/285 489/31/487 494/31/492 
f 494/31/492 489/31/487 490/31/488 
f 493/31/491 494/31/492 490/31/488 
f 493/31/491 490/31/488 491/31/489 
f 492/31/490 493/31/491 491/31/489 
f 204/77/204 302/76/303 280/75/281 
f 206/78/205 204/77/204 280/75/281 
f 353/158/354 354/157/355 416/154/414 
f 416/154/414 354/157/355 413/156/411 
f 428/202/426 339/201/341 429/203/427 
f 429/203/427 339/201/341 340/204/340 
f 340/204/340 336/183/337 429/203/427 
f 429/203/427 336/183/337 311/184/312 
f 313/182/313 311/184/312 336/183/337 
f 313/182/313 336/183/337 335/181/336 
f 329/152/329 353/153/354 330/154/331 
f 330/154/331 353/153/354 416/155/414 
f 437/299/435 436/300/434 440/301/438 
f 440/301/438 436/300/434 471/302/469 
f 471/302/469 270/300/271 440/301/438 
f 440/301/438 270/300/271 271/299/272 
f 185/55/185 186/55/186 495/55/493 
f 495/55/493 186/55/186 496/55/494 
f 179/55/178 495/55/493 496/55/494 
f 179/55/178 496/55/494 178/55/179 
f 497/55/495 178/55/179 496/55/494 
f 497/55/495 496/55/494 186/55/186 
f 186/55/186 199/55/199 497/55/495 
f 497/55/495 199/55/199 197/55/197 
f 498/55/496 497/55/495 197/55/197 
f 498/55/496 197/55/197 435/55/433 
f 435/55/433 438/55/436 498/55/496 
f 498/55/496 438/55/436 473/55/470 
f 497/55/495 498/55/496 473/55/470 
f 497/55/495 473/55/470 178/55/179 
f 136/134/136 137/133/138 144/135/143 
f 144/135/143 137/133/138 143/136/144 
f 137/133/138 140/137/140 143/136/144 
f 268/55/269 267/55/268 273/55/274 
f 273/55/274 267/55/268 499/55/497 
f 267/55/268 297/55/298 499/55/497 
f 499/55/497 297/55/298 295/55/296 
f 500/55/498 499/55/497 295/55/296 
f 500/55/498 295/55/296 501/55/499 
f 295/55/296 294/55/295 501/55/499 
f 500/55/498 501/55/499 182/55/182 
f 182/55/182 183/55/183 500/55/498 
f 500/55/498 183/55/183 499/55/497 
f 183/55/183 474/55/472 499/55/497 
f 499/55/497 474/55/472 273/55/274 
f 474/55/472 272/55/273 273/55/274 
f 270/132/271 448/132/446 291/132/293 
f 269/132/270 270/132/271 291/132/293 
f 213/303/212 211/304/211 502/305/500 
f 502/305/500 211/304/211 401/306/402 
f 401/306/402 399/307/400 502/305/500 
f 502/305/500 399/307/400 503/308/501 
f 399/307/400 325/309/326 503/308/501 
f 503/308/501 325/309/326 151/310/151 
f 325/309/326 324/311/325 151/310/151 
f 151/310/151 324/311/325 152/312/152 
f 153/310/153 152/312/152 324/311/325 
f 153/310/153 324/311/325 323/309/323 
f 306/308/307 153/310/153 323/309/323 
f 306/308/307 323/309/323 345/307/346 
f 307/305/308 306/308/307 345/307/346 
f 307/305/308 345/307/346 348/306/349 
f 348/306/349 224/304/224 307/305/308 
f 307/305/308 224/304/224 223/303/223 
f 237/34/237 257/52/258 236/48/236 
f 236/48/236 257/52/258 255/53/256 
f 255/53/256 254/47/255 236/48/236 
f 236/48/236 254/47/255 234/46/234 
f 254/47/255 252/45/253 234/46/234 
f 234/46/234 252/45/253 232/43/232 
f 252/45/253 250/44/251 232/43/232 
f 232/43/232 250/44/251 226/37/227 
f 228/39/228 232/43/232 226/37/227 
f 386/272/387 365/274/367 504/273/502 
f 504/273/502 365/274/367 505/275/503 
f 365/274/367 314/283/315 505/275/503 
f 505/275/503 314/283/315 506/282/504 
f 507/277/505 505/275/503 506/282/504 
f 507/277/505 506/282/504 362/281/363 
f 362/281/363 363/280/364 507/277/505 
f 507/277/505 363/280/364 381/279/383 
f 381/279/383 382/278/382 507/277/505 
f 507/277/505 382/278/382 508/276/506 
f 505/275/503 507/277/505 508/276/506 
f 505/275/503 508/276/506 504/273/502 
f 368/152/370 390/154/391 367/153/368 
f 367/153/368 390/154/391 378/155/378 
f 382/228/382 376/230/377 508/229/506 
f 508/229/506 376/230/377 374/231/375 
f 504/232/502 508/229/506 374/231/375 
f 504/232/502 374/231/375 372/233/373 
f 386/234/387 504/232/502 372/233/373 
f 386/234/387 372/233/373 371/235/372 
f 375/284/376 403/286/404 387/285/388 
f 387/285/388 403/286/404 392/287/392 
f 367/181/368 377/183/379 369/182/369 
f 369/182/369 377/183/379 406/184/407 
f 381/247/383 363/249/364 383/248/384 
f 383/248/384 363/249/364 509/250/507 
f 364/251/365 383/248/384 509/250/507 
f 364/251/365 509/250/507 366/252/366 
f 402/253/403 366/252/366 509/250/507 
f 402/253/403 509/250/507 400/254/401 
f 509/250/507 363/249/364 400/254/401 
f 400/254/401 363/249/364 361/255/362 
f 151/132/151 149/132/149 503/132/501 
f 503/132/501 149/132/149 442/132/440 
f 149/132/149 148/132/148 442/132/440 
f 442/132/440 148/132/148 444/132/441 
f 148/132/148 145/132/145 444/132/441 
f 444/132/441 145/132/145 165/132/165 
f 165/132/165 166/132/166 444/132/441 
f 444/132/441 166/132/166 445/132/443 
f 166/132/166 167/132/167 445/132/443 
f 445/132/443 167/132/167 217/132/217 
f 217/132/217 215/132/215 445/132/443 
f 445/132/443 215/132/215 443/132/442 
f 215/132/215 213/132/212 443/132/442 
f 443/132/442 213/132/212 502/132/500 
f 442/132/440 443/132/442 502/132/500 
f 442/132/440 502/132/500 503/132/501 
f 293/55/294 159/55/159 454/55/452 
f 454/55/452 159/55/159 156/55/156 
f 156/55/156 310/55/311 454/55/452 
f 454/55/452 310/55/311 309/55/310 
f 284/55/285 454/55/452 309/55/310 
f 284/55/285 309/55/310 286/55/287 
f 309/55/310 308/55/309 286/55/287 
f 296/94/297 298/109/299 510/271/508 
f 510/271/508 298/109/299 299/105/300 
f 299/105/300 301/102/302 510/271/508 
f 510/271/508 301/102/302 303/100/304 
f 303/100/304 304/97/305 510/271/508 
f 510/271/508 304/97/305 305/96/306 
f 296/94/297 510/271/508 305/96/306 
f 330/208/331 409/209/408 328/210/330 
f 417/209/415 391/208/393 511/210/509 
f 511/208/509 512/210/510 417/209/415 
f 417/209/415 512/208/510 379/210/380 
f 481/218/479 482/221/480 480/216/478 
f 480/216/478 482/221/480 483/224/481 
f 479/214/477 480/216/478 483/224/481 
f 479/214/477 483/224/481 484/227/482 
f 488/298/486 479/214/477 484/227/482 
f 488/298/486 484/227/482 485/288/483 
f 485/288/483 486/291/484 488/298/486 
f 488/298/486 486/291/484 487/294/485 
f 478/313/476 513/314/511 314/315/315 
f 314/315/315 513/314/511 506/313/504 
f 514/316/512 506/313/504 513/314/511 
f 514/316/512 513/314/511 478/313/476 
f 515/317/513 514/316/512 478/313/476 
f 515/317/513 478/313/476 357/187/358 
f 357/187/358 358/188/359 515/317/513 
f 515/317/513 358/188/359 359/191/360 
f 514/316/512 515/317/513 359/191/360 
f 514/316/512 359/191/360 516/317/514 
f 506/313/504 514/316/512 516/317/514 
f 506/313/504 516/317/514 362/187/363 
f 360/188/361 362/187/363 516/317/514 
f 360/188/361 516/317/514 359/191/360 
f 389/208/390 393/210/394 417/209/415 
f 195/263/195 193/265/193 177/264/177 
f 177/264/177 193/265/193 176/266/176 
f 176/79/176 439/128/437 175/82/175 
f 175/82/175 439/128/437 517/127/515 
f 439/128/437 171/130/170 517/127/515 
f 517/127/515 171/130/170 518/129/516 
f 171/130/170 162/131/162 518/129/516 
f 518/129/516 162/131/162 160/130/161 
f 160/130/161 168/128/168 518/129/516 
f 518/129/516 168/128/168 517/127/515 
f 168/128/168 173/79/172 517/127/515 
f 517/127/515 173/79/172 175/82/175 
f 446/132/444 436/132/434 136/132/136 
f 136/132/136 436/132/434 138/132/137 
f 820/31/242 407/31/517 408/31/518 
f 407/31/517 820/31/242 242/31/243 
f 242/31/243 243/31/244 407/31/517 
f 407/31/517 243/31/244 410/31/519 
f 291/55/293 292/55/292 269/55/270 
f 269/55/270 292/55/292 210/55/209 
f 292/55/292 293/55/294 210/55/209 
f 210/55/209 293/55/294 209/56/210 
f 423/227/421 418/214/416 519/298/520 
f 519/298/520 418/214/416 406/213/407 
f 520/294/521 519/298/520 406/213/407 
f 520/294/521 406/213/407 377/297/379 
f 377/297/379 379/296/380 520/294/521 
f 520/294/521 379/296/380 512/295/510 
f 512/295/510 511/293/509 520/294/521 
f 520/294/521 511/293/509 521/291/522 
f 511/293/509 391/292/393 521/291/522 
f 521/291/522 391/292/393 392/290/392 
f 522/288/523 521/291/522 392/290/392 
f 522/288/523 392/290/392 403/289/404 
f 403/289/404 404/226/405 522/288/523 
f 522/288/523 404/226/405 423/227/421 
f 423/227/421 519/298/520 522/288/523 
f 522/288/523 519/298/520 521/291/522 
f 519/298/520 520/294/521 521/291/522 
f 1519/318/524 1520/319/525 524/320/526 
f 524/320/526 1520/319/525 526/321/527 
f 527/322/528 526/321/527 1520/319/525 
f 527/322/528 1520/319/525 1521/323/529 
f 529/324/530 527/322/528 1521/323/529 
f 529/324/530 1521/323/529 1522/325/531 
f 1522/325/531 1523/326/532 529/324/530 
f 529/324/530 1523/326/532 532/327/533 
f 1523/326/532 1524/328/534 532/327/533 
f 532/327/533 1524/328/534 534/329/535 
f 1524/328/534 1525/330/536 534/329/535 
f 534/329/535 1525/330/536 536/331/537 
f 1525/330/536 1526/332/538 536/331/537 
f 536/331/537 1526/332/538 538/333/539 
f 539/334/540 538/333/539 1526/332/538 
f 539/334/540 1526/332/538 1527/335/541 
f 1527/335/541 1528/336/542 539/334/540 
f 539/334/540 1528/336/542 542/337/543 
f 524/320/526 542/337/543 1528/336/542 
f 524/320/526 1528/336/542 1519/318/524 
f 813/338/544 542/337/543 543/339/545 
f 543/339/545 542/337/543 524/320/526 
f 544/340/546 543/339/545 524/320/526 
f 544/340/546 524/320/526 526/321/527 
f 526/321/527 527/322/528 544/340/546 
f 544/340/546 527/322/528 545/341/547 
f 546/342/548 545/341/547 527/322/528 
f 546/342/548 527/322/528 529/324/530 
f 529/324/530 532/327/533 546/342/548 
f 546/342/548 532/327/533 547/343/549 
f 532/327/533 534/329/535 547/343/549 
f 547/343/549 534/329/535 816/344/550 
f 534/329/535 536/331/537 816/344/550 
f 816/344/550 536/331/537 815/345/551 
f 536/331/537 538/333/539 815/345/551 
f 815/345/551 538/333/539 548/346/552 
f 549/347/553 548/346/552 538/333/539 
f 549/347/553 538/333/539 539/334/540 
f 539/334/540 542/337/543 549/347/553 
f 549/347/553 542/337/543 813/338/544 
f 550/348/554 552/349/555 551/350/556 
f 551/350/556 552/349/555 553/351/557 
f 552/349/555 554/352/558 553/351/557 
f 553/351/557 554/352/558 555/353/559 
f 556/354/560 555/353/559 554/352/558 
f 556/354/560 554/352/558 557/355/561 
f 558/356/562 557/355/561 554/352/558 
f 558/356/562 554/352/558 559/357/563 
f 560/358/564 559/357/563 554/352/558 
f 560/358/564 554/352/558 552/349/555 
f 552/349/555 561/359/565 560/358/564 
f 560/358/564 561/359/565 562/360/566 
f 563/361/567 562/360/566 561/359/565 
f 563/361/567 561/359/565 564/362/568 
f 565/363/569 564/362/568 561/359/565 
f 565/363/569 561/359/565 550/348/554 
f 561/359/565 552/349/555 550/348/554 
f 566/364/570 568/365/571 567/366/572 
f 567/366/572 568/365/571 569/367/573 
f 569/367/573 570/368/574 567/366/572 
f 567/366/572 570/368/574 571/369/575 
f 570/368/574 572/370/576 571/369/575 
f 571/369/575 572/370/576 573/371/577 
f 572/370/576 574/369/578 573/371/577 
f 573/371/577 574/369/578 575/372/579 
f 574/369/578 576/366/580 575/372/579 
f 575/372/579 576/366/580 577/372/581 
f 576/366/580 578/364/582 577/372/581 
f 577/372/581 578/364/582 579/372/583 
f 578/364/582 580/365/584 579/372/583 
f 579/372/583 580/365/584 581/372/585 
f 582/373/586 581/372/585 580/365/584 
f 582/373/586 580/365/584 583/374/587 
f 580/365/584 584/367/588 583/374/587 
f 583/374/587 584/367/588 585/375/589 
f 586/368/590 585/375/589 584/367/588 
f 586/368/590 584/367/588 576/366/580 
f 576/366/580 574/369/578 586/368/590 
f 586/368/590 574/369/578 572/370/576 
f 587/375/591 586/368/590 572/370/576 
f 587/375/591 572/370/576 570/368/574 
f 588/376/592 590/376/593 589/376/594 
f 589/376/594 590/376/593 591/376/595 
f 590/376/593 592/376/596 591/376/595 
f 591/376/595 592/376/596 593/376/597 
f 594/376/598 591/376/595 593/376/597 
f 594/376/598 593/376/597 595/376/599 
f 593/376/597 596/376/600 595/376/599 
f 595/376/599 596/376/600 597/376/601 
f 596/376/600 598/376/602 597/376/601 
f 597/376/601 598/376/602 599/376/603 
f 819/377/604 600/378/605 818/379/606 
f 818/379/606 600/378/605 601/380/607 
f 602/381/608 818/379/606 601/380/607 
f 602/381/608 601/380/607 603/382/609 
f 604/383/610 602/381/608 603/382/609 
f 604/383/610 603/382/609 605/384/611 
f 606/385/612 604/383/610 605/384/611 
f 606/385/612 605/384/611 809/386/613 
f 605/384/611 607/387/614 809/386/613 
f 809/386/613 607/387/614 608/388/615 
f 609/389/616 611/389/617 610/389/618 
f 610/389/618 611/389/617 612/389/619 
f 613/389/620 610/389/618 612/389/619 
f 613/389/620 612/389/619 565/389/569 
f 612/389/619 614/389/621 565/389/569 
f 565/389/569 614/389/621 564/389/568 
f 614/389/621 615/389/622 564/389/568 
f 564/389/568 615/389/622 563/389/567 
f 616/389/623 563/389/567 615/389/622 
f 616/389/623 615/389/622 617/389/624 
f 618/389/625 617/389/624 615/389/622 
f 618/389/625 615/389/622 614/389/621 
f 614/389/621 612/389/619 618/389/625 
f 618/389/625 612/389/619 611/389/617 
f 611/389/617 619/389/626 618/389/625 
f 618/389/625 619/389/626 617/389/624 
f 616/389/623 617/389/624 619/389/626 
f 616/389/623 619/389/626 563/389/567 
f 609/389/616 563/389/567 619/389/626 
f 609/389/616 619/389/626 611/389/617 
f 621/119/627 623/119/628 622/119/629 
f 622/119/629 623/119/628 219/119/219 
f 624/119/630 219/119/219 623/119/628 
f 624/119/630 623/119/628 625/119/631 
f 626/119/632 625/119/631 623/119/628 
f 626/119/632 623/119/628 621/119/627 
f 621/119/627 627/390/633 626/119/632 
f 626/119/632 627/390/633 628/390/634 
f 628/390/634 629/390/635 626/119/632 
f 626/119/632 629/390/635 625/119/631 
f 261/55/262 285/55/286 264/55/265 
f 264/55/265 285/55/286 630/55/636 
f 265/55/266 264/55/265 630/55/636 
f 265/55/266 630/55/636 631/55/637 
f 631/55/637 632/55/638 265/55/266 
f 265/55/266 632/55/638 633/55/639 
f 282/55/283 265/55/266 633/55/639 
f 282/55/283 633/55/639 275/55/277 
f 633/55/639 634/55/640 275/55/277 
f 275/55/277 634/55/640 635/55/641 
f 634/55/640 555/55/559 635/55/641 
f 635/55/641 555/55/559 636/55/642 
f 275/55/277 635/55/641 636/55/642 
f 275/55/277 636/55/642 274/55/275 
f 636/55/642 637/55/643 274/55/275 
f 274/55/275 637/55/643 294/55/295 
f 501/55/499 294/55/295 637/55/643 
f 501/55/499 637/55/643 182/55/182 
f 638/55/644 182/55/182 637/55/643 
f 638/55/644 637/55/643 639/55/645 
f 640/55/646 638/55/644 639/55/645 
f 541/391/647 641/392/648 642/393/649 
f 523/394/650 541/391/647 642/393/649 
f 639/395/645 643/396/651 640/397/646 
f 640/397/646 643/396/651 620/398/652 
f 620/398/652 824/399/653 640/397/646 
f 640/397/646 824/399/653 644/400/654 
f 556/401/560 557/393/561 525/402/655 
f 525/402/655 557/393/561 528/403/656 
f 528/403/656 557/393/561 530/402/657 
f 530/402/657 557/393/561 558/401/562 
f 535/391/658 825/401/659 537/394/660 
f 537/394/660 825/401/659 645/404/661 
f 632/405/638 646/406/662 633/407/639 
f 633/407/639 646/406/662 634/408/640 
f 646/406/662 647/409/663 634/408/640 
f 634/408/640 647/409/663 648/410/664 
f 555/411/559 634/408/640 648/410/664 
f 555/411/559 648/410/664 649/412/665 
f 553/413/557 555/411/559 649/412/665 
f 553/413/557 649/412/665 650/414/666 
f 551/415/556 553/413/557 650/414/666 
f 551/415/556 650/414/666 651/416/667 
f 550/417/554 551/415/556 651/416/667 
f 550/417/554 651/416/667 565/418/569 
f 651/416/667 613/419/620 565/418/569 
f 652/420/668 654/372/669 653/420/670 
f 653/420/670 654/372/669 655/372/671 
f 654/372/669 573/371/577 655/372/671 
f 655/372/671 573/371/577 656/372/672 
f 653/420/670 655/372/671 656/372/672 
f 653/420/670 656/372/672 657/420/673 
f 658/420/674 657/420/673 656/372/672 
f 658/420/674 656/372/672 659/372/675 
f 656/372/672 573/371/577 659/372/675 
f 659/372/675 573/371/577 575/372/579 
f 658/420/674 659/372/675 575/372/579 
f 658/420/674 575/372/579 660/420/676 
f 575/372/579 577/372/581 660/420/676 
f 660/420/676 577/372/581 661/420/677 
f 577/372/581 579/372/583 661/420/677 
f 661/420/677 579/372/583 662/420/678 
f 663/420/679 662/420/678 579/372/583 
f 663/420/679 579/372/583 581/372/585 
f 597/420/601 663/420/679 581/372/585 
f 597/420/601 581/372/585 582/373/586 
f 595/420/599 597/420/601 582/373/586 
f 595/420/599 582/373/586 583/374/587 
f 594/420/598 595/420/599 583/374/587 
f 594/420/598 583/374/587 585/375/589 
f 591/420/595 594/420/598 585/375/589 
f 591/420/595 585/375/589 587/375/591 
f 585/375/589 586/368/590 587/375/591 
f 664/393/680 825/401/659 533/394/681 
f 533/394/681 825/401/659 535/391/658 
f 664/393/680 533/394/681 665/401/682 
f 665/401/682 533/394/681 531/402/683 
f 646/421/662 632/422/638 666/423/684 
f 666/423/684 632/422/638 631/424/637 
f 667/425/685 666/423/684 631/424/637 
f 667/425/685 631/424/637 668/426/686 
f 669/427/687 667/425/685 668/426/686 
f 669/427/687 668/426/686 670/428/688 
f 671/429/689 669/427/687 670/428/688 
f 671/376/689 670/430/688 672/376/690 
f 672/376/690 673/376/691 671/376/689 
f 671/376/689 673/376/691 674/376/692 
f 669/376/687 671/376/689 674/376/692 
f 669/376/687 674/376/692 667/376/685 
f 674/376/692 675/376/693 667/376/685 
f 598/431/602 676/432/694 675/433/693 
f 599/434/603 598/431/602 675/433/693 
f 677/434/695 674/431/692 678/433/696 
f 678/433/696 674/431/692 673/432/691 
f 590/376/593 588/376/592 679/376/697 
f 679/376/697 588/376/592 680/376/698 
f 681/376/699 679/376/697 680/376/698 
f 681/376/699 680/376/698 682/376/700 
f 680/376/698 683/376/701 682/376/700 
f 682/376/700 683/376/701 684/376/702 
f 685/376/703 682/376/700 684/376/702 
f 685/376/703 684/376/702 686/376/704 
f 687/376/705 685/376/703 686/376/704 
f 687/376/705 686/376/704 688/376/706 
f 686/376/704 652/376/668 688/376/706 
f 688/376/706 652/376/668 653/376/670 
f 689/376/707 688/376/706 653/376/670 
f 689/376/707 653/376/670 657/376/673 
f 690/376/708 689/376/707 657/376/673 
f 690/376/708 657/376/673 691/376/709 
f 657/376/673 658/376/674 691/376/709 
f 691/376/709 658/376/674 692/376/710 
f 658/376/674 660/376/676 692/376/710 
f 692/376/710 660/376/676 661/376/677 
f 678/376/696 692/376/710 661/376/677 
f 678/376/696 661/376/677 677/376/695 
f 661/376/677 662/376/678 677/376/695 
f 677/376/695 662/376/678 599/376/603 
f 662/376/678 663/376/679 599/376/603 
f 599/376/603 663/376/679 597/376/601 
f 693/435/711 695/435/712 694/435/713 
f 694/435/713 695/435/712 696/435/714 
f 697/435/715 696/435/714 695/435/712 
f 697/435/715 695/435/712 698/435/716 
f 699/435/717 697/435/715 698/435/716 
f 699/435/717 698/435/716 700/435/718 
f 701/435/719 699/435/717 700/435/718 
f 701/435/719 700/435/718 702/435/720 
f 702/435/720 703/435/721 701/435/719 
f 701/435/719 703/435/721 704/435/722 
f 704/435/722 705/435/723 701/435/719 
f 701/435/719 705/435/723 706/435/724 
f 699/435/717 701/435/719 706/435/724 
f 699/435/717 706/435/724 697/435/715 
f 707/435/725 697/435/715 706/435/724 
f 707/435/725 706/435/724 705/435/723 
f 708/435/726 707/435/725 705/435/723 
f 708/435/726 705/435/723 709/435/727 
f 710/435/728 709/435/727 705/435/723 
f 710/435/728 705/435/723 711/435/729 
f 705/435/723 704/435/722 711/435/729 
f 711/435/729 704/435/722 651/435/667 
f 651/435/667 650/435/666 711/435/729 
f 712/376/730 714/376/731 713/376/732 
f 713/376/732 714/376/731 715/376/733 
f 716/376/734 715/376/733 714/376/731 
f 716/376/734 714/376/731 717/376/735 
f 718/376/736 716/376/734 717/376/735 
f 718/376/736 717/376/735 719/376/737 
f 720/376/738 718/376/736 719/376/737 
f 720/376/738 719/376/737 721/376/739 
f 722/376/740 720/376/738 721/376/739 
f 722/376/740 721/376/739 723/376/741 
f 723/376/741 724/376/742 722/376/740 
f 722/376/740 724/376/742 725/376/743 
f 724/376/742 672/376/690 725/376/743 
f 725/376/743 672/376/690 726/376/744 
f 672/376/690 670/430/688 726/376/744 
f 726/376/744 670/430/688 727/376/745 
f 727/376/745 728/376/746 726/376/744 
f 726/376/744 728/376/746 725/376/743 
f 728/376/746 729/376/747 725/376/743 
f 725/376/743 729/376/747 722/376/740 
f 720/376/738 722/376/740 729/376/747 
f 720/376/738 729/376/747 730/376/748 
f 718/376/736 720/376/738 730/376/748 
f 718/376/736 730/376/748 731/376/749 
f 716/376/734 718/376/736 731/376/749 
f 716/376/734 731/376/749 732/430/750 
f 641/404/648 541/394/647 821/392/751 
f 821/392/751 541/394/647 540/391/752 
f 1529/436/753 1530/437/754 600/378/605 
f 600/378/605 1530/437/754 601/380/607 
f 1530/437/754 1531/438/755 601/380/607 
f 601/380/607 1531/438/755 603/382/609 
f 1531/438/755 1532/439/756 603/382/609 
f 603/382/609 1532/439/756 605/384/611 
f 1532/439/756 1533/440/757 605/384/611 
f 605/384/611 1533/440/757 607/387/614 
f 1533/440/757 1534/441/758 607/387/614 
f 607/387/614 1534/441/758 608/388/615 
f 739/442/759 608/388/615 1534/441/758 
f 739/442/759 1534/441/758 1535/443/760 
f 741/444/761 739/442/759 1535/443/760 
f 741/444/761 1535/443/760 1536/445/762 
f 743/446/763 741/444/761 1536/445/762 
f 743/446/763 1536/445/762 1537/447/764 
f 745/448/765 743/446/763 1537/447/764 
f 745/448/765 1537/447/764 1538/449/766 
f 1538/449/766 1529/436/753 745/448/765 
f 745/448/765 1529/436/753 600/378/605 
f 600/378/605 819/377/604 745/448/765 
f 745/448/765 819/377/604 743/446/763 
f 819/377/604 817/450/767 743/446/763 
f 743/446/763 817/450/767 741/444/761 
f 817/450/767 812/451/768 741/444/761 
f 741/444/761 812/451/768 739/442/759 
f 812/451/768 747/452/769 739/442/759 
f 739/442/759 747/452/769 608/388/615 
f 747/452/769 810/453/770 608/388/615 
f 608/388/615 810/453/770 809/386/613 
f 748/405/771 749/407/772 693/406/711 
f 693/406/711 749/407/772 750/408/773 
f 695/409/712 693/406/711 750/408/773 
f 695/409/712 750/408/773 698/410/716 
f 750/408/773 751/411/774 698/410/716 
f 698/410/716 751/411/774 700/412/718 
f 751/411/774 752/413/775 700/412/718 
f 700/412/718 752/413/775 702/414/720 
f 752/413/775 753/415/776 702/414/720 
f 702/414/720 753/415/776 703/416/721 
f 753/415/776 754/417/777 703/416/721 
f 703/416/721 754/417/777 610/418/618 
f 613/419/620 703/416/721 610/418/618 
f 679/432/697 681/431/699 755/434/778 
f 756/433/779 679/432/697 755/434/778 
f 687/434/705 688/433/706 719/432/737 
f 717/431/735 687/434/705 719/432/737 
f 823/454/780 757/454/781 825/454/659 
f 758/454/782 823/454/780 825/454/659 
f 758/454/782 825/454/659 664/454/680 
f 759/454/783 758/454/782 664/454/680 
f 759/454/783 664/454/680 665/454/682 
f 645/392/661 821/404/751 537/391/660 
f 537/391/660 821/404/751 540/394/752 
f 217/116/217 167/455/167 218/118/218 
f 218/118/218 167/455/167 760/456/784 
f 219/119/219 218/118/218 760/456/784 
f 219/119/219 760/456/784 622/119/629 
f 760/456/784 761/456/785 622/119/629 
f 622/119/629 761/456/785 621/119/627 
f 761/456/785 762/457/786 621/119/627 
f 621/119/627 762/457/786 627/390/633 
f 762/457/786 731/458/749 627/390/633 
f 627/390/633 731/458/749 730/458/748 
f 628/390/634 627/390/633 730/458/748 
f 628/390/634 730/458/748 729/458/747 
f 729/458/747 728/458/746 628/390/634 
f 628/390/634 728/458/746 629/390/635 
f 728/458/746 727/458/745 629/390/635 
f 629/390/635 727/458/745 763/457/787 
f 625/119/631 629/390/635 763/457/787 
f 625/119/631 763/457/787 764/456/788 
f 624/119/630 625/119/631 764/456/788 
f 624/119/630 764/456/788 765/456/789 
f 219/119/219 624/119/630 765/456/789 
f 219/119/219 765/456/789 220/118/220 
f 765/456/789 308/455/309 220/118/220 
f 220/118/220 308/455/309 221/116/221 
f 636/55/642 555/55/559 766/55/790 
f 766/55/790 555/55/559 556/55/560 
f 642/55/649 766/55/790 556/55/560 
f 689/434/707 690/433/708 721/431/739 
f 721/431/739 690/433/708 723/432/741 
f 724/431/742 723/432/741 690/433/708 
f 724/431/742 690/433/708 691/434/709 
f 590/431/593 707/434/725 592/432/596 
f 592/432/596 707/434/725 708/433/726 
f 708/433/726 709/434/727 592/432/596 
f 592/432/596 709/434/727 593/431/597 
f 172/55/173 185/55/185 767/55/791 
f 767/55/791 185/55/185 495/55/493 
f 495/55/493 179/55/178 767/55/791 
f 767/55/791 179/55/178 768/55/792 
f 769/395/793 771/397/794 770/396/795 
f 770/396/795 771/397/794 772/398/796 
f 822/399/797 772/398/796 771/397/794 
f 822/399/797 771/397/794 773/400/798 
f 771/459/794 768/459/792 773/459/798 
f 773/459/798 768/459/792 774/459/799 
f 775/404/800 826/392/801 736/394/802 
f 736/394/802 826/392/801 737/391/803 
f 308/460/309 765/461/789 286/462/287 
f 286/462/287 765/461/789 764/463/788 
f 764/463/788 776/464/804 286/462/287 
f 286/462/287 776/464/804 630/465/636 
f 670/428/688 630/465/636 776/464/804 
f 670/428/688 776/464/804 727/466/745 
f 763/467/787 727/466/745 776/464/804 
f 763/467/787 776/464/804 764/463/788 
f 650/435/666 649/435/665 711/435/729 
f 711/435/729 649/435/665 777/435/805 
f 649/435/665 648/435/664 777/435/805 
f 777/435/805 648/435/664 778/435/806 
f 648/435/664 647/435/663 778/435/806 
f 778/435/806 647/435/663 779/435/807 
f 666/435/684 779/435/807 647/435/663 
f 666/435/684 647/435/663 646/435/662 
f 620/459/652 821/459/751 824/459/653 
f 824/459/653 821/459/751 645/459/661 
f 645/459/661 825/459/659 824/459/653 
f 824/459/653 825/459/659 644/459/654 
f 825/459/659 757/459/781 644/459/654 
f 134/468/134 780/468/808 135/468/135 
f 573/371/577 654/372/669 571/369/575 
f 571/369/575 654/372/669 567/366/572 
f 781/372/809 567/366/572 654/372/669 
f 781/372/809 654/372/669 652/420/668 
f 652/420/668 686/420/704 781/372/809 
f 781/372/809 686/420/704 782/372/810 
f 686/420/704 684/420/702 782/372/810 
f 782/372/810 684/420/702 683/420/701 
f 783/372/811 782/372/810 683/420/701 
f 783/372/811 683/420/701 680/420/698 
f 784/373/812 783/372/811 680/420/698 
f 784/373/812 680/420/698 588/420/592 
f 785/374/813 784/373/812 588/420/592 
f 785/374/813 588/420/592 589/420/594 
f 786/375/814 785/374/813 589/420/594 
f 786/375/814 589/420/594 591/420/595 
f 591/420/595 587/375/591 786/375/814 
f 786/375/814 587/375/591 570/368/574 
f 570/368/574 569/367/573 786/375/814 
f 786/375/814 569/367/573 785/374/813 
f 569/367/573 568/365/571 785/374/813 
f 785/374/813 568/365/571 784/373/812 
f 783/372/811 784/373/812 568/365/571 
f 783/372/811 568/365/571 782/372/810 
f 568/365/571 566/364/570 782/372/810 
f 782/372/810 566/364/570 781/372/809 
f 567/366/572 781/372/809 566/364/570 
f 787/55/815 174/55/174 788/55/816 
f 788/55/816 174/55/174 172/55/173 
f 172/55/173 767/55/791 788/55/816 
f 788/55/816 767/55/791 769/55/793 
f 767/55/791 768/55/792 769/55/793 
f 769/55/793 768/55/792 771/55/794 
f 826/469/801 775/470/800 772/398/796 
f 772/398/796 775/470/800 770/396/795 
f 775/470/800 789/471/817 770/396/795 
f 770/396/795 789/471/817 790/472/818 
f 769/395/793 770/396/795 790/472/818 
f 769/395/793 790/472/818 788/473/816 
f 737/394/803 826/404/801 738/391/819 
f 738/391/819 826/404/801 827/392/820 
f 791/401/821 734/402/822 792/393/823 
f 792/393/823 734/402/822 733/403/824 
f 793/401/825 792/393/823 746/402/826 
f 746/402/826 792/393/823 733/403/824 
f 827/404/820 823/401/780 738/394/819 
f 738/394/819 823/401/780 740/391/827 
f 794/474/828 759/474/783 665/474/682 
f 642/401/649 556/393/560 523/402/650 
f 523/402/650 556/393/560 525/403/655 
f 558/475/562 665/476/682 530/477/657 
f 530/477/657 665/476/682 531/478/683 
f 711/435/729 777/435/805 710/435/728 
f 710/435/728 777/435/805 778/435/806 
f 709/435/727 710/435/728 778/435/806 
f 709/435/727 778/435/806 795/435/829 
f 676/435/694 795/435/829 778/435/806 
f 676/435/694 778/435/806 779/435/807 
f 779/435/807 666/435/684 676/435/694 
f 676/435/694 666/435/684 675/435/693 
f 666/435/684 667/435/685 675/435/693 
f 692/479/710 672/480/690 724/481/742 
f 691/482/709 692/479/710 724/481/742 
f 677/433/695 599/434/603 675/431/693 
f 674/432/692 677/433/695 675/431/693 
f 668/426/686 631/424/637 630/465/636 
f 670/428/688 668/426/686 630/465/636 
f 286/468/287 630/468/636 285/468/286 
f 753/350/776 796/349/830 754/348/777 
f 754/348/777 796/349/830 797/359/831 
f 610/363/618 754/348/777 797/359/831 
f 610/363/618 797/359/831 609/362/616 
f 563/361/567 609/362/616 797/359/831 
f 563/361/567 797/359/831 798/360/832 
f 799/358/833 798/360/832 797/359/831 
f 799/358/833 797/359/831 796/349/830 
f 796/349/830 800/352/834 799/358/833 
f 799/358/833 800/352/834 801/357/835 
f 793/356/825 801/357/835 800/352/834 
f 793/356/825 800/352/834 792/355/823 
f 791/354/821 792/355/823 800/352/834 
f 791/354/821 800/352/834 751/353/774 
f 752/351/775 751/353/774 800/352/834 
f 752/351/775 800/352/834 796/349/830 
f 753/350/776 752/351/775 796/349/830 
f 802/435/836 703/435/721 613/435/620 
f 613/435/620 651/435/667 802/435/836 
f 802/435/836 651/435/667 704/435/722 
f 703/435/721 802/435/836 704/435/722 
f 772/459/796 822/459/797 826/459/801 
f 826/459/801 822/459/797 827/459/820 
f 823/459/780 827/459/820 822/459/797 
f 823/459/780 822/459/797 773/459/798 
f 757/459/781 823/459/780 773/459/798 
f 757/459/781 773/459/798 774/459/799 
f 774/459/799 803/459/837 757/459/781 
f 757/459/781 803/459/837 804/459/838 
f 644/459/654 757/459/781 804/459/838 
f 644/459/654 804/459/838 638/459/644 
f 640/459/646 644/459/654 638/459/644 
f 736/391/802 735/394/839 789/393/817 
f 775/392/800 736/391/802 789/393/817 
f 746/477/826 744/478/840 759/476/783 
f 793/475/825 746/477/826 759/476/783 
f 759/401/783 744/402/840 742/394/841 
f 758/393/782 759/401/783 742/394/841 
f 697/435/715 707/435/725 756/435/779 
f 756/435/779 755/435/778 697/435/715 
f 697/435/715 755/435/778 696/435/714 
f 694/435/713 696/435/714 755/435/778 
f 694/435/713 755/435/778 712/435/730 
f 713/435/732 694/435/713 712/435/730 
f 795/433/829 676/434/694 596/432/600 
f 596/432/600 676/434/694 598/431/602 
f 673/431/691 672/432/690 678/434/696 
f 678/434/696 672/432/690 692/433/710 
f 636/55/642 639/55/645 637/55/643 
f 734/403/822 791/393/821 735/402/839 
f 735/402/839 791/393/821 789/401/817 
f 758/393/782 742/394/841 823/401/780 
f 823/401/780 742/394/841 740/391/827 
f 689/482/707 721/481/739 688/479/706 
f 688/479/706 721/481/739 719/480/737 
f 714/432/731 712/431/730 685/433/703 
f 685/433/703 712/431/730 682/434/700 
f 805/424/842 806/426/843 780/465/808 
f 780/465/808 806/426/843 732/428/750 
f 717/432/735 714/431/731 687/433/705 
f 687/433/705 714/431/731 685/434/703 
f 768/483/792 179/484/178 774/485/799 
f 774/485/799 179/484/178 181/486/181 
f 803/487/837 774/485/799 181/486/181 
f 803/487/837 181/486/181 804/485/838 
f 181/486/181 182/484/182 804/485/838 
f 804/485/838 182/484/182 638/483/644 
f 593/431/597 709/432/727 596/434/600 
f 596/434/600 709/432/727 795/433/829 
f 580/365/584 578/364/582 576/366/580 
f 584/367/588 580/365/584 576/366/580 
f 693/421/711 694/423/713 748/422/771 
f 748/422/771 694/423/713 805/424/842 
f 694/423/713 713/425/732 805/424/842 
f 805/424/842 713/425/732 806/426/843 
f 713/425/732 715/427/733 806/426/843 
f 806/426/843 715/427/733 732/428/750 
f 715/427/733 716/429/734 732/428/750 
f 681/431/699 682/434/700 712/433/730 
f 755/432/778 681/431/699 712/433/730 
f 801/55/835 793/55/825 759/55/783 
f 799/55/833 801/55/835 759/55/783 
f 799/55/833 759/55/783 794/55/828 
f 798/55/832 799/55/833 794/55/828 
f 798/55/832 794/55/828 807/55/844 
f 563/55/567 798/55/832 807/55/844 
f 563/55/567 807/55/844 562/55/566 
f 807/55/844 794/55/828 562/55/566 
f 562/55/566 794/55/828 560/55/564 
f 794/55/828 665/55/682 560/55/564 
f 560/55/564 665/55/682 559/55/563 
f 665/55/682 558/55/562 559/55/563 
f 641/470/648 821/469/751 620/398/652 
f 620/398/652 643/396/651 641/470/648 
f 641/470/648 643/396/651 642/471/649 
f 766/472/790 642/471/649 643/396/651 
f 766/472/790 643/396/651 639/395/645 
f 636/473/642 766/472/790 639/395/645 
f 133/55/133 434/55/432 134/55/134 
f 134/55/134 434/55/432 780/55/808 
f 434/55/432 195/55/195 780/55/808 
f 780/55/808 195/55/195 805/55/842 
f 748/55/771 805/55/842 195/55/195 
f 748/55/771 195/55/195 749/55/772 
f 195/55/195 177/55/177 749/55/772 
f 749/55/772 177/55/177 174/55/174 
f 750/55/773 749/55/772 174/55/174 
f 750/55/773 174/55/174 787/55/815 
f 751/55/774 750/55/773 787/55/815 
f 751/55/774 787/55/815 788/55/816 
f 788/55/816 790/55/818 751/55/774 
f 751/55/774 790/55/818 791/55/821 
f 790/55/818 789/55/817 791/55/821 
f 760/461/784 167/460/167 135/462/135 
f 761/463/785 760/461/784 135/462/135 
f 761/463/785 135/462/135 808/464/845 
f 762/467/786 761/463/785 808/464/845 
f 762/467/786 808/464/845 731/466/749 
f 732/428/750 731/466/749 808/464/845 
f 732/428/750 808/464/845 780/465/808 
f 808/464/845 135/462/135 780/465/808 
f 679/434/697 756/433/779 707/432/725 
f 590/431/593 679/434/697 707/432/725 
usemtl material_151
f 809/488/613 810/489/770 606/490/612 
f 606/490/612 810/489/770 811/491/846 
f 812/492/768 811/491/846 810/489/770 
f 812/492/768 810/489/770 747/493/769 
f 549/494/553 813/495/544 548/496/552 
f 548/496/552 813/495/544 814/497/847 
f 544/498/546 814/497/847 813/495/544 
f 544/498/546 813/495/544 543/499/545 
f 815/500/551 548/496/552 816/501/550 
f 816/501/550 548/496/552 814/497/847 
f 547/502/549 816/501/550 814/497/847 
f 547/502/549 814/497/847 545/503/547 
f 546/504/548 547/502/549 545/503/547 
f 811/491/846 812/492/768 817/505/767 
f 818/506/606 811/491/846 817/505/767 
f 818/506/606 817/505/767 819/507/604 
f 818/506/606 602/508/608 811/491/846 
f 811/491/846 602/508/608 606/490/612 
f 602/508/608 604/509/610 606/490/612 
f 814/497/847 544/498/546 545/503/547 
usemtl material_158
f 1539/31/848 240/31/240 239/31/239 
f 833/510/849 835/511/850 834/512/851 
f 834/512/851 835/511/850 836/513/852 
f 835/511/850 837/514/853 836/513/852 
f 836/513/852 837/514/853 838/515/854 
f 828/516/855 839/516/856 829/516/857 
f 829/516/857 839/516/856 840/516/858 
f 831/516/859 829/516/857 840/516/858 
f 831/516/859 840/516/858 841/516/860 
f 842/516/861 844/516/862 843/516/863 
f 843/516/863 844/516/862 845/516/864 
f 846/516/865 845/516/864 844/516/862 
f 846/516/865 844/516/862 847/516/866 
f 847/516/866 829/516/857 846/516/865 
f 846/516/865 829/516/857 831/516/859 
f 848/517/867 850/517/868 849/517/869 
f 849/517/869 850/517/868 851/517/870 
f 852/517/871 849/517/869 851/517/870 
f 852/517/871 851/517/870 853/517/872 
f 854/517/873 853/517/872 851/517/870 
f 854/517/873 851/517/870 855/517/874 
f 856/517/875 854/517/873 855/517/874 
f 856/517/875 855/517/874 857/517/876 
f 855/518/874 844/519/862 857/520/876 
f 857/520/876 844/519/862 858/521/877 
f 844/519/862 842/522/861 858/521/877 
f 858/521/877 842/522/861 859/523/878 
f 842/524/861 843/525/863 860/526/879 
f 860/526/879 843/525/863 861/527/880 
f 862/528/881 861/527/880 843/525/863 
f 862/528/881 843/525/863 833/529/849 
f 863/530/882 865/530/883 864/530/884 
f 864/530/884 865/530/883 866/530/885 
f 867/517/886 869/517/887 868/517/888 
f 868/517/888 869/517/887 870/517/889 
f 869/517/887 871/517/890 870/517/889 
f 870/517/889 871/517/890 830/517/891 
f 871/517/890 839/517/856 830/517/891 
f 830/517/891 839/517/856 828/517/855 
f 872/517/892 830/517/891 828/517/855 
f 872/517/892 828/517/855 873/517/893 
f 849/517/869 872/517/892 873/517/893 
f 849/517/869 873/517/893 848/517/867 
f 873/517/893 874/517/894 848/517/867 
f 876/517/895 875/517/896 877/517/897 
f 878/517/898 876/517/895 877/517/897 
f 878/517/898 877/517/897 832/517/899 
f 879/517/900 878/517/898 832/517/899 
f 879/517/900 832/517/899 870/517/889 
f 832/517/899 868/517/888 870/517/889 
f 880/516/901 867/516/886 868/516/888 
f 868/516/888 832/516/899 880/516/901 
f 880/516/901 832/516/899 881/516/902 
f 882/516/903 881/516/902 832/516/899 
f 882/516/903 832/516/899 883/516/904 
f 832/516/899 877/516/897 883/516/904 
f 857/531/876 858/532/877 884/533/905 
f 884/533/905 858/532/877 885/534/906 
f 858/532/877 859/535/878 885/534/906 
f 885/534/906 859/535/878 886/536/907 
f 887/537/908 885/534/906 886/536/907 
f 887/537/908 886/536/907 888/538/909 
f 889/539/910 887/537/908 888/538/909 
f 889/539/910 888/538/909 890/540/911 
f 890/540/911 891/541/912 889/539/910 
f 889/539/910 891/541/912 892/542/913 
f 887/537/908 889/539/910 892/542/913 
f 887/537/908 892/542/913 893/543/914 
f 885/534/906 887/537/908 893/543/914 
f 885/534/906 893/543/914 884/533/905 
f 859/544/878 856/544/875 886/544/907 
f 886/544/907 856/544/875 894/544/915 
f 856/544/875 857/544/876 894/544/915 
f 894/544/915 857/544/876 884/544/905 
f 895/544/916 894/544/915 884/544/905 
f 895/544/916 884/544/905 893/544/914 
f 896/544/917 895/544/916 893/544/914 
f 896/544/917 893/544/914 892/544/913 
f 892/544/913 891/544/912 896/544/917 
f 896/544/917 891/544/912 890/544/911 
f 895/544/916 896/544/917 890/544/911 
f 895/544/916 890/544/911 888/544/909 
f 894/544/915 895/544/916 888/544/909 
f 894/544/915 888/544/909 886/544/907 
f 862/544/881 898/544/918 897/544/919 
f 897/544/919 898/544/918 899/544/920 
f 898/544/918 860/544/879 899/544/920 
f 899/544/920 860/544/879 900/544/921 
f 901/544/922 899/544/920 900/544/921 
f 901/544/922 900/544/921 902/544/923 
f 903/544/924 901/544/922 902/544/923 
f 903/544/924 902/544/923 904/544/925 
f 904/544/925 905/544/926 903/544/924 
f 903/544/924 905/544/926 906/544/927 
f 901/544/922 903/544/924 906/544/927 
f 901/544/922 906/544/927 907/544/928 
f 907/544/928 897/544/919 901/544/922 
f 901/544/922 897/544/919 899/544/920 
f 908/545/929 910/546/930 909/547/931 
f 909/547/931 910/546/930 911/548/932 
f 910/546/930 875/549/896 911/548/932 
f 911/548/932 875/549/896 912/550/933 
f 913/551/934 911/548/932 912/550/933 
f 913/551/934 912/550/933 914/552/935 
f 914/552/935 915/553/936 913/551/934 
f 913/551/934 915/553/936 916/554/937 
f 911/548/932 913/551/934 916/554/937 
f 911/548/932 916/554/937 909/547/931 
f 860/555/879 861/556/880 900/557/921 
f 900/557/921 861/556/880 917/558/938 
f 861/556/880 862/559/881 917/558/938 
f 917/558/938 862/559/881 897/560/919 
f 918/561/939 917/558/938 897/560/919 
f 918/561/939 897/560/919 907/562/928 
f 919/563/940 918/561/939 907/562/928 
f 919/563/940 907/562/928 906/564/927 
f 906/564/927 905/565/926 919/563/940 
f 919/563/940 905/565/926 904/566/925 
f 918/561/939 919/563/940 904/566/925 
f 918/561/939 904/566/925 902/567/923 
f 917/558/938 918/561/939 902/567/923 
f 917/558/938 902/567/923 900/557/921 
f 834/568/851 836/569/852 920/570/941 
f 920/570/941 836/569/852 921/571/942 
f 836/569/852 838/572/854 921/571/942 
f 921/571/942 838/572/854 922/573/943 
f 923/574/944 921/571/942 922/573/943 
f 923/574/944 922/573/943 924/575/945 
f 925/576/946 923/574/944 924/575/945 
f 925/576/946 924/575/945 926/577/947 
f 926/577/947 927/578/948 925/576/946 
f 925/576/946 927/578/948 928/579/949 
f 923/574/944 925/576/946 928/579/949 
f 923/574/944 928/579/949 929/580/950 
f 921/571/942 923/574/944 929/580/950 
f 921/571/942 929/580/950 920/570/941 
f 838/544/854 930/544/951 922/544/943 
f 922/544/943 930/544/951 931/544/952 
f 930/544/951 834/544/851 931/544/952 
f 931/544/952 834/544/851 920/544/941 
f 932/544/953 931/544/952 920/544/941 
f 932/544/953 920/544/941 929/544/950 
f 933/544/954 932/544/953 929/544/950 
f 933/544/954 929/544/950 928/544/949 
f 928/544/949 927/544/948 933/544/954 
f 933/544/954 927/544/948 926/544/947 
f 932/544/953 933/544/954 926/544/947 
f 932/544/953 926/544/947 924/544/945 
f 924/544/945 922/544/943 932/544/953 
f 932/544/953 922/544/943 931/544/952 
f 875/581/896 910/582/930 877/583/897 
f 877/583/897 910/582/930 883/584/904 
f 837/585/853 883/584/904 910/582/930 
f 837/585/853 910/582/930 908/586/929 
f 860/517/879 898/517/918 842/517/861 
f 842/517/861 898/517/918 934/517/955 
f 898/517/918 862/517/881 934/517/955 
f 934/517/955 862/517/881 833/517/849 
f 935/517/956 934/517/955 833/517/849 
f 935/517/956 833/517/849 834/517/851 
f 834/517/851 930/517/951 935/517/956 
f 935/517/956 930/517/951 838/517/854 
f 838/517/854 837/517/853 935/517/956 
f 935/517/956 837/517/853 878/517/898 
f 876/517/895 878/517/898 837/517/853 
f 876/517/895 837/517/853 908/517/929 
f 880/517/901 881/517/902 936/517/957 
f 936/517/957 881/517/902 937/517/958 
f 844/516/862 855/516/874 847/516/866 
f 847/516/866 855/516/874 851/516/870 
f 878/517/898 879/517/900 935/517/956 
f 935/517/956 879/517/900 938/517/959 
f 879/517/900 870/517/889 938/517/959 
f 938/517/959 870/517/889 939/517/960 
f 870/517/889 830/517/891 939/517/960 
f 939/517/960 830/517/891 872/517/892 
f 872/517/892 849/517/869 939/517/960 
f 939/517/960 849/517/869 852/517/871 
f 938/517/959 939/517/960 852/517/871 
f 938/517/959 852/517/871 853/517/872 
f 935/517/956 938/517/959 853/517/872 
f 935/517/956 853/517/872 934/517/955 
f 853/517/872 854/517/873 934/517/955 
f 934/517/955 854/517/873 842/517/861 
f 854/517/873 856/517/875 842/517/861 
f 842/517/861 856/517/875 859/517/878 
f 875/544/896 876/544/895 912/544/933 
f 912/544/933 876/544/895 940/544/961 
f 876/544/895 908/544/929 940/544/961 
f 940/544/961 908/544/929 909/544/931 
f 941/544/962 940/544/961 909/544/931 
f 941/544/962 909/544/931 916/544/937 
f 916/544/937 915/544/936 941/544/962 
f 941/544/962 915/544/936 914/544/935 
f 940/544/961 941/544/962 914/544/935 
f 940/544/961 914/544/935 912/544/933 
f 866/587/885 865/588/883 840/589/858 
f 840/589/858 865/588/883 841/590/860 
f 837/516/853 835/516/850 883/516/904 
f 883/516/904 835/516/850 882/516/903 
f 845/516/864 882/516/903 835/516/850 
f 845/516/864 835/516/850 843/516/863 
f 835/516/850 833/516/849 843/516/863 
f 851/591/870 942/592/963 847/593/866 
f 847/593/866 942/592/963 829/594/857 
f 828/595/855 829/594/857 942/592/963 
f 828/595/855 942/592/963 873/596/893 
f 874/597/894 873/596/893 942/592/963 
f 874/597/894 942/592/963 943/598/964 
f 850/599/868 943/598/964 942/592/963 
f 850/599/868 942/592/963 851/591/870 
f 850/544/868 848/544/867 944/544/965 
f 944/544/965 848/544/867 945/544/966 
f 848/544/867 874/544/894 945/544/966 
f 945/544/966 874/544/894 946/544/967 
f 874/544/894 943/544/964 946/544/967 
f 946/544/967 943/544/964 947/544/968 
f 943/544/964 850/544/868 947/544/968 
f 947/544/968 850/544/868 944/544/965 
f 948/544/969 947/544/968 944/544/965 
f 948/544/969 944/544/965 949/544/970 
f 944/544/965 945/544/966 949/544/970 
f 949/544/970 945/544/966 950/544/971 
f 945/544/966 946/544/967 950/544/971 
f 950/544/971 946/544/967 951/544/972 
f 946/544/967 947/544/968 951/544/972 
f 951/544/972 947/544/968 948/544/969 
f 952/544/973 951/544/972 948/544/969 
f 952/544/973 948/544/969 949/544/970 
f 949/544/970 950/544/971 952/544/973 
f 952/544/973 950/544/971 951/544/972 
f 953/516/974 955/516/975 961/516/976 
f 961/516/976 955/516/975 962/516/977 
f 955/516/975 956/516/978 962/516/977 
f 962/516/977 956/516/978 963/516/979 
f 964/517/980 966/517/981 965/517/982 
f 965/517/982 966/517/981 967/517/983 
f 966/517/981 960/517/984 967/517/983 
f 967/517/983 960/517/984 968/517/985 
f 969/517/986 968/517/985 960/517/984 
f 969/517/986 960/517/984 970/517/987 
f 971/517/988 969/517/986 970/517/987 
f 971/517/988 970/517/987 972/517/989 
f 973/517/990 975/517/991 974/517/992 
f 974/517/992 975/517/991 976/517/993 
f 976/517/993 977/517/994 974/517/992 
f 974/517/992 977/517/994 978/517/995 
f 979/517/996 974/517/992 978/517/995 
f 979/517/996 978/517/995 980/517/997 
f 980/517/997 981/517/998 979/517/996 
f 979/517/996 981/517/998 982/517/999 
f 981/517/998 983/517/1000 982/517/999 
f 955/516/975 984/516/1001 958/516/1002 
f 956/516/978 955/516/975 958/516/1002 
f 985/587/1003 962/589/977 986/588/1004 
f 986/588/1004 962/589/977 963/590/979 
f 965/517/982 967/517/983 987/517/1005 
f 987/517/1005 967/517/983 954/517/1006 
f 961/517/976 987/517/1005 954/517/1006 
f 961/517/976 954/517/1006 953/517/974 
f 954/517/1006 988/517/1007 953/517/974 
f 953/517/974 988/517/1007 989/517/1008 
f 990/517/1009 989/517/1008 988/517/1007 
f 990/517/1009 988/517/1007 991/517/1010 
f 988/517/1007 954/517/1006 991/517/1010 
f 991/517/1010 954/517/1006 967/517/983 
f 992/517/1011 991/517/1010 967/517/983 
f 992/517/1011 967/517/983 968/517/985 
f 974/517/992 992/517/1011 968/517/985 
f 974/517/992 968/517/985 969/517/986 
f 973/517/990 974/517/992 969/517/986 
f 973/517/990 969/517/986 971/517/988 
f 993/517/1012 973/517/990 971/517/988 
f 995/517/1013 994/517/1014 996/517/1015 
f 997/517/1016 995/517/1013 996/517/1015 
f 997/517/1016 996/517/1015 998/517/1017 
f 999/517/1018 997/517/1016 998/517/1017 
f 999/517/1018 998/517/1017 1000/517/1019 
f 996/518/1015 994/520/1014 1001/519/1020 
f 1001/519/1020 994/520/1014 1002/521/1021 
f 982/522/999 1001/519/1020 1002/521/1021 
f 982/522/999 1002/521/1021 1003/523/1022 
f 972/581/989 970/583/987 1004/582/1023 
f 1004/582/1023 970/583/987 1005/584/1024 
f 1005/584/1024 973/585/990 1004/582/1023 
f 1004/582/1023 973/585/990 993/586/1012 
f 964/516/980 1006/516/1025 966/516/981 
f 966/516/981 1006/516/1025 960/516/984 
f 1006/516/1025 1007/516/1026 960/516/984 
f 960/516/984 1007/516/1026 959/516/1027 
f 959/516/1027 1005/516/1024 960/516/984 
f 960/516/984 1005/516/1024 970/516/987 
f 982/524/999 983/526/1000 1008/525/1028 
f 1008/525/1028 983/526/1000 1009/527/1029 
f 1009/527/1029 980/528/997 1008/525/1028 
f 1008/525/1028 980/528/997 978/529/995 
f 1006/517/1025 1010/517/1030 1007/517/1026 
f 1007/517/1026 1010/517/1030 1011/517/1031 
f 1003/544/1022 1012/544/1032 995/544/1013 
f 995/544/1013 1012/544/1032 1013/544/1033 
f 1012/544/1032 1014/544/1034 1013/544/1033 
f 1013/544/1033 1014/544/1034 1015/544/1035 
f 1014/544/1034 1016/544/1036 1015/544/1035 
f 1015/544/1035 1016/544/1036 1017/544/1037 
f 1016/544/1036 1018/544/1038 1017/544/1037 
f 1017/544/1037 1018/544/1038 1019/544/1039 
f 1019/544/1039 1020/544/1040 1017/544/1037 
f 1017/544/1037 1020/544/1040 1015/544/1035 
f 1020/544/1040 1021/544/1041 1015/544/1035 
f 1015/544/1035 1021/544/1041 1013/544/1033 
f 1021/544/1041 994/544/1014 1013/544/1033 
f 1013/544/1033 994/544/1014 995/544/1013 
f 980/544/997 1022/544/1042 981/544/998 
f 981/544/998 1022/544/1042 1023/544/1043 
f 983/544/1000 981/544/998 1023/544/1043 
f 983/544/1000 1023/544/1043 1024/544/1044 
f 1023/544/1043 1025/544/1045 1024/544/1044 
f 1024/544/1044 1025/544/1045 1026/544/1046 
f 1025/544/1045 1027/544/1047 1026/544/1046 
f 1026/544/1046 1027/544/1047 1028/544/1048 
f 1029/544/1049 1028/544/1048 1027/544/1047 
f 1029/544/1049 1027/544/1047 1030/544/1050 
f 1027/544/1047 1025/544/1045 1030/544/1050 
f 1030/544/1050 1025/544/1045 1031/544/1051 
f 1022/544/1042 1031/544/1051 1025/544/1045 
f 1022/544/1042 1025/544/1045 1023/544/1043 
f 972/544/989 1032/544/1052 971/544/988 
f 971/544/988 1032/544/1052 1033/544/1053 
f 1032/544/1052 1034/544/1054 1033/544/1053 
f 1033/544/1053 1034/544/1054 1035/544/1055 
f 1034/544/1054 1036/544/1056 1035/544/1055 
f 1035/544/1055 1036/544/1056 1037/544/1057 
f 1037/544/1057 1038/544/1058 1035/544/1055 
f 1035/544/1055 1038/544/1058 1033/544/1053 
f 1038/544/1058 993/544/1012 1033/544/1053 
f 1033/544/1053 993/544/1012 971/544/988 
f 1039/511/1059 978/510/995 977/512/994 
f 977/512/994 1040/513/1060 1039/511/1059 
f 1039/511/1059 1040/513/1060 973/514/990 
f 1040/513/1060 975/515/991 973/514/990 
f 1039/516/1059 973/516/990 1005/516/1024 
f 1005/516/1024 959/516/1027 1039/516/1059 
f 1039/516/1059 959/516/1027 957/516/1061 
f 957/516/1061 1008/516/1028 1039/516/1059 
f 1039/516/1059 1008/516/1028 978/516/995 
f 1041/544/1062 1043/544/1063 1042/544/1064 
f 1042/544/1064 1043/544/1063 1044/544/1065 
f 1045/544/1066 1042/544/1064 1044/544/1065 
f 1045/544/1066 1044/544/1065 1046/544/1067 
f 1047/544/1068 1045/544/1066 1046/544/1067 
f 1047/544/1068 1046/544/1067 1048/544/1069 
f 1041/544/1062 1047/544/1068 1048/544/1069 
f 1041/544/1062 1048/544/1069 1043/544/1063 
f 1048/544/1069 1049/544/1070 1043/544/1063 
f 1043/544/1063 1049/544/1070 1050/544/1071 
f 1044/544/1065 1043/544/1063 1050/544/1071 
f 1044/544/1065 1050/544/1071 1051/544/1072 
f 1046/544/1067 1044/544/1065 1051/544/1072 
f 1046/544/1067 1051/544/1072 1052/544/1073 
f 1048/544/1069 1046/544/1067 1052/544/1073 
f 1048/544/1069 1052/544/1073 1049/544/1070 
f 1053/544/1074 1049/544/1070 1052/544/1073 
f 1053/544/1074 1052/544/1073 1051/544/1072 
f 1051/544/1072 1050/544/1071 1053/544/1074 
f 1053/544/1074 1050/544/1071 1049/544/1070 
f 977/568/994 1054/570/1075 1040/569/1060 
f 1040/569/1060 1054/570/1075 1055/571/1076 
f 1054/570/1075 1056/580/1077 1055/571/1076 
f 1055/571/1076 1056/580/1077 1057/574/1078 
f 1056/580/1077 1058/579/1079 1057/574/1078 
f 1057/574/1078 1058/579/1079 1059/576/1080 
f 1058/579/1079 1060/578/1081 1059/576/1080 
f 1059/576/1080 1060/578/1081 1061/577/1082 
f 1061/577/1082 1062/575/1083 1059/576/1080 
f 1059/576/1080 1062/575/1083 1057/574/1078 
f 1062/575/1083 1063/573/1084 1057/574/1078 
f 1057/574/1078 1063/573/1084 1055/571/1076 
f 1063/573/1084 975/572/991 1055/571/1076 
f 1055/571/1076 975/572/991 1040/569/1060 
f 993/545/1012 1038/547/1058 1004/546/1023 
f 1004/546/1023 1038/547/1058 1064/548/1085 
f 1038/547/1058 1037/554/1057 1064/548/1085 
f 1064/548/1085 1037/554/1057 1065/551/1086 
f 1037/554/1057 1036/553/1056 1065/551/1086 
f 1065/551/1086 1036/553/1056 1034/552/1054 
f 1034/552/1054 1032/550/1052 1065/551/1086 
f 1065/551/1086 1032/550/1052 1064/548/1085 
f 1032/550/1052 972/549/989 1064/548/1085 
f 1064/548/1085 972/549/989 1004/546/1023 
f 975/544/991 1063/544/1084 976/544/993 
f 976/544/993 1063/544/1084 1066/544/1087 
f 977/544/994 976/544/993 1066/544/1087 
f 977/544/994 1066/544/1087 1054/544/1075 
f 1066/544/1087 1067/544/1088 1054/544/1075 
f 1054/544/1075 1067/544/1088 1056/544/1077 
f 1067/544/1088 1068/544/1089 1056/544/1077 
f 1056/544/1077 1068/544/1089 1058/544/1079 
f 1060/544/1081 1058/544/1079 1068/544/1089 
f 1060/544/1081 1068/544/1089 1061/544/1082 
f 1068/544/1089 1067/544/1088 1061/544/1082 
f 1061/544/1082 1067/544/1088 1062/544/1083 
f 1063/544/1084 1062/544/1083 1067/544/1088 
f 1063/544/1084 1067/544/1088 1066/544/1087 
f 1045/517/1066 989/517/1008 1042/517/1064 
f 1042/517/1064 989/517/1008 990/517/1009 
f 1041/517/1062 1042/517/1064 990/517/1009 
f 1041/517/1062 990/517/1009 998/517/1017 
f 1000/517/1019 998/517/1017 990/517/1009 
f 1000/517/1019 990/517/1009 991/517/1010 
f 991/517/1010 992/517/1011 1000/517/1019 
f 1000/517/1019 992/517/1011 999/517/1018 
f 992/517/1011 974/517/992 999/517/1018 
f 999/517/1018 974/517/992 979/517/996 
f 997/517/1016 999/517/1018 979/517/996 
f 997/517/1016 979/517/996 982/517/999 
f 995/517/1013 997/517/1016 982/517/999 
f 995/517/1013 982/517/999 1003/517/1022 
f 982/516/999 1008/516/1028 1001/516/1020 
f 1001/516/1020 1008/516/1028 957/516/1061 
f 957/516/1061 958/516/1002 1001/516/1020 
f 1001/516/1020 958/516/1002 984/516/1001 
f 996/516/1015 1001/516/1020 984/516/1001 
f 996/516/1015 984/516/1001 998/516/1017 
f 1069/530/1090 1070/530/1091 986/530/1004 
f 986/530/1004 1070/530/1091 985/530/1003 
f 998/591/1017 984/593/1001 1071/592/1092 
f 1041/599/1062 998/591/1017 1071/592/1092 
f 1041/599/1062 1071/592/1092 1047/598/1068 
f 1045/597/1066 1047/598/1068 1071/592/1092 
f 1045/597/1066 1071/592/1092 989/596/1008 
f 953/595/974 989/596/1008 1071/592/1092 
f 953/595/974 1071/592/1092 955/594/975 
f 1071/592/1092 984/593/1001 955/594/975 
f 994/531/1014 1021/533/1041 1002/532/1021 
f 1002/532/1021 1021/533/1041 1072/534/1093 
f 1021/533/1041 1020/543/1040 1072/534/1093 
f 1072/534/1093 1020/543/1040 1073/537/1094 
f 1020/543/1040 1019/542/1039 1073/537/1094 
f 1073/537/1094 1019/542/1039 1074/539/1095 
f 1019/542/1039 1018/541/1038 1074/539/1095 
f 1074/539/1095 1018/541/1038 1016/540/1036 
f 1016/540/1036 1014/538/1034 1074/539/1095 
f 1074/539/1095 1014/538/1034 1073/537/1094 
f 1014/538/1034 1012/536/1032 1073/537/1094 
f 1073/537/1094 1012/536/1032 1072/534/1093 
f 1012/536/1032 1003/535/1022 1072/534/1093 
f 1072/534/1093 1003/535/1022 1002/532/1021 
f 983/555/1000 1024/557/1044 1009/556/1029 
f 1009/556/1029 1024/557/1044 1075/558/1096 
f 1024/557/1044 1026/567/1046 1075/558/1096 
f 1075/558/1096 1026/567/1046 1076/561/1097 
f 1026/567/1046 1028/566/1048 1076/561/1097 
f 1076/561/1097 1028/566/1048 1077/563/1098 
f 1028/566/1048 1029/565/1049 1077/563/1098 
f 1077/563/1098 1029/565/1049 1030/564/1050 
f 1030/564/1050 1031/562/1051 1077/563/1098 
f 1077/563/1098 1031/562/1051 1076/561/1097 
f 1031/562/1051 1022/560/1042 1076/561/1097 
f 1076/561/1097 1022/560/1042 1075/558/1096 
f 1022/560/1042 980/559/997 1075/558/1096 
f 1075/558/1096 980/559/997 1009/556/1029 
f 1078/600/1099 1080/601/1100 1079/602/1101 
f 1079/602/1101 1080/601/1100 1081/603/1102 
f 1082/604/1103 1081/603/1102 1080/601/1100 
f 1082/604/1103 1080/601/1100 1083/605/1104 
f 1084/606/1105 1082/604/1103 1083/605/1104 
f 1086/607/1106 1085/607/1107 1087/607/1108 
f 1088/608/1109 1090/608/1110 1089/608/1111 
f 1089/608/1111 1090/608/1110 1091/608/1112 
f 1090/608/1110 1092/608/1113 1091/608/1112 
f 1091/608/1112 1092/608/1113 1093/608/1114 
f 1092/608/1113 1094/608/1115 1093/608/1114 
f 1093/608/1114 1094/608/1115 1095/608/1116 
f 1091/608/1112 1093/608/1114 1095/608/1116 
f 1091/608/1112 1095/608/1116 1096/608/1117 
f 1089/608/1111 1091/608/1112 1096/608/1117 
f 1084/606/1105 1097/609/1118 1098/610/1119 
f 1092/607/1113 1090/607/1110 1094/607/1115 
f 1094/607/1115 1090/607/1110 1099/607/1120 
f 1100/607/1121 1099/607/1120 1090/607/1110 
f 1100/607/1121 1090/607/1110 1101/607/1122 
f 1090/607/1110 1088/607/1109 1101/607/1122 
f 1101/607/1122 1088/607/1109 1102/607/1123 
f 1103/607/1124 1102/607/1123 1088/607/1109 
f 1103/607/1124 1088/607/1109 1104/607/1125 
f 1104/607/1125 1105/607/1126 1103/607/1124 
f 1103/607/1124 1105/607/1126 1102/607/1123 
f 1105/607/1126 1106/607/1127 1102/607/1123 
f 1102/607/1123 1106/607/1127 1107/607/1128 
f 1101/607/1122 1102/607/1123 1107/607/1128 
f 1101/607/1122 1107/607/1128 1108/607/1129 
f 1107/607/1128 1109/607/1130 1108/607/1129 
f 1108/607/1129 1109/607/1130 1086/607/1106 
f 1101/607/1122 1108/607/1129 1086/607/1106 
f 1101/607/1122 1086/607/1106 1100/607/1121 
f 1086/607/1106 1087/607/1108 1100/607/1121 
f 1100/607/1121 1087/607/1108 1099/607/1120 
f 1087/607/1108 1085/607/1107 1099/607/1120 
f 1099/607/1120 1085/607/1107 1110/607/1131 
f 1111/607/1132 1110/607/1131 1085/607/1107 
f 1111/607/1132 1085/607/1107 1109/607/1130 
f 1086/607/1106 1109/607/1130 1085/607/1107 
f 1109/607/1130 1107/607/1128 1111/607/1132 
f 1111/607/1132 1107/607/1128 1112/607/1133 
f 1107/607/1128 1113/607/1134 1112/607/1133 
f 1112/607/1133 1113/607/1134 1114/607/1135 
f 1113/607/1134 1097/607/1118 1114/607/1135 
f 1114/607/1135 1097/607/1118 1115/607/1136 
f 1112/607/1133 1114/607/1135 1115/607/1136 
f 1112/607/1133 1115/607/1136 1116/607/1137 
f 1117/607/1138 1116/607/1137 1115/607/1136 
f 1117/607/1138 1115/607/1136 1097/607/1118 
f 1097/607/1118 1118/607/1139 1117/607/1138 
f 1117/607/1138 1118/607/1139 1119/607/1140 
f 1116/607/1137 1117/607/1138 1119/607/1140 
f 1116/607/1137 1119/607/1140 1112/607/1133 
f 1119/607/1140 1111/607/1132 1112/607/1133 
f 1121/611/1141 1120/612/1142 1122/613/1143 
f 1123/614/1144 1121/611/1141 1122/613/1143 
f 1125/615/1145 1124/616/1146 1126/617/1147 
f 1127/618/1148 1125/615/1145 1126/617/1147 
f 1129/619/1149 1128/620/1150 1130/621/1151 
f 1131/622/1152 1129/619/1149 1130/621/1151 
f 1098/610/1119 1105/623/1126 1104/624/1125 
f 1121/625/1141 1123/613/1144 1124/626/1146 
f 1124/626/1146 1123/613/1144 1126/627/1147 
f 1125/620/1145 1127/621/1148 1128/619/1150 
f 1128/619/1150 1127/621/1148 1130/622/1151 
f 1132/614/1153 1134/628/1154 1133/629/1155 
f 1133/629/1155 1134/628/1154 1135/630/1156 
f 1136/631/1157 1133/629/1155 1135/630/1156 
f 1136/631/1157 1135/630/1156 1137/632/1158 
f 1138/632/1159 1140/633/1160 1139/628/1161 
f 1139/628/1161 1140/633/1160 1141/614/1162 
f 1142/632/1163 1144/633/1164 1143/628/1165 
f 1143/628/1165 1144/633/1164 1145/614/1166 
f 1146/634/1167 1120/635/1142 1147/636/1168 
f 1147/636/1168 1120/635/1142 1148/637/1169 
f 1149/638/1170 1150/639/1171 1138/640/1159 
f 1138/640/1159 1150/639/1171 1134/641/1154 
f 1139/634/1161 1142/635/1163 1151/636/1172 
f 1151/636/1172 1142/635/1163 1152/637/1173 
f 1153/642/1174 1104/624/1125 1088/643/1109 
f 1139/632/1161 1141/633/1162 1142/628/1163 
f 1142/628/1163 1141/633/1162 1144/614/1164 
f 1120/634/1142 1121/635/1141 1148/636/1169 
f 1148/636/1169 1121/635/1141 1154/637/1175 
f 1145/633/1166 1155/614/1176 1143/632/1165 
f 1143/632/1165 1155/614/1176 1146/628/1167 
f 1128/644/1150 1156/645/1177 1125/646/1145 
f 1125/646/1145 1156/645/1177 1157/636/1178 
f 1158/647/1179 1159/648/1180 1137/649/1158 
f 1137/649/1158 1159/648/1180 1129/650/1149 
f 1148/651/1169 1160/652/1181 1147/653/1168 
f 1147/653/1168 1160/652/1181 1161/654/1182 
f 1147/655/1168 1163/656/1183 1162/657/1184 
f 1162/657/1184 1163/656/1183 1164/658/1185 
f 1163/656/1183 1165/659/1186 1164/658/1185 
f 1164/658/1185 1165/659/1186 1166/660/1187 
f 1165/659/1186 1167/661/1188 1166/660/1187 
f 1166/660/1187 1167/661/1188 1168/662/1189 
f 1152/663/1173 1166/660/1187 1168/662/1189 
f 1152/663/1173 1168/662/1189 1151/664/1172 
f 1151/665/1172 1168/666/1189 1169/667/1190 
f 1142/634/1163 1143/635/1165 1152/636/1173 
f 1152/636/1173 1143/635/1165 1162/637/1184 
f 1125/644/1145 1157/645/1178 1124/646/1146 
f 1124/646/1146 1157/645/1178 1170/636/1191 
f 1134/668/1154 1150/669/1171 1135/670/1156 
f 1135/670/1156 1150/669/1171 1171/671/1192 
f 1137/672/1158 1135/670/1156 1171/671/1192 
f 1137/672/1158 1171/671/1192 1158/673/1179 
f 1162/657/1184 1164/658/1185 1152/663/1173 
f 1152/663/1173 1164/658/1185 1166/660/1187 
f 1169/674/1190 1173/675/1193 1172/676/1194 
f 1172/676/1194 1173/675/1193 1174/677/1195 
f 1173/675/1193 1175/678/1196 1174/677/1195 
f 1174/677/1195 1175/678/1196 1176/679/1197 
f 1150/680/1171 1177/681/1198 1171/682/1192 
f 1171/682/1192 1177/681/1198 1178/683/1199 
f 1158/684/1179 1171/682/1192 1178/683/1199 
f 1158/684/1179 1178/683/1199 1179/685/1200 
f 1180/686/1201 1182/687/1202 1181/688/1203 
f 1181/688/1203 1182/687/1202 1183/689/1204 
f 1184/690/1205 1181/688/1203 1183/689/1204 
f 1160/691/1181 1185/692/1206 1161/693/1182 
f 1161/693/1182 1185/692/1206 1186/694/1207 
f 1185/692/1206 1187/695/1208 1186/694/1207 
f 1186/694/1207 1187/695/1208 1188/696/1209 
f 1158/697/1179 1179/698/1200 1159/699/1180 
f 1159/699/1180 1179/698/1200 1189/700/1210 
f 1179/698/1200 1190/701/1211 1189/700/1210 
f 1189/700/1210 1190/701/1211 1191/702/1212 
f 1190/701/1211 1184/703/1205 1191/702/1212 
f 1191/702/1212 1184/703/1205 1192/704/1213 
f 1184/703/1205 1183/705/1204 1192/704/1213 
f 1192/704/1213 1183/705/1204 1193/706/1214 
f 1183/705/1204 1170/707/1191 1193/706/1214 
f 1193/706/1214 1170/707/1191 1157/708/1178 
f 1194/709/1215 1193/706/1214 1157/708/1178 
f 1194/709/1215 1157/708/1178 1156/710/1177 
f 1189/700/1210 1194/709/1215 1156/710/1177 
f 1189/700/1210 1156/710/1177 1159/699/1180 
f 1195/711/1216 1196/712/1217 1174/713/1195 
f 1174/713/1195 1196/712/1217 1177/714/1198 
f 1196/715/1217 1180/716/1201 1197/717/1218 
f 1197/717/1218 1180/716/1201 1181/718/1203 
f 1190/719/1211 1197/717/1218 1181/718/1203 
f 1190/719/1211 1181/718/1203 1184/720/1205 
f 1198/721/1219 1199/722/1220 1195/723/1216 
f 1195/723/1216 1199/722/1220 1200/724/1221 
f 1177/725/1198 1196/726/1217 1178/727/1199 
f 1178/727/1199 1196/726/1217 1197/728/1218 
f 1179/729/1200 1178/727/1199 1197/728/1218 
f 1179/729/1200 1197/728/1218 1190/730/1211 
f 1186/731/1207 1188/732/1209 1201/733/1222 
f 1201/733/1222 1188/732/1209 1202/734/1223 
f 1187/735/1208 1185/736/1206 1199/737/1220 
f 1199/737/1220 1185/736/1206 1200/738/1221 
f 1165/739/1186 1201/740/1222 1167/741/1188 
f 1167/741/1188 1201/740/1222 1203/742/1224 
f 1182/743/1202 1154/744/1175 1183/745/1204 
f 1183/745/1204 1154/744/1175 1170/746/1191 
f 1187/747/1208 1204/748/1225 1188/749/1209 
f 1188/749/1209 1204/748/1225 1205/750/1226 
f 1176/747/1197 1206/748/1227 1198/749/1219 
f 1198/749/1219 1206/748/1227 1207/750/1228 
f 1199/747/1220 1208/748/1229 1187/749/1208 
f 1187/749/1208 1208/748/1229 1204/750/1225 
f 1150/751/1171 1149/752/1170 1172/753/1194 
f 1200/754/1221 1185/755/1206 1180/756/1201 
f 1180/756/1201 1185/755/1206 1182/757/1202 
f 1176/758/1197 1198/759/1219 1174/760/1195 
f 1174/760/1195 1198/759/1219 1195/761/1216 
f 1154/762/1175 1182/763/1202 1160/764/1181 
f 1160/764/1181 1182/763/1202 1185/765/1206 
f 1198/747/1219 1207/748/1228 1199/749/1220 
f 1199/749/1220 1207/748/1228 1208/750/1229 
f 1188/747/1209 1205/748/1226 1202/749/1223 
f 1202/749/1223 1205/748/1226 1209/750/1230 
f 1210/766/1231 1211/767/1232 1206/768/1227 
f 1206/768/1227 1211/767/1232 1207/769/1228 
f 1204/770/1225 1212/771/1233 1205/772/1226 
f 1205/772/1226 1212/771/1233 1213/773/1234 
f 1214/774/1235 1216/775/1236 1215/776/1237 
f 1215/776/1237 1216/775/1236 1217/777/1238 
f 1218/747/1239 1214/748/1235 1175/749/1196 
f 1175/749/1196 1214/748/1235 1215/750/1237 
f 1208/770/1229 1211/771/1232 1204/772/1225 
f 1204/772/1225 1211/771/1232 1212/773/1233 
f 1148/751/1169 1154/752/1175 1160/753/1181 
f 1147/651/1168 1161/778/1182 1163/653/1183 
f 1209/779/1230 1216/780/1236 1214/781/1235 
f 1207/782/1228 1211/783/1232 1208/784/1229 
f 1219/612/1240 1221/611/1241 1220/613/1242 
f 1220/613/1242 1221/611/1241 1222/614/1243 
f 1223/625/1244 1225/626/1245 1224/613/1246 
f 1224/613/1246 1225/626/1245 1226/627/1247 
f 1227/620/1248 1229/619/1249 1228/621/1250 
f 1228/621/1250 1229/619/1249 1230/622/1251 
f 1226/617/1247 1225/616/1245 1227/615/1248 
f 1228/618/1250 1226/617/1247 1227/615/1248 
f 1232/631/1252 1231/632/1253 1233/628/1254 
f 1234/614/1255 1232/631/1252 1233/628/1254 
f 1236/633/1256 1235/632/1257 1237/628/1258 
f 1238/614/1259 1236/633/1256 1237/628/1258 
f 1221/635/1241 1219/634/1240 1239/636/1260 
f 1240/637/1261 1221/635/1241 1239/636/1260 
f 1242/639/1262 1241/638/1263 1233/640/1254 
f 1231/641/1253 1242/639/1262 1233/640/1254 
f 1235/635/1257 1243/634/1264 1244/636/1265 
f 1245/637/1266 1235/635/1257 1244/636/1265 
f 1219/635/1240 1237/634/1258 1246/636/1267 
f 1239/637/1260 1219/635/1240 1246/636/1267 
f 1223/785/1244 1247/786/1268 1248/787/1269 
f 1225/788/1245 1223/785/1244 1248/787/1269 
f 1249/789/1270 1251/790/1271 1250/791/1272 
f 1250/791/1272 1251/790/1271 1252/792/1273 
f 1243/632/1264 1235/628/1257 1253/633/1274 
f 1253/633/1274 1235/628/1257 1236/614/1256 
f 1221/634/1241 1240/636/1261 1223/635/1244 
f 1223/635/1244 1240/636/1261 1247/637/1268 
f 1235/634/1257 1245/636/1266 1237/635/1258 
f 1237/635/1258 1245/636/1266 1246/637/1267 
f 1227/644/1248 1225/646/1245 1254/645/1275 
f 1254/645/1275 1225/646/1245 1248/636/1269 
f 1249/644/1270 1229/646/1249 1255/645/1276 
f 1255/645/1276 1229/646/1249 1256/636/1277 
f 1231/668/1253 1257/670/1278 1242/669/1262 
f 1242/669/1262 1257/670/1278 1258/671/1279 
f 1257/670/1278 1251/672/1271 1258/671/1279 
f 1258/671/1279 1251/672/1271 1259/673/1280 
f 1244/793/1265 1241/794/1263 1260/795/1281 
f 1260/795/1281 1241/794/1263 1261/796/1282 
f 1262/797/1283 1261/798/1282 1263/799/1284 
f 1263/799/1284 1261/798/1282 1242/800/1262 
f 1238/633/1259 1237/632/1258 1220/614/1242 
f 1220/614/1242 1237/632/1258 1219/628/1240 
f 1259/647/1280 1251/649/1271 1255/648/1276 
f 1255/648/1276 1251/649/1271 1249/650/1270 
f 1260/801/1281 1261/802/1282 1264/803/1285 
f 1264/803/1285 1261/802/1282 1262/804/1283 
f 1265/805/1286 1264/803/1285 1262/804/1283 
f 1265/805/1286 1262/804/1283 1266/806/1287 
f 1267/656/1288 1269/658/1289 1268/659/1290 
f 1268/659/1290 1269/658/1289 1270/660/1291 
f 1271/661/1292 1268/659/1290 1270/660/1291 
f 1271/661/1292 1270/660/1291 1272/662/1293 
f 1242/680/1262 1258/682/1279 1263/681/1284 
f 1263/681/1284 1258/682/1279 1273/683/1294 
f 1258/682/1279 1259/684/1280 1273/683/1294 
f 1273/683/1294 1259/684/1280 1274/685/1295 
f 1263/725/1284 1273/727/1294 1275/726/1296 
f 1275/726/1296 1273/727/1294 1276/728/1297 
f 1273/727/1294 1274/729/1295 1276/728/1297 
f 1276/728/1297 1274/729/1295 1277/730/1298 
f 1278/711/1299 1262/713/1283 1275/712/1296 
f 1275/712/1296 1262/713/1283 1263/714/1284 
f 1279/747/1300 1281/749/1301 1280/748/1302 
f 1280/748/1302 1281/749/1301 1282/750/1303 
f 1283/747/1304 1279/749/1300 1284/748/1305 
f 1284/748/1305 1279/749/1300 1280/750/1302 
f 1280/770/1302 1282/772/1303 1285/771/1306 
f 1285/771/1306 1282/772/1303 1286/773/1307 
f 1287/766/1308 1289/768/1309 1288/767/1310 
f 1288/767/1310 1289/768/1309 1290/769/1311 
f 1291/774/1312 1293/776/1313 1292/775/1314 
f 1292/775/1314 1293/776/1313 1294/777/1315 
f 1295/607/1316 1118/607/1139 1296/607/1317 
f 1296/607/1317 1118/607/1139 1297/607/1318 
f 1118/607/1139 1097/607/1118 1297/607/1318 
f 1297/607/1318 1097/607/1118 1298/607/1319 
f 1298/607/1319 1299/607/1320 1297/607/1318 
f 1297/607/1318 1299/607/1320 1296/607/1317 
f 1295/607/1316 1296/607/1317 1299/607/1320 
f 1295/607/1316 1299/607/1320 1300/607/1321 
f 1301/607/1322 1295/607/1316 1300/607/1321 
f 1301/607/1322 1300/607/1321 1302/607/1323 
f 1303/607/1324 1301/607/1322 1302/607/1323 
f 1303/607/1324 1302/607/1323 1304/607/1325 
f 1080/607/1100 1303/607/1324 1304/607/1325 
f 1080/607/1100 1304/607/1325 1083/607/1104 
f 1298/607/1319 1083/607/1104 1304/607/1325 
f 1298/607/1319 1304/607/1325 1305/607/1326 
f 1304/607/1325 1302/607/1323 1305/607/1326 
f 1305/607/1326 1302/607/1323 1300/607/1321 
f 1300/607/1321 1299/607/1320 1305/607/1326 
f 1305/607/1326 1299/607/1320 1298/607/1319 
f 1306/608/1327 1308/608/1328 1307/608/1329 
f 1307/608/1329 1308/608/1328 1309/608/1330 
f 1309/608/1330 1310/608/1331 1307/608/1329 
f 1307/608/1329 1310/608/1331 1306/608/1327 
f 1084/607/1105 1083/607/1104 1311/607/1332 
f 1311/607/1332 1083/607/1104 1298/607/1319 
f 1298/607/1319 1097/607/1118 1311/607/1332 
f 1311/607/1332 1097/607/1118 1084/607/1105 
f 1105/607/1126 1312/607/1333 1113/607/1134 
f 1113/607/1134 1312/607/1333 1097/607/1118 
f 1098/607/1119 1097/607/1118 1312/607/1333 
f 1098/607/1119 1312/607/1333 1105/607/1126 
f 1210/807/1231 1217/808/1238 1313/809/1334 
f 1313/809/1334 1217/808/1238 1314/810/1335 
f 1217/808/1238 1216/811/1236 1314/810/1335 
f 1314/810/1335 1216/811/1236 1213/812/1234 
f 1315/813/1336 1314/810/1335 1213/812/1234 
f 1315/813/1336 1213/812/1234 1316/814/1337 
f 1213/812/1234 1212/815/1233 1316/814/1337 
f 1316/814/1337 1212/815/1233 1317/816/1338 
f 1212/815/1233 1211/817/1232 1317/816/1338 
f 1317/816/1338 1211/817/1232 1210/807/1231 
f 1318/818/1339 1317/816/1338 1210/807/1231 
f 1318/818/1339 1210/807/1231 1313/809/1334 
f 1272/666/1293 1244/665/1265 1260/667/1281 
f 1242/751/1262 1261/753/1282 1241/752/1263 
f 1247/752/1268 1240/751/1261 1319/753/1340 
f 1239/651/1260 1267/653/1288 1320/778/1341 
f 1161/651/1182 1186/652/1207 1163/819/1183 
f 1163/819/1183 1186/652/1207 1201/654/1222 
f 1165/820/1186 1163/819/1183 1201/654/1222 
f 1176/749/1197 1175/747/1196 1215/748/1237 
f 1206/750/1227 1176/749/1197 1215/748/1237 
f 1206/750/1227 1215/748/1237 1217/821/1238 
f 1210/822/1231 1206/750/1227 1217/821/1238 
f 1218/749/1239 1202/747/1223 1209/748/1230 
f 1214/750/1235 1218/749/1239 1209/748/1230 
f 1205/823/1226 1213/824/1234 1216/825/1236 
f 1209/826/1230 1205/823/1226 1216/825/1236 
f 1322/608/1342 1321/608/1343 1323/608/1344 
f 1323/608/1344 1094/608/1115 1322/608/1342 
f 1322/608/1342 1094/608/1115 1099/608/1120 
f 1321/608/1343 1322/608/1342 1099/608/1120 
f 1324/731/1345 1325/733/1346 1281/732/1301 
f 1281/732/1301 1325/733/1346 1326/734/1347 
f 1327/754/1348 1329/756/1349 1328/755/1350 
f 1328/755/1350 1329/756/1349 1330/757/1351 
f 1320/651/1341 1267/819/1288 1324/652/1345 
f 1324/652/1345 1267/819/1288 1268/820/1290 
f 1325/654/1346 1324/652/1345 1268/820/1290 
f 1330/763/1351 1247/762/1268 1319/764/1340 
f 1328/765/1350 1330/763/1351 1319/764/1340 
f 1293/748/1313 1265/747/1286 1266/749/1287 
f 1266/749/1287 1289/750/1309 1293/748/1313 
f 1293/748/1313 1289/750/1309 1294/821/1315 
f 1289/750/1309 1287/822/1308 1294/821/1315 
f 1290/748/1311 1331/747/1352 1283/749/1304 
f 1284/750/1305 1290/748/1311 1283/749/1304 
f 1291/748/1312 1332/747/1353 1265/749/1286 
f 1293/750/1313 1291/748/1312 1265/749/1286 
f 1333/748/1354 1326/747/1347 1332/749/1353 
f 1291/750/1312 1333/748/1354 1332/749/1353 
f 1266/758/1287 1262/760/1283 1331/759/1352 
f 1331/759/1352 1262/760/1283 1278/761/1299 
f 1330/743/1351 1334/745/1355 1247/744/1268 
f 1247/744/1268 1334/745/1355 1248/746/1269 
f 1266/747/1287 1331/749/1352 1289/748/1309 
f 1289/748/1309 1331/749/1352 1290/750/1311 
f 1281/747/1301 1326/749/1347 1282/748/1303 
f 1282/748/1303 1326/749/1347 1333/750/1354 
f 1284/770/1305 1280/772/1302 1288/771/1310 
f 1288/771/1310 1280/772/1302 1285/773/1306 
f 1286/824/1307 1282/823/1303 1292/825/1314 
f 1292/825/1314 1282/823/1303 1333/826/1354 
f 1153/642/1174 1336/827/1356 1335/828/1357 
f 1335/828/1357 1336/827/1356 1096/829/1117 
f 1096/829/1117 1323/830/1344 1335/828/1357 
f 1335/828/1357 1323/830/1344 1337/827/1358 
f 1323/830/1344 1321/831/1343 1337/827/1358 
f 1337/827/1358 1321/831/1343 1338/832/1359 
f 1321/831/1343 1099/833/1120 1338/832/1359 
f 1338/832/1359 1099/833/1120 1110/834/1131 
f 1339/835/1360 1338/832/1359 1110/834/1131 
f 1339/835/1360 1110/834/1131 1111/836/1132 
f 1111/836/1132 1340/837/1361 1339/835/1360 
f 1339/835/1360 1340/837/1361 1338/832/1359 
f 1111/836/1132 1119/838/1140 1340/837/1361 
f 1340/837/1361 1119/838/1140 1341/839/1362 
f 1119/838/1140 1118/840/1139 1341/839/1362 
f 1341/839/1362 1118/840/1139 1295/841/1316 
f 1342/842/1363 1341/839/1362 1295/841/1316 
f 1342/842/1363 1295/841/1316 1301/843/1322 
f 1343/844/1364 1342/842/1363 1301/843/1322 
f 1343/844/1364 1301/843/1322 1344/845/1365 
f 1345/846/1366 1343/844/1364 1344/845/1365 
f 1345/846/1366 1344/845/1365 1346/847/1367 
f 1347/848/1368 1345/846/1366 1346/847/1367 
f 1347/848/1368 1346/847/1367 1079/602/1101 
f 1079/602/1101 1348/849/1369 1347/848/1368 
f 1347/848/1368 1348/849/1369 1345/846/1366 
f 1113/850/1134 1107/851/1128 1106/852/1127 
f 1105/623/1126 1113/850/1134 1106/852/1127 
f 1323/607/1344 1096/607/1117 1095/607/1116 
f 1094/607/1115 1323/607/1344 1095/607/1116 
f 1120/611/1142 1146/612/1167 1155/613/1176 
f 1122/614/1143 1120/611/1142 1155/613/1176 
f 1129/789/1149 1131/791/1152 1137/790/1158 
f 1137/790/1158 1131/791/1152 1136/792/1157 
f 1134/632/1154 1132/631/1153 1138/628/1159 
f 1138/628/1159 1132/631/1153 1140/614/1160 
f 1144/853/1164 1141/854/1162 1145/855/1166 
f 1145/855/1166 1141/854/1162 1155/856/1176 
f 1122/857/1143 1155/856/1176 1141/854/1162 
f 1122/857/1143 1141/854/1162 1140/858/1160 
f 1123/859/1144 1122/857/1143 1140/858/1160 
f 1123/859/1144 1140/858/1160 1132/860/1153 
f 1132/860/1153 1133/861/1155 1123/859/1144 
f 1123/859/1144 1133/861/1155 1126/862/1147 
f 1133/861/1155 1136/863/1157 1126/862/1147 
f 1126/862/1147 1136/863/1157 1127/864/1148 
f 1136/863/1157 1131/865/1152 1127/864/1148 
f 1127/864/1148 1131/865/1152 1130/866/1151 
f 1138/634/1159 1139/635/1161 1149/636/1170 
f 1149/636/1170 1139/635/1161 1151/637/1172 
f 1143/634/1165 1146/635/1167 1162/636/1184 
f 1162/636/1184 1146/635/1167 1147/637/1168 
f 1154/786/1175 1121/785/1141 1170/787/1191 
f 1170/787/1191 1121/785/1141 1124/788/1146 
f 1221/612/1241 1223/611/1244 1222/613/1243 
f 1222/613/1243 1223/611/1244 1224/614/1246 
f 1229/620/1249 1249/619/1270 1230/621/1251 
f 1230/621/1251 1249/619/1270 1250/622/1272 
f 1232/614/1252 1349/629/1370 1231/628/1253 
f 1231/628/1253 1349/629/1370 1257/630/1278 
f 1349/629/1370 1252/631/1273 1257/630/1278 
f 1257/630/1278 1252/631/1273 1251/632/1271 
f 1233/632/1254 1243/628/1264 1234/633/1255 
f 1234/633/1255 1243/628/1264 1253/614/1274 
f 1350/607/1371 1344/607/1365 1301/607/1322 
f 1351/607/1372 1350/607/1371 1301/607/1322 
f 1351/607/1372 1301/607/1322 1303/607/1324 
f 1352/607/1373 1351/607/1372 1303/607/1324 
f 1352/607/1373 1303/607/1324 1080/607/1100 
f 1080/607/1100 1078/607/1099 1352/607/1373 
f 1352/607/1373 1078/607/1099 1351/607/1372 
f 1353/607/1374 1351/607/1372 1078/607/1099 
f 1353/607/1374 1078/607/1099 1079/607/1101 
f 1079/607/1101 1346/607/1367 1353/607/1374 
f 1353/607/1374 1346/607/1367 1351/607/1372 
f 1350/607/1371 1351/607/1372 1346/607/1367 
f 1350/607/1371 1346/607/1367 1344/607/1365 
f 1129/644/1149 1159/645/1180 1128/646/1150 
f 1128/646/1150 1159/645/1180 1156/636/1177 
f 1151/793/1172 1169/795/1190 1149/794/1170 
f 1149/794/1170 1169/795/1190 1172/796/1194 
f 1169/867/1190 1168/868/1189 1173/869/1193 
f 1173/869/1193 1168/868/1189 1167/870/1188 
f 1203/871/1224 1173/869/1193 1167/870/1188 
f 1191/702/1212 1192/704/1213 1193/706/1214 
f 1193/706/1214 1194/709/1215 1191/702/1212 
f 1191/702/1212 1194/709/1215 1189/700/1210 
f 1174/797/1195 1177/799/1198 1172/798/1194 
f 1172/798/1194 1177/799/1198 1150/800/1171 
f 1203/739/1224 1218/740/1239 1173/872/1193 
f 1173/872/1193 1218/740/1239 1175/873/1196 
f 1201/739/1222 1202/740/1223 1203/741/1224 
f 1203/741/1224 1202/740/1223 1218/742/1239 
f 1195/721/1216 1200/722/1221 1196/723/1217 
f 1196/723/1217 1200/722/1221 1180/724/1201 
f 1236/853/1256 1238/855/1259 1253/854/1274 
f 1253/854/1274 1238/855/1259 1220/856/1242 
f 1220/856/1242 1222/857/1243 1253/854/1274 
f 1253/854/1274 1222/857/1243 1234/858/1255 
f 1222/857/1243 1224/859/1246 1234/858/1255 
f 1234/858/1255 1224/859/1246 1232/860/1252 
f 1349/861/1370 1232/860/1252 1224/859/1246 
f 1349/861/1370 1224/859/1246 1226/862/1247 
f 1252/863/1273 1349/861/1370 1226/862/1247 
f 1252/863/1273 1226/862/1247 1228/864/1250 
f 1250/865/1272 1252/863/1273 1228/864/1250 
f 1250/865/1272 1228/864/1250 1230/866/1251 
f 1233/634/1254 1241/636/1263 1243/635/1264 
f 1243/635/1264 1241/636/1263 1244/637/1265 
f 1229/644/1249 1227/646/1248 1256/645/1277 
f 1256/645/1277 1227/646/1248 1254/636/1275 
f 1240/651/1261 1239/653/1260 1319/652/1340 
f 1319/652/1340 1239/653/1260 1320/654/1341 
f 1319/874/1340 1320/875/1341 1328/876/1350 
f 1328/876/1350 1320/875/1341 1324/877/1345 
f 1279/878/1300 1328/876/1350 1324/877/1345 
f 1279/878/1300 1324/877/1345 1281/879/1301 
f 1088/607/1109 1308/607/1328 1153/607/1174 
f 1153/607/1174 1308/607/1328 1336/607/1356 
f 1308/607/1328 1306/607/1327 1336/607/1356 
f 1336/607/1356 1306/607/1327 1096/607/1117 
f 1306/607/1327 1310/607/1331 1096/607/1117 
f 1096/607/1117 1310/607/1331 1089/607/1111 
f 1088/607/1109 1089/607/1111 1310/607/1331 
f 1088/607/1109 1310/607/1331 1309/607/1330 
f 1308/607/1328 1088/607/1109 1309/607/1330 
f 1239/655/1260 1246/657/1267 1267/656/1288 
f 1267/656/1288 1246/657/1267 1269/658/1289 
f 1246/657/1267 1245/663/1266 1269/658/1289 
f 1269/658/1289 1245/663/1266 1270/660/1291 
f 1272/662/1293 1270/660/1291 1245/663/1266 
f 1272/662/1293 1245/663/1266 1244/664/1265 
f 1260/867/1281 1264/869/1285 1272/868/1293 
f 1272/868/1293 1264/869/1285 1354/871/1375 
f 1271/870/1292 1272/868/1293 1354/871/1375 
f 1356/706/1376 1355/704/1377 1357/702/1378 
f 1358/709/1379 1356/706/1376 1357/702/1378 
f 1358/709/1379 1357/702/1378 1359/700/1380 
f 1354/739/1375 1264/872/1285 1332/740/1353 
f 1332/740/1353 1264/872/1285 1265/873/1286 
f 1325/739/1346 1354/741/1375 1326/740/1347 
f 1326/740/1347 1354/741/1375 1332/742/1353 
f 1278/721/1299 1275/723/1296 1327/722/1348 
f 1327/722/1348 1275/723/1296 1329/724/1349 
f 1331/721/1352 1278/723/1299 1283/722/1304 
f 1283/722/1304 1278/723/1299 1327/724/1348 
f 1259/697/1280 1255/699/1276 1274/698/1295 
f 1274/698/1295 1255/699/1276 1359/700/1380 
f 1255/699/1276 1256/710/1277 1359/700/1380 
f 1359/700/1380 1256/710/1277 1358/709/1379 
f 1256/710/1277 1254/708/1275 1358/709/1379 
f 1358/709/1379 1254/708/1275 1356/706/1376 
f 1254/708/1275 1248/707/1269 1356/706/1376 
f 1356/706/1376 1248/707/1269 1334/705/1355 
f 1355/704/1377 1356/706/1376 1334/705/1355 
f 1355/704/1377 1334/705/1355 1360/703/1381 
f 1357/702/1378 1355/704/1377 1360/703/1381 
f 1357/702/1378 1360/703/1381 1277/701/1298 
f 1359/700/1380 1357/702/1378 1277/701/1298 
f 1359/700/1380 1277/701/1298 1274/698/1295 
f 1329/686/1349 1361/688/1382 1330/687/1351 
f 1330/687/1351 1361/688/1382 1334/689/1355 
f 1361/688/1382 1360/690/1381 1334/689/1355 
f 1329/716/1349 1275/715/1296 1276/717/1297 
f 1361/718/1382 1329/716/1349 1276/717/1297 
f 1361/718/1382 1276/717/1297 1277/719/1298 
f 1360/720/1381 1361/718/1382 1277/719/1298 
f 1328/736/1350 1279/735/1300 1283/737/1304 
f 1327/738/1348 1328/736/1350 1283/737/1304 
f 1325/740/1346 1268/739/1290 1271/741/1292 
f 1354/742/1375 1325/740/1346 1271/741/1292 
f 1287/807/1308 1362/809/1383 1294/808/1315 
f 1294/808/1315 1362/809/1383 1363/810/1384 
f 1292/811/1314 1294/808/1315 1363/810/1384 
f 1292/811/1314 1363/810/1384 1286/812/1307 
f 1363/810/1384 1364/813/1385 1286/812/1307 
f 1286/812/1307 1364/813/1385 1365/814/1386 
f 1285/815/1306 1286/812/1307 1365/814/1386 
f 1285/815/1306 1365/814/1386 1366/816/1387 
f 1288/817/1310 1285/815/1306 1366/816/1387 
f 1288/817/1310 1366/816/1387 1287/807/1308 
f 1366/816/1387 1367/818/1388 1287/807/1308 
f 1287/807/1308 1367/818/1388 1362/809/1383 
f 1292/780/1314 1333/779/1354 1291/781/1312 
f 1290/782/1311 1284/784/1305 1288/783/1310 
f 1368/880/1389 1370/881/1390 1369/882/1391 
f 1369/882/1391 1370/881/1390 1371/883/1392 
f 1372/880/1393 1369/882/1391 1371/883/1392 
f 1372/880/1393 1371/883/1392 1373/881/1394 
f 1371/883/1392 1374/884/1395 1373/881/1394 
f 1373/881/1394 1374/884/1395 1375/885/1396 
f 1376/886/1397 1375/885/1396 1374/884/1395 
f 1376/886/1397 1374/884/1395 1377/887/1398 
f 1378/886/1399 1377/887/1398 1374/884/1395 
f 1378/886/1399 1374/884/1395 1379/885/1400 
f 1370/881/1390 1379/885/1400 1374/884/1395 
f 1370/881/1390 1374/884/1395 1371/883/1392 
f 1381/888/1401 1380/889/1402 1376/886/1397 
f 1381/888/1401 1376/886/1397 1377/887/1398 
f 1377/887/1398 1378/886/1399 1381/888/1401 
f 1381/888/1401 1378/886/1399 1382/889/1403 
f 1460/389/1404 1459/389/1404 1383/389/1404 
f 1460/389/1404 1383/389/1404 1459/389/1404 
f 1384/890/1405 1386/890/1406 1385/890/1407 
f 1385/890/1407 1386/890/1406 1387/890/1408 
f 1386/890/1406 1388/890/1409 1387/890/1408 
f 1387/890/1408 1388/890/1409 1389/890/1410 
f 1388/890/1409 1390/890/1411 1389/890/1410 
f 1389/890/1410 1390/890/1411 1391/890/1412 
f 1390/890/1411 1392/890/1413 1391/890/1412 
f 1391/890/1412 1392/890/1413 1393/890/1414 
f 1394/890/1415 1393/890/1414 1392/890/1413 
f 1394/890/1415 1392/890/1413 1395/890/1416 
f 1395/890/1416 1396/890/1417 1394/890/1415 
f 1394/890/1415 1396/890/1417 1397/890/1418 
f 1398/890/1419 1397/890/1418 1396/890/1417 
f 1398/890/1419 1396/890/1417 1399/890/1420 
f 1400/890/1421 1398/890/1419 1399/890/1420 
f 1400/890/1421 1399/890/1420 1401/890/1422 
f 1402/890/1423 1400/890/1421 1401/890/1422 
f 1402/890/1423 1401/890/1422 1403/890/1424 
f 1404/890/1425 1402/890/1423 1403/890/1424 
f 1404/890/1425 1403/890/1424 1405/890/1426 
f 1406/886/1427 1408/884/1428 1407/885/1429 
f 1407/885/1429 1408/884/1428 1409/881/1430 
f 1410/883/1431 1409/881/1430 1408/884/1428 
f 1410/883/1431 1408/884/1428 1411/881/1432 
f 1412/885/1433 1411/881/1432 1408/884/1428 
f 1412/885/1433 1408/884/1428 1413/886/1434 
f 1413/886/1434 1378/891/1399 1412/885/1433 
f 1412/885/1433 1378/891/1399 1379/892/1400 
f 1379/892/1400 1370/893/1390 1412/885/1433 
f 1412/885/1433 1370/893/1390 1411/881/1432 
f 1415/894/1435 1414/895/1436 1416/896/1437 
f 1417/897/1438 1415/894/1435 1416/896/1437 
f 1414/898/1436 1415/898/1435 1418/898/1439 
f 1418/898/1439 1415/898/1435 1419/898/1440 
f 1418/898/1439 1420/898/1441 1414/898/1436 
f 1414/898/1436 1420/898/1441 1421/898/1442 
f 1422/898/1443 1424/898/1444 1423/898/1445 
f 1423/898/1445 1424/898/1444 1425/898/1446 
f 1426/895/1447 1425/894/1446 1427/896/1448 
f 1427/896/1448 1425/894/1446 1428/897/1449 
f 1391/890/1412 1393/899/1414 1429/900/1450 
f 1429/900/1450 1393/899/1414 1430/901/1451 
f 1431/900/1452 1430/901/1451 1393/899/1414 
f 1431/900/1452 1393/899/1414 1394/890/1415 
f 1394/890/1415 1397/899/1418 1431/900/1452 
f 1431/900/1452 1397/899/1418 1432/901/1453 
f 1433/900/1454 1432/901/1453 1397/899/1418 
f 1433/900/1454 1397/899/1418 1398/890/1419 
f 1389/899/1410 1434/901/1455 1387/890/1408 
f 1387/890/1408 1434/901/1455 1435/900/1456 
f 1436/895/1457 1438/896/1458 1437/894/1459 
f 1437/894/1459 1438/896/1458 1439/897/1460 
f 1439/897/1460 1440/896/1461 1437/894/1459 
f 1437/894/1459 1440/896/1461 1441/895/1462 
f 1440/897/1461 1442/896/1463 1441/894/1462 
f 1441/894/1462 1442/896/1463 1424/895/1444 
f 1434/900/1455 1389/890/1410 1429/901/1450 
f 1429/901/1450 1389/890/1410 1391/899/1412 
f 1398/899/1419 1400/890/1421 1433/901/1454 
f 1433/901/1454 1400/890/1421 1443/900/1464 
f 1444/900/1465 1443/901/1464 1402/890/1423 
f 1402/890/1423 1443/901/1464 1400/899/1421 
f 1368/902/1389 1445/880/1466 1370/893/1390 
f 1370/893/1390 1445/880/1466 1411/881/1432 
f 1445/880/1466 1446/882/1467 1411/881/1432 
f 1411/881/1432 1446/882/1467 1410/883/1431 
f 1446/882/1467 1447/880/1468 1410/883/1431 
f 1410/883/1431 1447/880/1468 1409/881/1430 
f 1447/880/1468 1372/902/1393 1409/881/1430 
f 1409/881/1430 1372/902/1393 1373/893/1394 
f 1373/893/1394 1375/892/1396 1409/881/1430 
f 1409/881/1430 1375/892/1396 1407/885/1429 
f 1406/886/1427 1407/885/1429 1375/892/1396 
f 1406/886/1427 1375/892/1396 1376/891/1397 
f 1376/891/1397 1380/903/1402 1406/886/1427 
f 1406/886/1427 1380/903/1402 1448/889/1469 
f 1449/888/1470 1448/889/1469 1380/903/1402 
f 1449/888/1470 1380/903/1402 1381/904/1401 
f 1381/904/1401 1382/903/1403 1449/888/1470 
f 1449/888/1470 1382/903/1403 1450/889/1471 
f 1382/903/1403 1378/891/1399 1450/889/1471 
f 1450/889/1471 1378/891/1399 1413/886/1434 
f 1449/888/1470 1450/889/1471 1413/886/1434 
f 1449/888/1470 1413/886/1434 1451/887/1472 
f 1413/886/1434 1408/884/1428 1451/887/1472 
f 1451/887/1472 1408/884/1428 1406/886/1427 
f 1449/888/1470 1451/887/1472 1406/886/1427 
f 1449/888/1470 1406/886/1427 1448/889/1469 
f 1415/895/1435 1417/896/1438 1436/894/1457 
f 1436/894/1457 1417/896/1438 1438/897/1458 
f 1415/898/1435 1436/898/1457 1419/898/1440 
f 1419/898/1440 1436/898/1457 1452/898/1473 
f 1436/898/1457 1437/898/1459 1452/898/1473 
f 1452/898/1473 1437/898/1459 1453/898/1474 
f 1454/898/1475 1453/898/1474 1437/898/1459 
f 1454/898/1475 1437/898/1459 1441/898/1462 
f 1416/897/1437 1414/894/1436 1455/896/1476 
f 1455/896/1476 1414/894/1436 1421/895/1442 
f 1442/897/1463 1428/896/1449 1424/894/1444 
f 1424/894/1444 1428/896/1449 1425/895/1446 
f 1454/898/1475 1441/898/1462 1422/898/1443 
f 1422/898/1443 1441/898/1462 1424/898/1444 
f 1426/898/1447 1456/898/1477 1425/898/1446 
f 1425/898/1446 1456/898/1477 1423/898/1445 
f 1457/900/1478 1385/890/1407 1435/901/1456 
f 1435/901/1456 1385/890/1407 1387/899/1408 
f 1402/899/1423 1404/890/1425 1444/901/1465 
f 1444/901/1465 1404/890/1425 1458/900/1479 
f 1461/905/1480 1463/905/1481 1462/905/1482 
f 1462/905/1482 1463/905/1481 1464/905/1483 
f 1464/905/1483 1465/905/1484 1462/905/1482 
f 1462/905/1482 1465/905/1484 1466/905/1485 
f 1466/905/1485 1467/905/1486 1462/905/1482 
f 1462/905/1482 1467/905/1486 1461/905/1480 
f 1468/905/1487 1470/905/1488 1469/905/1489 
f 1469/905/1489 1470/905/1488 1471/905/1490 
f 1472/905/1491 1469/905/1489 1471/905/1490 
f 1472/905/1491 1471/905/1490 1473/905/1492 
f 1473/905/1492 1474/905/1493 1472/905/1491 
f 1472/905/1491 1474/905/1493 1475/905/1494 
f 1475/905/1494 1476/905/1495 1472/905/1491 
f 1472/905/1491 1476/905/1495 1477/905/1496 
f 1477/905/1496 1478/905/1497 1472/905/1491 
f 1472/905/1491 1478/905/1497 1469/905/1489 
f 1478/905/1497 1468/905/1487 1469/905/1489 
f 1479/905/1498 1481/905/1499 1480/905/1500 
f 1480/905/1500 1481/905/1499 1482/905/1501 
f 1483/905/1502 1480/905/1500 1482/905/1501 
f 1483/905/1502 1482/905/1501 1484/905/1503 
f 1487/906/1504 1485/906/1505 1486/906/1506 
f 1487/906/1504 1486/906/1506 1473/907/1492 
f 1473/907/1492 1518/907/1507 1487/906/1504 
f 1487/906/1504 1518/907/1507 1512/908/1508 
f 1466/909/1485 1488/910/1509 1513/910/1510 
f 1513/910/1510 1488/910/1509 1516/907/1511 
f 1488/910/1509 1489/911/1512 1516/907/1511 
f 1516/907/1511 1489/911/1512 1483/907/1502 
f 1489/911/1512 1490/910/1513 1483/907/1502 
f 1483/907/1502 1490/910/1513 1480/912/1500 
f 1490/910/1513 1491/910/1514 1480/912/1500 
f 1480/912/1500 1491/910/1514 1479/912/1498 
f 1491/910/1514 1492/913/1515 1479/912/1498 
f 1509/910/1516 1464/909/1483 1513/910/1510 
f 1513/910/1510 1464/909/1483 1466/909/1485 
f 1464/909/1483 1463/914/1481 1466/909/1485 
f 1466/909/1485 1463/914/1481 1467/914/1486 
f 1463/914/1481 1461/915/1480 1467/914/1486 
f 1493/915/1517 1494/914/1518 1495/914/1519 
f 1496/909/1520 1495/914/1519 1494/914/1518 
f 1496/909/1520 1494/914/1518 1497/909/1521 
f 1517/905/1522 1497/905/1521 1498/905/1523 
f 1498/905/1523 1497/905/1521 1499/905/1524 
f 1500/905/1525 1499/905/1524 1497/905/1521 
f 1500/905/1525 1497/905/1521 1494/905/1518 
f 1494/905/1518 1493/905/1517 1500/905/1525 
f 1500/905/1525 1493/905/1517 1495/905/1519 
f 1495/905/1519 1496/905/1520 1500/905/1525 
f 1500/905/1525 1496/905/1520 1499/905/1524 
f 1498/905/1523 1499/905/1524 1496/905/1520 
f 1498/905/1523 1496/905/1520 1501/905/1526 
f 1501/905/1526 1476/905/1495 1498/905/1523 
f 1498/905/1523 1476/905/1495 1475/905/1494 
f 1517/905/1522 1498/905/1523 1475/905/1494 
f 1517/905/1522 1475/905/1494 1514/905/1527 
f 1512/905/1508 1514/905/1527 1475/905/1494 
f 1512/905/1508 1475/905/1494 1502/905/1528 
f 1487/905/1504 1512/905/1508 1502/905/1528 
f 1487/905/1504 1502/905/1528 1485/905/1505 
f 1486/905/1506 1485/905/1505 1502/905/1528 
f 1486/905/1506 1502/905/1528 1473/905/1492 
f 1502/905/1528 1475/905/1494 1473/905/1492 
f 1473/905/1492 1475/905/1494 1474/905/1493 
f 1505/906/1529 1503/906/1530 1504/906/1531 
f 1505/906/1529 1504/906/1531 1483/907/1502 
f 1516/907/1511 1483/907/1502 1504/906/1531 
f 1516/907/1511 1504/906/1531 1508/908/1532 
f 1517/910/1522 1515/910/1533 1497/909/1521 
f 1497/909/1521 1515/910/1533 1496/909/1520 
f 1501/910/1526 1496/909/1520 1515/910/1533 
f 1501/910/1526 1515/910/1533 1518/907/1507 
f 1476/911/1495 1501/910/1526 1518/907/1507 
f 1476/911/1495 1518/907/1507 1473/907/1492 
f 1477/910/1496 1476/911/1495 1473/907/1492 
f 1477/910/1496 1473/907/1492 1471/912/1490 
f 1478/910/1497 1477/910/1496 1471/912/1490 
f 1478/910/1497 1471/912/1490 1470/912/1488 
f 1468/913/1487 1478/910/1497 1470/912/1488 
f 1509/905/1516 1506/905/1534 1464/905/1483 
f 1464/905/1483 1506/905/1534 1465/905/1484 
f 1466/905/1485 1465/905/1484 1506/905/1534 
f 1466/905/1485 1506/905/1534 1488/905/1509 
f 1489/905/1512 1488/905/1509 1506/905/1534 
f 1489/905/1512 1506/905/1534 1511/905/1535 
f 1506/905/1534 1509/905/1516 1511/905/1535 
f 1511/905/1535 1509/905/1516 1510/905/1536 
f 1510/905/1536 1508/905/1532 1511/905/1535 
f 1511/905/1535 1508/905/1532 1507/905/1537 
f 1508/905/1532 1504/905/1531 1507/905/1537 
f 1507/905/1537 1504/905/1531 1503/905/1530 
f 1503/905/1530 1505/905/1529 1507/905/1537 
f 1507/905/1537 1505/905/1529 1483/905/1502 
f 1511/905/1535 1507/905/1537 1483/905/1502 
f 1511/905/1535 1483/905/1502 1484/905/1503 
f 1484/905/1503 1482/905/1501 1511/905/1535 
f 1511/905/1535 1482/905/1501 1489/905/1512 
f 1490/905/1513 1489/905/1512 1482/905/1501 
f 1490/905/1513 1482/905/1501 1491/905/1514 
f 1482/905/1501 1481/905/1499 1491/905/1514 
f 1491/905/1514 1481/905/1499 1492/905/1515 
f 1479/905/1498 1492/905/1515 1481/905/1499 
# 0 polygons - 2678 triangles

